;FLAVOR:Marlin
;TIME:2632
;Filament used: 0m, 10.2157m
;Layer height: 0.5
;MINX:24.532
;MINY:33.769
;MINZ:0.5
;MAXX:149.524
;MAXY:115.759
;MAXZ:7
;TARGET_MACHINE.NAME:Unknown
;Generated with Cura_SteamEngine 5.13.0
T1
M104 S250
M105
M109 S250
G21 ; set units to millimeters
G90 ; use absolute coordinates
G28 ; home all axes
G1 Z5 F5000 ; lift nozzle
M106 S255 ; fan on full
M82 ;absolute extrusion mode
G92 E0
G92 E0
G1 F2400 E-15
;LAYER_COUNT:10
;LAYER:-4
M106 S255
G0 F600 X32.406 Y45.368 Z0.5
;TYPE:SUPPORT-INTERFACE
G1 F900 E3.00173
G1 F600 X33.499 Y44.629 E3.55026
G1 X34.592 Y43.999 E4.07476
G1 X35.59 Y43.506 E4.53755
G1 X36.58 Y43.084 E4.98497
G1 X37.789 Y42.654 E5.51846
G1 X38.911 Y42.337 E6.0032
G1 X40.11 Y42.073 E6.51362
G1 X41.305 Y41.898 E7.01575
G1 X42.44 Y41.799 E7.48942
G1 X43.556 Y41.764 E7.95362
G1 X82.39 Y41.76 E24.09892
G1 X82.933 Y41.727 E24.32509
G1 X83.186 Y41.695 E24.43112
G1 X83.715 Y41.593 E24.6551
G1 X83.887 Y41.548 E24.72902
G1 X84.492 Y41.35 E24.99367
G1 X85.177 Y41.031 E25.30783
G1 X85.6 Y40.782 E25.5119
G1 X86.465 Y40.21 E25.94304
G1 X87.36 Y39.654 E26.3811
G1 X88.376 Y39.064 E26.86956
G1 X89.317 Y38.548 E27.31574
G1 X90.335 Y38.025 E27.79156
G1 X91.441 Y37.502 E28.3002
G1 X92.438 Y37.06 E28.75361
G1 X93.48 Y36.631 E29.22211
G1 X94.537 Y36.231 E29.69197
G1 X95.354 Y35.94 E30.05254
G1 X96.79 Y35.478 E30.6797
G1 X96.94 Y35.443 E30.74374
G1 X97.663 Y35.232 E31.05686
G1 X98.746 Y34.952 E31.52193
G1 X99.831 Y34.701 E31.98493
G1 X100.788 Y34.503 E32.39123
G1 X102.059 Y34.28 E32.92772
G1 X103.326 Y34.095 E33.46007
G1 X104.241 Y33.995 E33.84275
G1 X105.439 Y33.882 E34.34303
G1 X106.564 Y33.812 E34.81165
G1 X107.664 Y33.776 E35.26922
G1 X108.683 Y33.769 E35.69288
G1 X110.069 Y33.792 E36.2692
G1 X110.084 Y33.807 E36.27801
G1 X110.723 Y33.828 E36.54382
G1 X110.734 Y33.818 E36.55
G1 X112.084 Y33.921 E37.1129
G1 X113.143 Y34.026 E37.55534
G1 X114.346 Y34.179 E38.05952
G1 X115.147 Y34.299 E38.39625
G1 X116.51 Y34.55 E38.97245
G1 X117.217 Y34.699 E39.27284
G1 X117.227 Y34.691 E39.27817
G1 X118.658 Y35.038 E39.89035
G1 X119.378 Y35.228 E40.19994
G1 X120.805 Y35.651 E40.81873
G1 X121.907 Y36.014 E41.30111
G1 X122.635 Y36.274 E41.6225
G1 X122.646 Y36.267 E41.62792
G1 X123.94 Y36.775 E42.20587
G1 X124.987 Y37.213 E42.67772
G1 X126.021 Y37.685 E43.15028
G1 X127.001 Y38.161 E43.60323
G1 X127.99 Y38.679 E44.0674
G1 X129.151 Y39.334 E44.6216
G1 X129.874 Y39.762 E44.97091
G1 X130.899 Y40.407 E45.47441
G1 X131.743 Y40.971 E45.89644
G1 X132.785 Y41.715 E46.42875
G1 X133.612 Y42.336 E46.85872
G1 X134.534 Y43.071 E47.34894
G1 X135.338 Y43.746 E47.78538
G1 X136.157 Y44.471 E48.24013
G1 X136.947 Y45.214 E48.69101
G1 X137.952 Y46.219 E49.28192
G1 X138.587 Y46.885 E49.66449
G1 X139.336 Y47.712 E50.12837
G1 X140.026 Y48.524 E50.57139
G1 X140.734 Y49.396 E51.03837
G1 X141.409 Y50.278 E51.50013
G1 X142.066 Y51.185 E51.96575
G1 X142.679 Y52.079 E52.41642
G1 X143.328 Y53.083 E52.91345
G1 X143.766 Y53.804 E53.26418
G1 X144.424 Y54.96 E53.81719
G1 X144.959 Y55.959 E54.28834
G1 X145.491 Y57.027 E54.7844
G1 X145.888 Y57.879 E55.17519
G1 X146.361 Y58.966 E55.66804
G1 X146.786 Y60.028 E56.14361
G1 X147.185 Y61.106 E56.62151
G1 X147.528 Y62.121 E57.06694
G1 X147.884 Y63.271 E57.56744
G1 X148.16 Y64.263 E57.99553
G1 X148.442 Y65.397 E58.48135
G1 X148.669 Y66.422 E58.91782
G1 X148.852 Y67.343 E59.30822
G1 X149.066 Y68.643 E59.85597
G1 X149.255 Y70.088 E60.46184
G1 X149.344 Y70.894 E60.79898
G1 X149.456 Y72.223 E61.35347
G1 X149.445 Y72.234 E61.35994
G1 X149.492 Y73.109 E61.72424
G1 X149.524 Y74.238 E62.19382
G1 X149.524 Y75.333 E62.64906
G1 X149.457 Y77.226 E63.43658
G1 X149.34 Y78.661 E64.03516
G1 X149.227 Y79.709 E64.47339
G1 X149.051 Y80.972 E65.00356
G1 X148.879 Y82.003 E65.43812
G1 X148.664 Y83.125 E65.91308
G1 X148.446 Y84.109 E66.3321
G1 X148.14 Y85.325 E66.85342
G1 X147.868 Y86.314 E67.27986
G1 X147.521 Y87.43 E67.76575
G1 X147.173 Y88.449 E68.21343
G1 X146.882 Y89.236 E68.56228
G1 X146.889 Y89.247 E68.5677
G1 X146.369 Y90.542 E69.14788
G1 X145.927 Y91.557 E69.60814
G1 X145.462 Y92.558 E70.06702
G1 X144.939 Y93.609 E70.55509
G1 X144.445 Y94.535 E70.99143
G1 X143.853 Y95.565 E71.48535
G1 X143.298 Y96.488 E71.93312
G1 X142.761 Y97.328 E72.34761
G1 X142.058 Y98.355 E72.86504
G1 X141.37 Y99.302 E73.3517
G1 X140.738 Y100.129 E73.78443
G1 X140.004 Y101.034 E74.26888
G1 X139.274 Y101.882 E74.73408
G1 X138.508 Y102.73 E75.20917
G1 X137.767 Y103.501 E75.65376
G1 X136.892 Y104.365 E76.165
G1 X136.163 Y105.043 E76.5789
G1 X135.294 Y105.814 E77.06189
G1 X134.466 Y106.509 E77.51133
G1 X133.658 Y107.153 E77.9409
G1 X132.733 Y107.852 E78.42293
G1 X131.755 Y108.545 E78.92127
G1 X130.979 Y109.068 E79.31032
G1 X129.731 Y109.845 E79.92152
G1 X128.96 Y110.305 E80.29479
G1 X127.965 Y110.859 E80.76826
G1 X127.014 Y111.354 E81.21399
G1 X125.942 Y111.875 E81.70952
G1 X124.722 Y112.431 E82.26693
G1 X124.715 Y112.426 E82.27051
G1 X123.912 Y112.764 E82.63273
G1 X122.938 Y113.143 E83.06724
G1 X121.802 Y113.55 E83.56894
G1 X120.866 Y113.858 E83.97861
G1 X119.848 Y114.166 E84.42079
G1 X118.653 Y114.49 E84.93555
G1 X117.541 Y114.756 E85.41091
G1 X116.422 Y114.99 E85.8862
G1 X115.392 Y115.181 E86.32172
G1 X114.301 Y115.349 E86.78065
G1 X113.087 Y115.502 E87.28937
G1 X112.036 Y115.607 E87.7285
G1 X110.779 Y115.701 E88.25256
G1 X109.792 Y115.74 E88.66322
G1 X108.617 Y115.759 E89.1518
G1 X107.586 Y115.748 E89.58046
G1 X106.408 Y115.701 E90.07061
G1 X105.715 Y115.657 E90.3593
G1 X105.699 Y115.672 E90.36842
G1 X104.243 Y115.533 E90.97651
G1 X103.127 Y115.4 E91.44377
G1 X102.07 Y115.248 E91.88774
G1 X101.019 Y115.064 E92.33134
G1 X100.144 Y114.893 E92.702
G1 X98.829 Y114.592 E93.26286
G1 X97.664 Y114.291 E93.76311
G1 X96.609 Y113.986 E94.21969
G1 X95.483 Y113.631 E94.71054
G1 X94.447 Y113.261 E95.16791
G1 X93.359 Y112.846 E95.65204
G1 X92.315 Y112.412 E96.12209
G1 X91.406 Y112.011 E96.53515
G1 X90.356 Y111.514 E97.01812
G1 X89.393 Y111.016 E97.46886
G1 X88.362 Y110.451 E97.95764
G1 X87.436 Y109.918 E98.40185
G1 X86.463 Y109.309 E98.87908
G1 X85.554 Y108.717 E99.33007
G1 X84.878 Y108.342 E99.65147
G1 X84.28 Y108.097 E99.92015
G1 X83.639 Y107.917 E100.19695
G1 X83.441 Y107.872 E100.28137
G1 X82.855 Y107.79 E100.52737
G1 X82.324 Y107.764 E100.7484
G1 X43.591 Y107.764 E116.85171
G1 X42.426 Y107.729 E117.33628
G1 X41.195 Y107.615 E117.85026
G1 X39.895 Y107.413 E118.39722
G1 X39.248 Y107.262 E118.67344
G1 X39.046 Y107.223 E118.75898
G1 X38.688 Y107.131 E118.91265
G1 X37.847 Y106.887 E119.27672
G1 X37.835 Y106.896 E119.28295
G1 X36.491 Y106.41 E119.87713
G1 X35.482 Y105.97 E120.33478
G1 X34.427 Y105.437 E120.8262
G1 X33.484 Y104.885 E121.28048
G1 X33.244 Y104.733 E121.39859
G1 X32.25 Y104.046 E121.90094
G1 X31.3 Y103.301 E122.40287
G1 X30.387 Y102.48 E122.91335
G1 X29.641 Y101.726 E123.35433
G1 X29.445 Y101.512 E123.47498
G1 X28.869 Y100.841 E123.84264
G1 X28.123 Y99.87 E124.35172
G1 X27.371 Y98.752 E124.91189
G1 X26.837 Y97.825 E125.35666
G1 X26.273 Y96.705 E125.87801
G1 X25.782 Y95.533 E126.40631
G1 X25.403 Y94.448 E126.88413
G1 X25.08 Y93.289 E127.38434
G1 X24.841 Y92.169 E127.86047
G1 X24.662 Y90.975 E128.36243
G1 X24.567 Y89.857 E128.82891
G1 X24.532 Y88.752 E129.28855
G1 X24.532 Y60.822 E140.90049
G1 X24.563 Y59.656 E141.38543
G1 X24.677 Y58.429 E141.89775
G1 X24.883 Y57.126 E142.44621
G1 X25.07 Y56.274 E142.80886
G1 X25.146 Y55.97 E142.93914
G1 X25.382 Y55.16 E143.2899
G1 X25.374 Y55.148 E143.29589
G1 X25.859 Y53.797 E143.89267
G1 X26.323 Y52.717 E144.38137
G1 X26.967 Y51.463 E144.96745
G1 X27.572 Y50.459 E145.4548
G1 X28.149 Y49.606 E145.88295
G1 X28.896 Y48.653 E146.38637
G1 X29.71 Y47.726 E146.89927
G1 X30.688 Y46.767 E147.46874
G1 X31.454 Y46.099 E147.89129
G1 X32.406 Y45.368 E148.39031
G1 F2400 E133.39031
G0 F600 X33.07 Y46.126
G1 F900 E151.39203
G1 F600 X28.87 Y50.326 E153.86147
G1 F2400 E138.86147
G0 F600 X26.242 Y55.782
G1 F900 E156.8632
G1 F600 X38.545 Y43.479 E164.09689
G1 F2400 E149.09689
G0 F600 X42.013 Y42.84
G1 F900 E167.09862
G1 F600 X25.606 Y59.247 E176.74531
G1 F2400 E161.74531
G0 F600 X25.532 Y62.149
G1 F900 E179.74703
G1 F600 X44.918 Y42.764 E191.14496
G1 F2400 E176.14496
G0 F600 X47.746 Y42.764
G1 F900 E194.14669
G1 F600 X25.532 Y64.977 E207.20738
G1 F2400 E192.20738
G0 F600 X25.532 Y67.806
G1 F900 E210.2091
G1 F600 X50.575 Y42.763 E224.93343
G1 F2400 E209.93343
G0 F600 X53.404 Y42.762
G1 F900 E227.93516
G1 F600 X25.532 Y70.634 E244.32282
G1 F2400 E229.32282
G0 F600 X25.532 Y73.463
G1 F900 E247.32455
G1 F600 X56.233 Y42.762 E265.37556
G1 F2400 E250.37556
G0 F600 X59.062 Y42.762
G1 F900 E268.37729
G1 F600 X25.532 Y76.291 E288.09135
G1 F2400 E273.09135
G0 F600 X25.532 Y79.12
G1 F900 E291.09308
G1 F600 X61.89 Y42.762 E312.47019
G1 F2400 E297.47019
G0 F600 X64.719 Y42.761
G1 F900 E315.47192
G1 F600 X25.532 Y81.948 E338.51237
G1 F2400 E323.51237
G0 F600 X25.532 Y84.776
G1 F900 E341.5141
G1 F600 X67.548 Y42.761 E366.2176
G1 F2400 E351.2176
G0 F600 X70.377 Y42.76
G1 F900 E369.21933
G1 F600 X25.532 Y87.605 E395.58647
G1 F2400 E380.58647
G0 F600 X25.614 Y90.352
G1 F900 E398.5882
G1 F600 X73.206 Y42.759 E426.57076
G1 F2400 E411.57076
G0 F600 X76.034 Y42.759
G1 F900 E429.57249
G1 F600 X25.998 Y92.796 E458.99203
G1 F2400 E443.99203
G0 F600 X26.647 Y94.976
G1 F900 E461.99376
G1 F600 X78.864 Y42.759 E492.69536
G1 F2400 E477.69536
G0 F600 X81.692 Y42.759
G1 F900 E495.69708
G1 F600 X27.511 Y96.939 E527.55314
G1 F2400 E512.55314
G0 F600 X28.557 Y98.723
G1 F900 E530.55487
G1 F600 X85.117 Y42.163 E563.80998
G1 F2400 E548.80998
G0 F600 X91.553 Y38.555
G1 F900 E566.81171
G1 F600 X29.763 Y100.345 E603.14186
G1 F2400 E588.14186
G0 F600 X31.13 Y101.806
G1 F900 E606.14359
G1 F600 X96.227 Y36.709 E644.41813
G1 F2400 E629.41813
G0 F600 X100.097 Y35.667
G1 F900 E647.41986
G1 F600 X32.664 Y103.1 E687.06788
G1 F2400 E672.06788
G0 F600 X34.355 Y104.237
G1 F900 E690.0696
G1 F600 X103.513 Y35.08 E730.73156
G1 F2400 E715.73156
G0 F600 X106.61 Y34.811
G1 F900 E733.73329
G1 F600 X36.22 Y105.201 E775.11991
G1 F2400 E760.11991
G0 F600 X38.279 Y105.971
G1 F900 E778.12164
G1 F600 X109.468 Y34.782 E819.97804
G1 F2400 E804.97804
G0 F600 X112.146 Y34.932
G1 F900 E822.97977
G1 F600 X40.572 Y106.507 E865.06283
G1 F2400 E850.06283
G0 F600 X43.156 Y106.75
G1 F900 E868.06456
G1 F600 X114.668 Y35.239 E910.11058
G1 F2400 E895.11058
G0 F600 X117.058 Y35.677
G1 F900 E913.11231
G1 F600 X45.97 Y106.765 E954.90933
G1 F2400 E939.90933
G0 F600 X48.799 Y106.765
G1 F900 E957.91106
G1 F600 X119.312 Y36.251 E999.37029
G1 F2400 E984.37029
G0 F600 X121.47 Y36.922
G1 F900 E1002.37202
G1 F600 X51.627 Y106.765 E1043.43703
G1 F2400 E1028.43703
G0 F600 X54.456 Y106.765
G1 F900 E1046.43875
G1 F600 X123.532 Y37.688 E1087.05309
G1 F2400 E1072.05309
G0 F600 X125.502 Y38.547
G1 F900 E1090.05481
G1 F600 X57.284 Y106.765 E1130.16438
G1 F2400 E1115.16438
G0 F600 X60.113 Y106.765
G1 F900 E1133.16611
G1 F600 X127.386 Y39.491 E1172.72035
G1 F2400 E1157.72035
G0 F600 X129.188 Y40.517
G1 F900 E1175.72208
G1 F600 X62.941 Y106.765 E1214.67307
G1 F2400 E1199.67307
G0 F600 X65.769 Y106.765
G1 F900 E1217.6748
G1 F600 X130.914 Y41.62 E1255.97756
G1 F2400 E1240.97756
G0 F600 X132.564 Y42.798
G1 F900 E1258.97929
G1 F600 X68.598 Y106.765 E1296.58914
G1 F2400 E1281.58914
G0 F600 X71.426 Y106.765
G1 F900 E1299.59086
G1 F600 X134.143 Y44.048 E1336.46606
G1 F2400 E1321.46606
G0 F600 X135.652 Y45.367
G1 F900 E1339.46778
G1 F600 X74.255 Y106.765 E1375.56716
G1 F2400 E1360.56716
G0 F600 X77.083 Y106.765
G1 F900 E1378.56889
G1 F600 X137.083 Y46.765 E1413.84659
G1 F2400 E1398.84659
G0 F600 X138.451 Y48.225
G1 F900 E1416.84832
G1 F600 X79.912 Y106.765 E1451.2673
G1 F2400 E1436.2673
G0 F600 X82.722 Y106.782
G1 F900 E1454.26903
G1 F600 X139.743 Y49.762 E1487.79489
G1 F2400 E1472.79489
G0 F600 X140.965 Y51.368
G1 F900 E1490.79662
G1 F600 X85.016 Y107.317 E1523.69249
G1 F2400 E1508.69249
G0 F600 X86.816 Y108.346
G1 F900 E1526.69422
G1 F600 X142.114 Y53.048 E1559.20732
G1 F2400 E1544.20732
G0 F600 X143.185 Y54.805
G1 F900 E1562.20905
G1 F600 X88.571 Y109.418 E1594.31969
G1 F2400 E1579.31969
G0 F600 X90.406 Y110.413
G1 F900 E1597.32142
G1 F600 X144.179 Y56.639 E1628.93818
G1 F2400 E1613.93818
G0 F600 X145.091 Y58.556
G1 F900 E1631.93991
G1 F600 X92.323 Y111.323 E1662.96517
G1 F2400 E1647.96517
G0 F600 X94.329 Y112.146
G1 F900 E1665.9669
G1 F600 X145.916 Y60.559 E1696.29808
G1 F2400 E1681.29808
G0 F600 X146.647 Y62.657
G1 F900 E1699.29981
G1 F600 X96.424 Y112.88 E1728.82901
G1 F2400 E1713.82901
G0 F600 X98.625 Y113.507
G1 F900 E1731.83073
G1 F600 X147.276 Y64.856 E1760.43566
G1 F2400 E1745.43566
G0 F600 X147.797 Y67.164
G1 F900 E1763.43738
G1 F600 X100.932 Y114.029 E1790.99221
G1 F2400 E1775.99221
G0 F600 X103.368 Y114.421
G1 F900 E1793.99393
G1 F600 X148.183 Y69.605 E1820.34373
G1 F2400 E1805.34373
G0 F600 X148.448 Y72.169
G1 F900 E1823.34546
G1 F600 X105.947 Y114.67 E1848.33442
G1 F2400 E1833.33442
G0 F600 X108.687 Y114.758
G1 F900 E1851.33614
G1 F600 X148.524 Y74.922 E1874.75848
G1 F2400 E1859.75848
G0 F600 X148.401 Y77.874
G1 F900 E1877.76021
G1 F600 X111.64 Y114.634 E1899.37397
G1 F2400 E1884.37397
G0 F600 X114.85 Y114.253
G1 F900 E1902.3757
G1 F600 X148.019 Y81.084 E1921.8778
G1 F2400 E1906.8778
G0 F600 X147.278 Y84.653
G1 F900 E1924.87953
G1 F600 X118.411 Y113.52 E1941.85222
G1 F2400 E1926.85222
G0 F600 X122.535 Y112.225
G1 F900 E1944.85394
G1 F600 X145.987 Y88.772 E1958.64312
G1 F2400 E1943.64312
G0 F600 X143.606 Y93.982
G1 F900 E1961.64484
G1 F600 X127.759 Y109.829 E1970.96227
G1 F2400 E1955.96227
G0 F600 Z1
G0 X136.583 Y57.387
;TIME_ELAPSED:552.560157
;LAYER:-3
;TYPE:SUPPORT
G1 F900 E1973.964
G1 F600 X125.927 Y46.731 E1980.22932
G1 X126.666 Y47.197 E1980.59254
G1 X127.198 Y47.555 E1980.85914
G1 X128.124 Y48.214 E1981.33166
G1 X128.675 Y48.631 E1981.61895
G1 X129.517 Y49.299 E1982.0658
G1 X130.036 Y49.736 E1982.34788
G1 X130.84 Y50.45 E1982.79492
G1 X131.422 Y50.999 E1983.12756
G1 X132.175 Y51.744 E1983.56795
G1 X132.63 Y52.223 E1983.84262
G1 X133.407 Y53.083 E1984.32448
G1 X133.805 Y53.548 E1984.57895
G1 X134.511 Y54.422 E1985.04606
G1 X135.872 Y56.305 E1986.012
G1 X135.877 Y56.301 E1986.01466
G1 X136.583 Y57.387 E1986.55319
G1 X136.923 Y57.951 E1986.82699
G1 X137.444 Y58.865 E1987.26438
G1 X138.345 Y61.019 E1988.2351
G1 X138.486 Y60.925 E1988.30555
G1 X139.052 Y62.22 E1988.89313
G1 X139.354 Y62.986 E1989.23545
G1 X120.308 Y43.94 E2000.43377
G1 X119.18 Y43.532 E2000.93247
G1 X117.763 Y43.117 E2001.54634
G1 X117.763 Y43.09 E2001.55756
G1 X117.461 Y42.998 E2001.68882
G1 X116.815 Y42.824 E2001.96697
G1 X116.219 Y42.68 E2002.22188
G1 X140.62 Y67.081 E2016.56874
G1 X140.823 Y67.976 E2016.95029
G1 X141.024 Y69.018 E2017.39149
G1 X141.143 Y69.742 E2017.69653
G1 X141.254 Y70.544 E2018.03314
G1 X112.755 Y42.044 E2034.78975
G1 X112.206 Y41.973 E2035.0199
G1 X111.449 Y41.897 E2035.33621
G1 X110.374 Y41.82 E2035.78429
G1 X109.792 Y41.792 E2036.02653
G1 X109.682 Y41.8 E2036.07239
G1 X141.506 Y73.623 E2054.78339
G1 X141.527 Y74.444 E2055.12483
G1 X141.525 Y75.111 E2055.40214
G1 X141.486 Y76.432 E2055.95158
G1 X106.866 Y41.812 E2076.30682
G1 X106.169 Y41.853 E2076.5971
G1 X104.958 Y41.962 E2077.10261
G1 X104.272 Y42.047 E2077.38999
G1 X141.249 Y79.023 E2099.13076
G1 X141.145 Y79.782 E2099.44926
G1 X141.035 Y80.453 E2099.73196
G1 X140.844 Y81.447 E2100.15277
G1 X101.852 Y42.455 E2123.07858
G1 X101.454 Y42.536 E2123.24744
G1 X100.807 Y42.686 E2123.52356
G1 X99.578 Y43.01 E2124.05198
G1 X140.289 Y83.72 E2147.98819
G1 X140.219 Y83.971 E2148.09653
G1 X139.884 Y85.052 E2148.56704
G1 X139.604 Y85.864 E2148.92414
G1 X97.443 Y43.703 E2173.71319
G1 X95.512 Y44.447 E2174.57354
G1 X95.406 Y44.495 E2174.62191
G1 X138.802 Y87.89 E2200.1368
G1 X138.56 Y88.447 E2200.38929
G1 X138.316 Y88.966 E2200.62772
G1 X137.895 Y89.812 E2201.02059
G1 X93.546 Y45.463 E2227.09611
G1 X92.291 Y46.043 E2227.6709
G1 X91.664 Y46.409 E2227.97274
G1 X136.887 Y91.632 E2254.56213
G1 X136.564 Y92.17 E2254.82302
G1 X135.877 Y93.228 E2255.34748
G1 X135.872 Y93.224 E2255.35014
G1 X135.779 Y93.353 E2255.41626
G1 X90.003 Y47.577 E2282.33079
G1 X89.688 Y47.817 E2282.49544
G1 X89.609 Y47.738 E2282.54188
G1 X89.427 Y47.862 E2282.63344
G1 X88.713 Y48.388 E2283.00215
G1 X88.272 Y48.674 E2283.22067
G1 X134.592 Y94.994 E2310.45506
G1 X134.51 Y95.107 E2310.51311
G1 X133.816 Y95.967 E2310.97255
G1 X133.316 Y96.546 E2311.29061
G1 X86.305 Y49.535 E2338.93127
G1 X86.155 Y49.573 E2338.9956
G1 X85.562 Y49.686 E2339.24658
G1 X85.299 Y49.72 E2339.35683
G1 X84.655 Y49.761 E2339.62512
G1 X83.702 Y49.761 E2340.02133
G1 X131.948 Y98.007 E2368.38813
G1 X131.319 Y98.628 E2368.75561
G1 X130.843 Y99.074 E2369.02681
G1 X130.495 Y99.382 E2369.22002
G1 X80.874 Y49.761 E2398.39526
G1 X78.045 Y49.761 E2399.57143
G1 X128.952 Y100.667 E2429.5025
G1 X127.783 Y101.557 E2430.11333
G1 X127.332 Y101.876 E2430.343
G1 X75.218 Y49.762 E2460.98404
G1 X72.389 Y49.762 E2462.1602
G1 X125.61 Y102.982 E2493.45181
G1 X123.799 Y104 E2494.31554
G1 X69.561 Y49.762 E2526.20541
G1 X66.733 Y49.763 E2527.38115
G1 X121.9 Y104.93 E2559.81723
G1 X120.769 Y105.408 E2560.32772
G1 X119.884 Y105.741 E2560.72084
G1 X63.905 Y49.763 E2593.63406
G1 X61.076 Y49.763 E2594.81022
G1 X117.755 Y106.441 E2628.135
G1 X117.421 Y106.542 E2628.28008
G1 X116.771 Y106.716 E2628.55983
G1 X115.5 Y107.015 E2629.10267
G1 X58.249 Y49.763 E2662.76436
G1 X55.42 Y49.763 E2663.94052
G1 X113.097 Y107.44 E2697.85239
G1 X112.227 Y107.553 E2698.21713
G1 X110.503 Y107.675 E2698.93568
G1 X52.592 Y49.763 E2732.98542
G1 X49.764 Y49.764 E2734.16117
G1 X107.749 Y107.749 E2768.25413
G1 X106.817 Y107.716 E2768.64185
G1 X106.088 Y107.669 E2768.94556
G1 X104.708 Y107.536 E2769.52196
G1 X46.936 Y49.764 E2803.48968
G1 X44.107 Y49.764 E2804.66584
G1 X101.3 Y106.957 E2838.29313
G1 X100.845 Y106.854 E2838.48709
G1 X99.647 Y106.543 E2839.00167
G1 X99.138 Y106.395 E2839.22205
G1 X97.115 Y105.601 E2840.12558
G1 X41.485 Y49.97 E2872.83418
G1 X41.036 Y50.056 E2873.02424
G1 X40.173 Y50.294 E2873.39643
G1 X39.385 Y50.579 E2873.74481
G1 X39.303 Y50.617 E2873.78239
G1 X91.7 Y103.014 E2904.58981
G1 X90.551 Y102.357 E2905.14009
G1 X89.167 Y101.265 E2905.87303
G1 X89.126 Y101.347 E2905.91115
G1 X88.724 Y101.022 E2906.12607
G1 X88.649 Y101.097 E2906.17017
G1 X88.059 Y100.715 E2906.46238
G1 X87.847 Y100.597 E2906.56326
G1 X87.265 Y100.317 E2906.83177
G1 X87.042 Y100.227 E2906.93175
G1 X86.446 Y100.031 E2907.19259
G1 X86.189 Y99.963 E2907.30312
G1 X85.732 Y99.874 E2907.49669
G1 X37.463 Y51.605 E2935.87701
G1 X36.982 Y51.932 E2936.11882
G1 X36.313 Y52.471 E2936.476
G1 X35.894 Y52.865 E2936.71512
G1 X82.793 Y99.764 E2964.28993
G1 X79.965 Y99.764 E2965.46568
G1 X34.583 Y54.382 E2992.14856
G1 X34.101 Y55.11 E2992.51155
G1 X33.722 Y55.795 E2992.83702
G1 X33.548 Y56.175 E2993.01079
G1 X77.136 Y99.764 E3018.63915
G1 X74.308 Y99.764 E3019.8149
G1 X32.826 Y58.282 E3044.20472
G1 X32.685 Y58.968 E3044.49589
G1 X32.566 Y59.965 E3044.91334
G1 X32.534 Y60.818 E3045.26822
G1 X71.479 Y99.764 E3068.16669
G1 X68.651 Y99.764 E3069.34243
G1 X32.534 Y63.647 E3090.57784
G1 X32.534 Y66.475 E3091.75359
G1 X65.822 Y99.764 E3111.32595
G1 X62.994 Y99.764 E3112.5017
G1 X32.534 Y69.304 E3130.41101
G1 X32.533 Y72.131 E3131.58634
G1 X60.166 Y99.764 E3147.83349
G1 X57.337 Y99.764 E3149.00965
G1 X32.533 Y74.96 E3163.59345
G1 X32.533 Y77.788 E3164.76919
G1 X54.509 Y99.764 E3177.69024
G1 X51.68 Y99.764 E3178.8664
G1 X32.533 Y80.616 E3190.1244
G1 X32.533 Y83.444 E3191.30014
G1 X48.852 Y99.764 E3200.89538
G1 X46.023 Y99.764 E3202.07155
G1 X32.533 Y86.273 E3210.00344
G1 X32.533 Y88.701 E3211.01289
G1 X32.548 Y89.117 E3211.18595
G1 X43.178 Y99.747 E3217.43599
G1 X42.727 Y99.73 E3217.62362
G1 X41.727 Y99.609 E3218.04241
G1 X40.896 Y99.438 E3218.39513
G1 X40.211 Y99.245 E3218.69101
G1 X40.04 Y99.189 E3218.76582
G1 X39.272 Y98.901 E3219.10683
G1 X38.45 Y98.514 E3219.48456
G1 X37.844 Y98.174 E3219.77345
G1 X37.134 Y97.706 E3220.12699
G1 X36.468 Y97.19 E3220.47726
G1 X35.809 Y96.59 E3220.84779
G1 X35.204 Y95.942 E3221.21637
G1 X34.701 Y95.312 E3221.55153
G1 X34.575 Y95.14 E3221.64018
G1 X34.202 Y94.583 E3221.91888
G1 X33.754 Y93.796 E3222.29538
G1 X33.409 Y93.056 E3222.63482
G1 X33.247 Y92.644 E3222.81888
G1 X39.643 Y99.04 E3226.57948
G1 F2400 E3211.57948
G0 F600 Z1.8
G0 X41.855 Y57.14
;TIME_ELAPSED:859.805663
;LAYER:-2
;TYPE:SUPPORT-INTERFACE
G1 F900 E3229.58121
G1 F600 X39.918 Y59.077 E3231.40342
G1 X39.757 Y59.466 E3231.68347
G1 X39.659 Y59.8 E3231.91502
G1 X39.62 Y59.975 E3232.03428
G1 X39.56 Y60.373 E3232.30202
G1 X39.535 Y60.779 E3232.57261
G1 X39.535 Y62.288 E3233.5764
G1 X45.06 Y56.763 E3238.77398
G1 X47.889 Y56.763 E3240.65584
G1 X39.535 Y65.117 E3248.51477
G1 X39.534 Y67.946 E3250.39663
G1 X50.717 Y56.763 E3260.91691
G1 X53.546 Y56.763 E3262.79877
G1 X39.534 Y70.774 E3275.97993
G1 X39.534 Y73.603 E3277.86179
G1 X56.375 Y56.762 E3293.70477
G1 X59.203 Y56.762 E3295.58596
G1 X39.534 Y76.432 E3314.08982
G1 X39.534 Y79.26 E3315.97101
G1 X62.032 Y56.762 E3337.13575
G1 X64.86 Y56.762 E3339.01694
G1 X39.533 Y82.089 E3362.84303
G1 X39.533 Y84.918 E3364.72489
G1 X67.689 Y56.762 E3391.21233
G1 X70.518 Y56.762 E3393.09419
G1 X39.533 Y87.746 E3422.24251
G1 X39.532 Y88.696 E3422.87445
G1 X39.554 Y89.104 E3423.14625
G1 X39.616 Y89.538 E3423.43787
G1 X39.705 Y89.903 E3423.68779
G1 X39.84 Y90.268 E3423.94666
G1 X73.346 Y56.762 E3455.46705
G1 X76.174 Y56.762 E3457.34825
G1 X41.049 Y91.887 E3490.39169
G1 X41.408 Y92.144 E3490.68538
G1 X41.705 Y92.313 E3490.91269
G1 X41.865 Y92.391 E3491.0311
G1 X42.229 Y92.538 E3491.29223
G1 X42.656 Y92.658 E3491.58728
G1 X43.041 Y92.724 E3491.84712
G1 X79.004 Y56.761 E3525.6789
G1 X81.832 Y56.761 E3527.5601
G1 X45.83 Y92.763 E3561.42857
G1 X48.658 Y92.763 E3563.30976
G1 X84.66 Y56.761 E3597.17824
G1 X87.106 Y56.761 E3598.80532
G1 X87.515 Y56.735 E3599.07794
G1 X51.487 Y92.763 E3632.97087
G1 X54.315 Y92.763 E3634.85207
G1 X93.58 Y53.498 E3671.79017
G1 X94.425 Y52.933 E3672.46634
G1 X94.531 Y53.073 E3672.58315
G1 X96.043 Y51.964 E3673.83048
G1 X97.24 Y51.347 E3674.72628
G1 X97.495 Y51.226 E3674.91404
G1 X98.621 Y50.731 E3675.73224
G1 X99.414 Y50.492 E3676.28318
G1 X57.143 Y92.764 E3716.04961
G1 X59.971 Y92.764 E3717.93081
G1 X103.46 Y49.275 E3758.84259
G1 X103.954 Y49.173 E3759.17813
G1 X104.543 Y49.079 E3759.5749
G1 X104.543 Y49.087 E3759.58022
G1 X106.731 Y48.832 E3761.04553
G1 X62.8 Y92.764 E3802.37359
G1 X65.627 Y92.765 E3804.25412
G1 X109.602 Y48.79 E3845.62311
G1 X110.979 Y48.881 E3846.54109
G1 X112.191 Y49.029 E3847.3533
G1 X68.456 Y92.765 E3888.49698
G1 X71.284 Y92.765 E3890.37817
G1 X114.567 Y49.482 E3931.09617
G1 X115.187 Y49.633 E3931.52065
G1 X115.781 Y49.826 E3931.93611
G1 X115.756 Y49.876 E3931.9733
G1 X116.714 Y50.164 E3932.63873
G1 X74.113 Y92.765 E3972.71514
G1 X76.94 Y92.765 E3974.59567
G1 X118.732 Y50.973 E4013.91102
G1 X118.718 Y51.012 E4013.93859
G1 X120.55 Y51.71 E4015.24269
G1 X120.727 Y51.807 E4015.37696
G1 X79.769 Y92.765 E4053.90773
G1 X82.597 Y92.765 E4055.78892
G1 X122.433 Y52.93 E4093.26372
G1 X123.195 Y53.511 E4093.90114
G1 X123.292 Y53.365 E4094.01774
G1 X124.183 Y54.008 E4094.74865
G1 X85.426 Y92.765 E4131.20886
G1 X87.059 Y92.765 E4132.29514
G1 X87.453 Y92.779 E4132.55739
G1 X88.151 Y92.868 E4133.02546
G1 X125.725 Y55.294 E4168.37278
G92 E0
G1 X126.478 Y55.972 E0.67402
G1 X126.487 Y55.964 E0.68203
G1 X127.185 Y56.663 E1.33914
G1 X90.265 Y93.583 E36.07121
G1 X90.705 Y93.832 E36.40752
G1 X90.926 Y93.975 E36.58262
G1 X91.429 Y94.351 E37.00037
G1 X91.92 Y94.757 E37.42418
G1 X128.525 Y58.151 E71.86039
G1 X129.08 Y58.837 E72.44736
G1 X129.313 Y59.144 E72.70373
G1 X129.749 Y59.755 E73.20304
G1 X93.518 Y95.986 E107.28694
G1 X93.837 Y96.211 E107.54662
G1 X94.334 Y96.537 E107.942
G1 X94.389 Y96.454 E108.00823
G1 X95.278 Y97.055 E108.72205
G1 X130.779 Y61.554 E142.11922
G1 X131.031 Y61.91 E142.40936
G1 X131.742 Y63.419 E143.51899
G1 X97.07 Y98.091 E176.13628
G1 X97.386 Y98.252 E176.3722
G1 X98.697 Y98.831 E177.32554
G1 X99.032 Y98.957 E177.56363
G1 X132.717 Y65.273 E209.25194
G1 X132.781 Y65.395 E209.34358
G1 X133.131 Y66.35 E210.02017
G1 X133.449 Y67.37 E210.73089
G1 X101.135 Y99.683 E241.12945
G1 X101.488 Y99.788 E241.37443
G1 X102.377 Y100.02 E241.9856
G1 X102.393 Y99.955 E242.03013
G1 X103.44 Y100.207 E242.74649
G1 X134.01 Y69.637 E271.50487
G1 X134.164 Y70.419 E272.03505
G1 X134.376 Y71.947 E273.06121
G1 X134.376 Y72.099 E273.16232
G1 X105.857 Y100.618 E299.99125
G1 X106.989 Y100.716 E300.74708
G1 X108.38 Y100.762 E301.67288
G1 X108.545 Y100.758 E301.78267
G1 X134.526 Y74.777 E326.224
G1 X134.502 Y75.98 E327.0244
G1 X134.483 Y76.331 E327.25823
G1 X134.389 Y77.471 E328.01913
G1 X134.347 Y77.785 E328.22987
G1 X111.55 Y100.582 E349.67589
G1 X112.436 Y100.469 E350.27003
G1 X113.745 Y100.235 E351.15458
G1 X114.841 Y99.98 E351.90312
G1 X114.825 Y99.936 E351.93426
G1 X115.097 Y99.863 E352.1216
G1 X133.698 Y81.262 E369.62028
G1 X133.609 Y81.628 E369.87084
G1 X133.21 Y82.943 E370.78496
G1 X133.122 Y83.207 E370.97007
G1 X132.632 Y84.515 E371.89921
G1 X132.154 Y85.624 E372.70253
G1 X131.547 Y86.857 E373.61672
G1 X131.399 Y87.133 E373.82505
G1 X130.828 Y88.134 E374.59163
G1 X130.195 Y89.134 E375.37891
G1 X129.908 Y89.562 E375.7217
G1 X129.239 Y90.483 E376.47892
G1 X128.376 Y91.56 E377.39697
G1 X127.42 Y92.629 E378.35095
G1 X127.209 Y92.849 E378.55372
G1 X126.483 Y93.56 E379.22968
G1 X126.474 Y93.551 E379.23815
G1 X125.077 Y94.816 E380.49181
G1 X124.096 Y95.59 E381.32303
G1 X123.132 Y96.276 E382.11008
G1 X122.865 Y96.454 E382.32354
G1 X121.968 Y97.02 E383.02908
G1 X121.609 Y97.231 E383.30608
G1 X121.57 Y97.209 E383.33587
G1 X121.188 Y97.439 E383.63248
G1 X121.159 Y97.38 E383.67621
G1 X119.424 Y98.365 E385.00336
G1 X132.143 Y85.646 E396.96862
G1 F2400 E381.96862
G0 F600 Z2.7
G0 X93.819 Y86.789
;TIME_ELAPSED:1066.219136
;LAYER:0
;TYPE:WALL-INNER
;MESH:single_lug_connector_thickness_5mm.stl
G1 F900 E399.97034
G1 F600 X94.549 Y87.624 E400.43146
G1 X95.285 Y88.385 E400.87161
G1 X96.027 Y89.064 E401.28977
G1 X96.847 Y89.742 E401.73212
G1 X97.659 Y90.34 E402.15138
G1 X98.55 Y90.925 E402.59453
G1 X99.441 Y91.446 E403.02364
G1 X100.337 Y91.904 E403.442
G1 X101.301 Y92.333 E403.88068
G1 X102.272 Y92.701 E404.31239
G1 X103.236 Y93.008 E404.73301
G1 X104.256 Y93.273 E405.17116
G1 X105.279 Y93.483 E405.60534
G1 X106.27 Y93.627 E406.02168
G1 X107.313 Y93.72 E406.45703
G1 X108.362 Y93.759 E406.89345
G1 X109.407 Y93.742 E407.32797
G1 X110.406 Y93.67 E407.74438
G1 X111.446 Y93.534 E408.18045
G1 X112.479 Y93.347 E408.6169
G1 X113.457 Y93.111 E409.03517
G1 X114.456 Y92.812 E409.46871
G1 X115.452 Y92.456 E409.90846
G1 X116.407 Y92.051 E410.33973
G1 X117.316 Y91.61 E410.75977
G1 X118.222 Y91.104 E411.19121
G1 X119.093 Y90.554 E411.61948
G1 X119.938 Y89.954 E412.05035
G1 X120.765 Y89.294 E412.49025
G1 X121.541 Y88.608 E412.92086
G1 X122.257 Y87.899 E413.33979
G1 X122.968 Y87.112 E413.78074
G1 X123.606 Y86.326 E414.20162
G1 X124.209 Y85.492 E414.62949
G1 X124.785 Y84.597 E415.07199
G1 X125.296 Y83.698 E415.50191
G1 X125.747 Y82.795 E415.92156
G1 X126.161 Y81.84 E416.3543
G1 X126.526 Y80.851 E416.79259
G1 X126.825 Y79.887 E417.21221
G1 X127.081 Y78.859 E417.65265
G1 X127.278 Y77.845 E418.08211
G1 X127.415 Y76.821 E418.51163
G1 X127.499 Y75.805 E418.93548
G1 X127.53 Y74.75 E419.37428
G1 X127.499 Y73.721 E419.80229
G1 X127.416 Y72.708 E420.22486
G1 X127.278 Y71.683 E420.65485
G1 X127.081 Y70.669 E421.0843
G1 X126.825 Y69.641 E421.52475
G1 X126.525 Y68.674 E421.94568
G1 X126.169 Y67.703 E422.37565
G1 X125.747 Y66.731 E422.81621
G1 X125.295 Y65.824 E423.23752
G1 X124.785 Y64.927 E423.66652
G1 X124.209 Y64.032 E424.10901
G1 X123.606 Y63.198 E424.53689
G1 X122.971 Y62.415 E424.95602
G1 X122.256 Y61.628 E425.39808
G1 X121.538 Y60.917 E425.81819
G1 X120.761 Y60.227 E426.25021
G1 X119.936 Y59.568 E426.6892
G1 X119.091 Y58.971 E427.11935
G1 X118.222 Y58.42 E427.54714
G1 X117.313 Y57.914 E427.97966
G1 X116.405 Y57.472 E428.39952
G1 X115.454 Y57.069 E428.82893
G1 X114.453 Y56.712 E429.27077
G1 X113.458 Y56.414 E429.7026
G1 X112.471 Y56.177 E430.12461
G1 X111.444 Y55.99 E430.55861
G1 X110.406 Y55.855 E430.9938
G1 X109.407 Y55.783 E431.41021
G1 X108.362 Y55.766 E431.84473
G1 X107.313 Y55.803 E432.28112
G1 X106.276 Y55.896 E432.71399
G1 X105.282 Y56.044 E433.1318
G1 X104.25 Y56.252 E433.56948
G1 X103.248 Y56.515 E434.00018
G1 X102.268 Y56.826 E434.42764
G1 X101.294 Y57.196 E434.86081
G1 X100.335 Y57.622 E435.29709
G1 X99.441 Y58.078 E435.71433
G1 X98.55 Y58.599 E436.14344
G1 X97.659 Y59.184 E436.58659
G1 X96.847 Y59.782 E437.00585
G1 X96.03 Y60.458 E437.44671
G1 X95.286 Y61.143 E437.86717
G1 X94.549 Y61.901 E438.30671
G1 X93.823 Y62.734 E438.76611
G1 X93.677 Y62.89 E438.85494
G1 X93.485 Y63.066 E438.96323
G1 X93.283 Y63.22 E439.06883
G1 X92.894 Y63.452 E439.25714
G1 X92.654 Y63.558 E439.36621
G1 X92.423 Y63.638 E439.46785
G1 X92.034 Y63.727 E439.63376
G1 X91.785 Y63.756 E439.73798
G1 X91.56 Y63.764 E439.83158
G1 X46.532 Y63.764 E458.55205
G1 X46.532 Y85.764 E467.69859
G1 X91.56 Y85.764 E486.41905
G1 X91.784 Y85.772 E486.51224
G1 X92.033 Y85.801 E486.61646
G1 X92.422 Y85.89 E486.78237
G1 X92.653 Y85.97 E486.884
G1 X92.892 Y86.076 E486.9927
G1 X93.283 Y86.307 E487.18151
G1 X93.484 Y86.461 E487.28678
G1 X93.676 Y86.637 E487.39507
G1 X93.819 Y86.789 E487.48184
G1 F2400 E472.48184
G0 F600 X110.539 Y84.556
G1 F900 E490.48356
G1 F600 X109.044 Y84.748 E491.11022
G1 X108.696 Y84.754 E491.25492
G1 X107.508 Y84.702 E491.74931
G1 X107.209 Y84.674 E491.87416
G1 X105.852 Y84.39 E492.45056
G1 X105.571 Y84.316 E492.57137
G1 X105.36 Y84.24 E492.66461
G1 X104.256 Y83.796 E493.15933
G1 X104.014 Y83.686 E493.26984
G1 X103.861 Y83.602 E493.34241
G1 X102.715 Y82.894 E493.90246
G1 X102.461 Y82.705 E494.03408
G1 X101.457 Y81.824 E494.58942
G1 X101.32 Y81.692 E494.66851
G1 X101.143 Y81.491 E494.77986
G1 X100.399 Y80.571 E495.27177
G1 X100.244 Y80.362 E495.37995
G1 X100.112 Y80.146 E495.48519
G1 X99.532 Y79.106 E495.98027
G1 X99.414 Y78.871 E496.0896
G1 X99.323 Y78.645 E496.19089
G1 X98.927 Y77.524 E496.68517
G1 X98.854 Y77.285 E496.78907
G1 X98.798 Y77.031 E496.8972
G1 X98.574 Y75.686 E497.46409
G1 X98.56 Y75.517 E497.5346
G1 X98.56 Y74.007 E498.16238
G1 X98.574 Y73.838 E498.23288
G1 X98.805 Y72.458 E498.8146
G1 X98.853 Y72.239 E498.90781
G1 X98.927 Y72 E499.01183
G1 X99.323 Y70.879 E499.50611
G1 X99.414 Y70.652 E499.60779
G1 X99.531 Y70.418 E499.71656
G1 X100.111 Y69.378 E500.21164
G1 X100.244 Y69.162 E500.3171
G1 X100.337 Y69.032 E500.38355
G1 X101.229 Y67.931 E500.97267
G1 X101.457 Y67.7 E501.10761
G1 X102.47 Y66.811 E501.66795
G1 X102.725 Y66.623 E501.79966
G1 X103.866 Y65.919 E502.35706
G1 X104.013 Y65.839 E502.42664
G1 X104.259 Y65.727 E502.53902
G1 X105.39 Y65.274 E503.04555
G1 X105.69 Y65.174 E503.17702
G1 X107.01 Y64.886 E503.73872
G1 X107.307 Y64.838 E503.8638
G1 X107.508 Y64.822 E503.94763
G1 X108.696 Y64.77 E504.44202
G1 X109.044 Y64.775 E504.58672
G1 X110.543 Y64.968 E505.21507
G1 X110.706 Y65.002 E505.2843
G1 X112.148 Y65.441 E505.91098
G1 X112.512 Y65.598 E506.07579
G1 X113.664 Y66.182 E506.61276
G1 X113.957 Y66.368 E506.75705
G1 X115.039 Y67.168 E507.3165
G1 X115.278 Y67.382 E507.44988
G1 X116.198 Y68.347 E508.00419
G1 X116.307 Y68.473 E508.07345
G1 X116.464 Y68.685 E508.18313
G1 X117.156 Y69.713 E508.69834
G1 X117.314 Y69.985 E508.82911
G1 X117.873 Y71.21 E509.38893
G1 X117.986 Y71.505 E509.52027
G1 X118.335 Y72.821 E510.08631
G1 X118.406 Y73.179 E510.23805
G1 X118.531 Y74.673 E510.86135
G1 X118.532 Y74.853 E510.93619
G1 X118.422 Y76.198 E511.49724
G1 X118.378 Y76.515 E511.6303
G1 X117.998 Y77.983 E512.26074
G1 X117.866 Y78.329 E512.4147
G1 X117.315 Y79.539 E512.96746
G1 X117.157 Y79.814 E513.09932
G1 X116.402 Y80.932 E513.66019
G1 X116.208 Y81.17 E513.78785
G1 X115.314 Y82.102 E514.32477
G1 X115.14 Y82.268 E514.42476
G1 X115.024 Y82.365 E514.48762
G1 X113.987 Y83.134 E515.02437
G1 X113.806 Y83.258 E515.11558
G1 X113.554 Y83.4 E515.23584
G1 X112.312 Y84.019 E515.81278
G1 X112.019 Y84.125 E515.94232
G1 X110.711 Y84.52 E516.51038
G1 X110.539 Y84.556 E516.58344
G0 X110.21 Y82.583
;TYPE:WALL-OUTER
G1 X108.879 Y82.755 E517.14141
G1 X107.496 Y82.694 E517.71695
G1 X106.177 Y82.41 E518.27789
G1 X104.922 Y81.904 E518.84048
G1 X103.819 Y81.226 E519.37876
G1 X103.711 Y81.143 E519.43539
G1 X102.803 Y80.344 E519.93823
G1 X102.723 Y80.263 E519.98557
G1 X101.902 Y79.244 E520.52961
G1 X101.278 Y78.132 E521.05974
G1 X101.209 Y77.978 E521.1299
G1 X100.788 Y76.778 E521.65862
G1 X100.557 Y75.41 E522.23542
G1 X100.557 Y74.114 E522.77423
G1 X100.57 Y73.999 E522.82235
G1 X100.788 Y72.746 E523.35111
G1 X101.239 Y71.47 E523.91377
G1 X101.858 Y70.352 E524.44507
G1 X101.933 Y70.237 E524.50215
G1 X102.759 Y69.222 E525.04621
G1 X103.738 Y68.358 E525.58907
G1 X103.823 Y68.295 E525.63306
G1 X104.872 Y67.647 E526.14569
G1 X105.003 Y67.583 E526.2063
G1 X106.119 Y67.136 E526.70611
G1 X106.23 Y67.1 E526.75463
G1 X107.492 Y66.83 E527.29118
G1 X108.784 Y66.768 E527.82895
G1 X108.9 Y66.77 E527.87719
G1 X110.238 Y66.947 E528.43831
G1 X111.476 Y67.325 E528.97647
G1 X111.612 Y67.384 E529.0381
G1 X112.7 Y67.935 E529.54514
G1 X112.797 Y67.998 E529.59322
G1 X113.784 Y68.725 E530.10287
G1 X113.864 Y68.796 E530.14734
G1 X114.753 Y69.733 E530.68434
G1 X115.479 Y70.803 E531.22192
G1 X115.536 Y70.902 E531.26942
G1 X116.084 Y72.123 E531.82583
G1 X116.4 Y73.327 E532.34335
G1 X116.424 Y73.446 E532.39382
G1 X116.532 Y74.733 E532.93077
G1 X116.529 Y74.849 E532.97902
G1 X116.424 Y76.078 E533.49184
G1 X116.389 Y76.24 E533.56074
G1 X116.084 Y77.401 E534.05981
G1 X116.044 Y77.505 E534.10614
G1 X115.51 Y78.675 E534.64083
G1 X114.788 Y79.751 E535.17956
G1 X114.701 Y79.854 E535.23561
G1 X113.815 Y80.77 E535.76544
G1 X112.738 Y81.566 E536.32223
G1 X111.497 Y82.191 E536.89992
G1 X110.21 Y82.583 E537.45926
G0 X109.219 Y82.711
G1 F2400 E522.45926
G0 F600 X92.313 Y88.105
G1 F900 E540.46098
G1 F600 X93.077 Y88.978 E540.9433
G1 X93.89 Y89.819 E541.42961
G1 X94.713 Y90.573 E541.89366
G1 X95.616 Y91.319 E542.38063
G1 X96.516 Y91.982 E542.84537
G1 X97.496 Y92.625 E543.33268
G1 X98.481 Y93.202 E543.80729
G1 X99.475 Y93.709 E544.27119
G1 X100.538 Y94.183 E544.75509
G1 X101.614 Y94.591 E545.23351
G1 X102.682 Y94.93 E545.69937
G1 X103.803 Y95.221 E546.18087
G1 X104.933 Y95.454 E546.66056
G1 X106.037 Y95.614 E547.12434
G1 X107.187 Y95.717 E547.60437
G1 X108.342 Y95.759 E548.08488
G1 X109.495 Y95.74 E548.56431
G1 X110.607 Y95.66 E549.02782
G1 X111.754 Y95.511 E549.50869
G1 X112.893 Y95.305 E549.98991
G1 X113.979 Y95.042 E550.45447
G1 X115.08 Y94.713 E550.93221
G1 X116.18 Y94.32 E551.41785
G1 X117.234 Y93.873 E551.89383
G1 X118.241 Y93.384 E552.35925
G1 X119.244 Y92.824 E552.83684
G1 X120.207 Y92.216 E553.31033
G1 X121.142 Y91.552 E553.78711
G1 X122.052 Y90.826 E554.27109
G1 X122.908 Y90.069 E554.74617
G1 X123.704 Y89.281 E555.21185
G1 X124.488 Y88.413 E555.69813
G1 X125.194 Y87.543 E556.16395
G1 X125.861 Y86.62 E556.6374
G1 X126.496 Y85.633 E557.12533
G1 X127.061 Y84.64 E557.60032
G1 X127.561 Y83.641 E558.06477
G1 X128.019 Y82.584 E558.5437
G1 X128.42 Y81.494 E559.02657
G1 X128.752 Y80.426 E559.49155
G1 X129.035 Y79.291 E559.97787
G1 X129.252 Y78.169 E560.45299
G1 X129.405 Y77.036 E560.92831
G1 X129.497 Y75.916 E561.39552
G1 X129.531 Y74.749 E561.88091
G1 X129.497 Y73.609 E562.35508
G1 X129.405 Y72.492 E562.82105
G1 X129.252 Y71.359 E563.29637
G1 X129.035 Y70.237 E563.77149
G1 X128.752 Y69.102 E564.25781
G1 X128.42 Y68.033 E564.72319
G1 X128.027 Y66.96 E565.19827
G1 X127.561 Y65.887 E565.68463
G1 X127.061 Y64.883 E566.15094
G1 X126.496 Y63.891 E566.62557
G1 X125.861 Y62.904 E567.11351
G1 X125.194 Y61.981 E567.58696
G1 X124.489 Y61.112 E568.05219
G1 X123.701 Y60.244 E568.53959
G1 X122.907 Y59.458 E569.00408
G1 X122.051 Y58.697 E569.48027
G1 X121.138 Y57.968 E569.96601
G1 X120.203 Y57.308 E570.44183
G1 X119.244 Y56.7 E570.91391
G1 X118.237 Y56.14 E571.39295
G1 X117.233 Y55.651 E571.85725
G1 X116.18 Y55.205 E572.33268
G1 X115.076 Y54.811 E572.82003
G1 X113.979 Y54.482 E573.29617
G1 X112.885 Y54.219 E573.76397
G1 X111.753 Y54.013 E574.24233
G1 X110.607 Y53.864 E574.72279
G1 X109.495 Y53.784 E575.1863
G1 X108.342 Y53.765 E575.66572
G1 X107.187 Y53.807 E576.14624
G1 X106.039 Y53.91 E576.62544
G1 X104.937 Y54.074 E577.08864
G1 X103.798 Y54.303 E577.57166
G1 X102.691 Y54.593 E578.04742
G1 X101.61 Y54.937 E578.51906
G1 X100.533 Y55.346 E578.99802
G1 X99.475 Y55.816 E579.47934
G1 X98.481 Y56.322 E579.94306
G1 X97.496 Y56.899 E580.41766
G1 X96.516 Y57.542 E580.90497
G1 X95.616 Y58.205 E581.36972
G1 X94.714 Y58.95 E581.8561
G1 X93.89 Y59.709 E582.32186
G1 X93.077 Y60.546 E582.80698
G1 X92.266 Y61.473 E583.31906
G1 X92.135 Y61.583 E583.39018
G1 X92.005 Y61.66 E583.45299
G1 X91.848 Y61.722 E583.52317
G1 X91.635 Y61.762 E583.61327
G1 X44.532 Y61.764 E603.19643
G1 X44.532 Y87.764 E614.00597
G1 X91.635 Y87.766 E633.58912
G1 X91.848 Y87.806 E633.67922
G1 X92.004 Y87.868 E633.74902
G1 X92.135 Y87.945 E633.81219
G1 X92.202 Y87.996 E633.8472
G1 X92.313 Y88.105 E633.91188
G0 X92.971 Y88.857
G1 F2400 E618.91188
G0 F600 X110.198 Y91.78
;TYPE:SKIN
G1 F900 E636.9136
G1 F600 X109.337 Y91.84 E637.27243
G1 X108.386 Y91.855 E637.66786
G1 X107.424 Y91.821 E638.06807
G1 X106.478 Y91.734 E638.46303
G1 X105.62 Y91.61 E638.82345
G1 X104.673 Y91.416 E639.22534
G1 X103.746 Y91.178 E639.62324
G1 X102.91 Y90.911 E639.98811
G1 X102.034 Y90.579 E640.37758
G1 X101.144 Y90.181 E640.78292
G1 X100.361 Y89.782 E641.14828
G1 X99.548 Y89.306 E641.53996
G1 X98.731 Y88.77 E641.9462
G1 X98.024 Y88.251 E642.31083
G1 X97.273 Y87.629 E642.71625
G1 X96.599 Y87.011 E643.09643
G1 X95.945 Y86.335 E643.48748
G1 X95.246 Y85.534 E643.92947
G1 X95.018 Y85.291 E644.068
G1 X94.666 Y84.971 E644.26578
G1 X94.401 Y84.77 E644.40406
G1 X93.733 Y84.37 E644.72777
G1 X93.38 Y84.215 E644.88805
G1 X92.963 Y84.068 E645.07188
G1 X92.331 Y83.925 E645.34127
G1 X91.932 Y83.878 E645.50831
G1 X91.583 Y83.864 E645.65352
G1 X48.432 Y83.864 E663.59362
G1 X48.432 Y65.664 E671.1603
G1 X91.583 Y65.664 E689.1004
G1 X91.932 Y65.65 E689.24562
G1 X92.334 Y65.603 E689.41389
G1 X93.012 Y65.443 E689.70351
G1 X93.387 Y65.308 E689.86921
G1 X93.734 Y65.154 E690.02705
G1 X94.372 Y64.773 E690.33599
G1 X94.715 Y64.512 E690.51519
G1 X95.046 Y64.205 E690.70288
G1 X95.226 Y64.012 E690.8126
G1 X95.937 Y63.197 E691.26226
G1 X96.619 Y62.493 E691.66977
G1 X97.267 Y61.898 E692.03552
G1 X98.024 Y61.269 E692.44471
G1 X98.73 Y60.751 E692.80876
G1 X99.55 Y60.215 E693.21605
G1 X100.361 Y59.742 E693.60638
G1 X101.14 Y59.343 E693.97026
G1 X102.021 Y58.95 E694.37133
G1 X102.906 Y58.617 E694.76445
G1 X103.764 Y58.341 E695.13917
G1 X104.679 Y58.102 E695.53234
G1 X105.616 Y57.91 E695.93
G1 X106.485 Y57.786 E696.29495
G1 X107.425 Y57.699 E696.68742
G1 X108.386 Y57.665 E697.08721
G1 X109.335 Y57.68 E697.48181
G1 X110.198 Y57.744 E697.84159
G1 X111.153 Y57.869 E698.24202
G1 X112.088 Y58.039 E698.63712
G1 X112.947 Y58.246 E699.00447
G1 X113.862 Y58.52 E699.40157
G1 X114.747 Y58.832 E699.79171
G1 X115.352 Y59.091 E700.06532
G1 X115.367 Y59.08 E700.07305
G1 X116.421 Y59.591 E700.56004
G1 X117.244 Y60.052 E700.95223
G1 X118.045 Y60.557 E701.3459
G1 X118.794 Y61.084 E701.72666
G1 X119.522 Y61.668 E702.11468
G1 X120.243 Y62.31 E702.51604
G1 X120.873 Y62.933 E702.88441
G1 X121.536 Y63.664 E703.2947
G1 X122.12 Y64.383 E703.67981
G1 X122.636 Y65.103 E704.04809
G1 X123.163 Y65.922 E704.45299
G1 X123.621 Y66.73 E704.83913
G1 X124.017 Y67.523 E705.20764
G1 X124.407 Y68.424 E705.61582
G1 X124.72 Y69.274 E705.99241
G1 X124.989 Y70.139 E706.36902
G1 X125.223 Y71.066 E706.76651
G1 X125.404 Y72.004 E707.16368
G1 X125.525 Y72.922 E707.54864
G1 X125.597 Y73.813 E707.92029
G1 X125.627 Y74.737 E708.30464
G1 X125.597 Y75.708 E708.70853
G1 X125.525 Y76.604 E709.08225
G1 X125.4 Y77.521 E709.46702
G1 X125.223 Y78.444 E709.85775
G1 X124.988 Y79.387 E710.26179
G1 X124.728 Y80.226 E710.62697
G1 X124.391 Y81.136 E711.03042
G1 X124.028 Y81.979 E711.41201
G1 X123.624 Y82.789 E711.78833
G1 X123.152 Y83.621 E712.18602
G1 X122.646 Y84.407 E712.57466
G1 X122.089 Y85.175 E712.96909
G1 X121.532 Y85.865 E713.33777
G1 X120.873 Y86.591 E713.74541
G1 X120.248 Y87.209 E714.11083
G1 X119.548 Y87.83 E714.49987
G1 X118.786 Y88.436 E714.90464
G1 X118.027 Y88.977 E715.29216
G1 X117.261 Y89.46 E715.66865
G1 X116.42 Y89.929 E716.06899
G1 X115.634 Y90.313 E716.43268
G1 X114.764 Y90.68 E716.82525
G1 X113.859 Y91.005 E717.22503
G1 X112.946 Y91.278 E717.62122
G1 X112.094 Y91.485 E717.98574
G1 X111.157 Y91.651 E718.38137
G1 X110.198 Y91.78 E718.78367
G1 F2400 E703.78367
G0 F600 X109.455 Y86.616
G1 F900 E721.78539
G1 F600 X110.984 Y86.413 E722.42666
G1 X111.35 Y86.316 E722.58407
G1 X112.803 Y85.866 E723.21647
G1 X113.045 Y85.77 E723.32471
G1 X113.342 Y85.632 E723.46087
G1 X114.562 Y85.012 E724.02982
G1 X114.814 Y84.867 E724.1507
G1 X115.096 Y84.675 E724.29253
G1 X116.207 Y83.851 E724.86761
G1 X116.375 Y83.708 E724.95933
G1 X116.626 Y83.474 E725.102
G1 X117.61 Y82.452 E725.69183
G1 X117.94 Y82.048 E725.90871
G1 X118.735 Y80.866 E726.50094
G1 X119.012 Y80.386 E726.73135
G1 X119.614 Y79.068 E727.33376
G1 X119.714 Y78.824 E727.44339
G1 X119.824 Y78.511 E727.58132
G1 X120.16 Y77.23 E728.13192
G1 X120.243 Y76.866 E728.28714
G1 X120.288 Y76.595 E728.40135
G1 X120.428 Y74.908 E729.10513
G1 X120.416 Y74.401 E729.31598
G1 X120.27 Y72.754 E730.0034
G1 X120.182 Y72.373 E730.16598
G1 X119.792 Y70.91 E730.79546
G1 X119.634 Y70.497 E730.9793
G1 X119.006 Y69.118 E731.60928
G1 X118.749 Y68.677 E731.82149
G1 X118.038 Y67.621 E732.35076
G1 X117.808 Y67.309 E732.51191
G1 X117.629 Y67.092 E732.62886
G1 X116.639 Y66.056 E733.22462
G1 X116.409 Y65.836 E733.35694
G1 X116.241 Y65.695 E733.44813
G1 X115.112 Y64.856 E734.03293
G1 X114.814 Y64.653 E734.18284
G1 X114.55 Y64.498 E734.31012
G1 X113.374 Y63.906 E734.8575
G1 X113.012 Y63.736 E735.02377
G1 X112.789 Y63.652 E735.12284
G1 X111.163 Y63.155 E735.82973
G1 X110.876 Y63.095 E735.95163
G1 X109.19 Y62.878 E736.65837
G1 X108.914 Y62.868 E736.77319
G1 X107.427 Y62.92 E737.39179
G1 X107.097 Y62.95 E737.52955
G1 X106.607 Y63.029 E737.7359
G1 X105.21 Y63.335 E738.33048
G1 X104.738 Y63.49 E738.53702
G1 X103.508 Y63.978 E739.08717
G1 X103.144 Y64.145 E739.25368
G1 X102.927 Y64.265 E739.35677
G1 X101.689 Y65.03 E739.96181
G1 X101.268 Y65.336 E740.17819
G1 X100.183 Y66.288 E740.7783
G1 X99.807 Y66.665 E740.99967
G1 X98.791 Y67.919 E741.67067
G1 X98.671 Y68.091 E741.75786
G1 X98.465 Y68.425 E741.92101
G1 X97.853 Y69.52 E742.44254
G1 X97.697 Y69.833 E742.58793
G1 X97.559 Y70.168 E742.73856
G1 X97.132 Y71.372 E743.26968
G1 X97.016 Y71.749 E743.43367
G1 X96.932 Y72.128 E743.59506
G1 X96.689 Y73.583 E744.20836
G1 X96.66 Y73.952 E744.36224
G1 X96.663 Y75.647 E745.06694
G1 X96.689 Y75.937 E745.18799
G1 X96.933 Y77.397 E745.80341
G1 X97.013 Y77.765 E745.95998
G1 X97.133 Y78.152 E746.12843
G1 X97.524 Y79.264 E746.6185
G1 X97.699 Y79.691 E746.81035
G1 X97.862 Y80.02 E746.963
G1 X98.442 Y81.06 E747.45808
G1 X98.638 Y81.383 E747.61516
G1 X98.876 Y81.712 E747.78398
G1 X99.67 Y82.694 E748.309
G1 X99.945 Y83.004 E748.48129
G1 X100.181 Y83.232 E748.61772
G1 X101.246 Y84.167 E749.20692
G1 X101.65 Y84.47 E749.41687
G1 X102.905 Y85.244 E750.02989
G1 X103.344 Y85.474 E750.23594
G1 X104.665 Y86.008 E750.82832
G1 X104.95 Y86.11 E750.95417
G1 X105.41 Y86.238 E751.15269
G1 X106.592 Y86.491 E751.65523
G1 X107.087 Y86.57 E751.86364
G1 X107.42 Y86.6 E752.00264
G1 X108.62 Y86.652 E752.50201
G1 X109.081 Y86.647 E752.69369
G1 X109.455 Y86.616 E752.84971
G1 F2400 E737.84971
G0 F600 X120.166 Y69.254
G1 F900 E755.85144
G1 F600 X124.584 Y73.672 E758.44905
G0 X124.534 Y76.451
G1 X121.32 Y73.236 E760.33905
G0 X121.333 Y76.078
G1 X124.094 Y78.839 E761.96242
G0 X123.381 Y80.955
G1 X120.874 Y78.447 E763.43673
G0 X120.072 Y80.474
G1 X122.443 Y82.845 E764.83079
G0 X121.313 Y84.543
G1 X119.013 Y82.244 E766.18281
G0 X117.719 Y83.778
G1 X119.994 Y86.053 E767.52042
G0 X118.498 Y87.386
G1 X116.209 Y85.096 E768.86656
G0 X114.466 Y86.181
G1 X116.832 Y88.547 E770.25767
G0 X114.965 Y89.509
G1 X112.471 Y87.015 E771.72405
G0 X110.157 Y87.53
G1 X112.881 Y90.254 E773.32566
G0 X110.526 Y90.727
G1 X107.4 Y87.601 E775.16363
G0 X107.804 Y90.834
G1 X103.645 Y86.674 E777.60925
G0 X104.474 Y90.332
G1 X80.806 Y66.664 E791.52513
G0 X77.978 Y66.664
G1 X99.153 Y87.839 E803.97522
G1 X99.506 Y88.192
G1 F2400 E788.97522
G0 F600 X96.592 Y79.622
G1 F900 E806.97695
G1 F600 X83.634 Y66.664 E814.59575
G0 X86.463 Y66.664
G1 X95.679 Y75.88 E820.01441
G0 X95.752 Y73.125
G1 X89.291 Y66.664 E823.81323
G0 X92.093 Y66.637
G1 X96.269 Y70.813 E826.26856
G0 X97.101 Y68.816
G1 X94.276 Y65.992 E827.92925
G0 X95.884 Y64.771
G1 X98.187 Y67.075 E829.28362
G0 X99.502 Y65.561
G1 X97.235 Y63.294 E830.61653
G0 X98.749 Y61.979
G1 X101.038 Y64.268 E831.96238
G0 X102.801 Y63.203
G1 X100.448 Y60.85 E833.34585
G0 X102.332 Y59.906
G1 X104.833 Y62.406 E834.81605
G0 X107.192 Y61.938
G1 X104.45 Y59.195 E836.42853
G0 X106.842 Y58.758
G1 X110.066 Y61.983 E838.32442
G0 X109.615 Y58.703
G1 X114.024 Y63.112 E840.91674
G0 X113.066 Y59.326
G1 X123.971 Y70.231 E847.32846
G1 X124.324 Y70.584
G1 F2400 E832.32846
G0 F600 X91.35 Y82.864
G1 F900 E850.33019
G1 F600 X75.149 Y66.664 E859.85546
G0 X72.321 Y66.664
G1 X88.521 Y82.864 E869.38044
G0 X85.693 Y82.864
G1 X69.492 Y66.664 E878.90571
G0 X66.664 Y66.664
G1 X82.864 Y82.864 E888.43069
G0 X80.036 Y82.864
G1 X63.835 Y66.664 E897.95597
G0 X61.007 Y66.664
G1 X77.208 Y82.864 E907.48124
G0 X74.379 Y82.864
G1 X58.179 Y66.664 E917.00622
G0 X55.35 Y66.664
G1 X71.551 Y82.864 E926.53149
G0 X68.722 Y82.864
G1 X52.522 Y66.664 E936.05647
G0 X49.693 Y66.664
G1 X65.893 Y82.864 E945.58145
G0 X63.065 Y82.864
G1 X49.432 Y69.231 E953.59713
G0 X49.432 Y72.059
G1 X60.236 Y82.864 E959.94976
G0 X57.408 Y82.864
G1 X49.432 Y74.888 E964.63935
G0 X49.432 Y77.716
G1 X54.579 Y82.864 E967.66588
G0 X51.751 Y82.864
G1 X49.432 Y80.544 E969.02966
G1 F2400 E954.02966
;MESH:NONMESH
G0 F600 Z3
G0 X50.777 Y65.764
;TIME_ELAPSED:1235.745190
;LAYER:1
;TYPE:FILL
;MESH:single_lug_connector_thickness_5mm.stl
G1 F900 E972.03138
G1 F600 X48.532 Y68.01 E973.35165
G1 X48.532 Y65.764 E974.28543
G1 X53.606 Y65.764 E976.39495
G1 X48.532 Y70.838 E979.37827
G1 X48.532 Y73.666 E980.55402
G1 X56.434 Y65.764 E985.20009
G1 X59.263 Y65.764 E986.37625
G1 X48.532 Y76.495 E992.68567
G1 X48.532 Y79.323 E993.86141
G1 X62.091 Y65.764 E1001.83359
G1 X64.919 Y65.764 E1003.00933
G1 X48.532 Y82.152 E1012.64455
G1 X48.532 Y83.764 E1013.31475
G1 X49.747 Y83.765 E1013.81988
G1 X67.748 Y65.764 E1024.40378
G1 X70.576 Y65.764 E1025.57953
G1 X52.576 Y83.765 E1036.16313
G1 X55.404 Y83.765 E1037.33888
G1 X73.405 Y65.764 E1047.92278
G1 X76.233 Y65.764 E1049.09852
G1 X58.232 Y83.765 E1059.68242
G1 X61.061 Y83.765 E1060.85858
G1 X79.062 Y65.764 E1071.44248
G1 X81.89 Y65.764 E1072.61823
G1 X63.889 Y83.765 E1083.20212
G1 X66.718 Y83.765 E1084.37828
G1 X84.718 Y65.764 E1094.96189
G1 X87.547 Y65.764 E1096.13805
G1 X69.546 Y83.765 E1106.72195
G1 X72.375 Y83.765 E1107.89811
G1 X90.375 Y65.764 E1118.48171
G1 X91.578 Y65.764 E1118.98186
G1 X91.936 Y65.751 E1119.1308
G1 X92.362 Y65.701 E1119.30913
G1 X92.985 Y65.559 E1119.57478
G1 X93.385 Y65.42 E1119.75084
G1 X93.676 Y65.291 E1119.88318
G1 X75.203 Y83.765 E1130.74489
G1 X78.031 Y83.765 E1131.92063
G1 X103.152 Y58.644 E1146.69082
G1 X103.808 Y58.436 E1146.97693
G1 X104.701 Y58.201 E1147.36084
G1 X105.628 Y58.014 E1147.754
G1 X106.508 Y57.884 E1148.12384
G1 X106.763 Y57.861 E1148.23028
G1 X80.86 Y83.765 E1163.46055
G1 X83.688 Y83.765 E1164.63629
G1 X97.568 Y69.885 E1172.7972
G1 X97.774 Y69.464 E1172.99206
G1 X98.375 Y68.385 E1173.50555
G1 X98.581 Y68.05 E1173.66906
G1 X98.743 Y67.823 E1173.785
G1 X99.734 Y66.6 E1174.43944
G1 X100.098 Y66.232 E1174.65464
G1 X101.198 Y65.268 E1175.26273
G1 X101.403 Y65.107 E1175.3711
G1 X101.629 Y64.95 E1175.48551
G1 X102.86 Y64.19 E1176.08698
G1 X103.111 Y64.053 E1176.20586
G1 X103.493 Y63.878 E1176.38055
G1 X104.673 Y63.407 E1176.90878
G1 X104.963 Y63.304 E1177.03672
G1 X105.222 Y63.228 E1177.14894
G1 X106.614 Y62.926 E1177.74113
G1 X107.076 Y62.85 E1177.93579
G1 X107.458 Y62.823 E1178.09501
G1 X112.129 Y58.152 E1180.84137
G1 X111.136 Y57.967 E1181.26132
G1 X110.192 Y57.844 E1181.65711
G1 X109.648 Y57.805 E1181.88386
G1 X103.629 Y63.824 E1185.4228
G1 X103.276 Y64.177
G1 F2400 E1170.4228
G0 F600 X108.909 Y62.768
G1 F900 E1188.42452
G1 F600 X109.2 Y62.78 E1188.54561
G1 X110.2 Y62.909 E1188.96481
G1 X114.321 Y58.788 E1191.3878
G1 X114.726 Y58.933 E1191.56664
G1 X115.579 Y59.295 E1191.95189
G1 X116.296 Y59.642 E1192.28306
G1 X112.485 Y63.453 E1194.52378
G1 X112.812 Y63.554 E1194.66607
G1 X113.094 Y63.664 E1194.79192
G1 X113.399 Y63.806 E1194.93179
G1 X114.435 Y64.332 E1195.41485
G1 X118.07 Y60.697 E1197.55209
G1 X118.734 Y61.166 E1197.89006
G1 X119.476 Y61.759 E1198.28497
G1 X119.667 Y61.928 E1198.391
G1 X116.116 Y65.479 E1200.47885
G1 X116.286 Y65.604 E1200.56658
G1 X116.478 Y65.765 E1200.67075
G1 X116.691 Y65.967 E1200.7928
G1 X117.553 Y66.87 E1201.31181
G1 X121.097 Y63.326 E1203.39555
G1 X121.444 Y63.709 E1203.61041
G1 X122.015 Y64.412 E1203.98695
G1 X122.36 Y64.892 E1204.23271
G1 X118.751 Y68.501 E1206.35466
G1 X118.843 Y68.638 E1206.42327
G1 X119.094 Y69.071 E1206.63135
G1 X119.695 Y70.385 E1207.23208
G1 X123.451 Y66.629 E1209.44047
G1 X123.526 Y66.76 E1209.50322
G1 X123.936 Y67.582 E1209.88512
G1 X124.309 Y68.44 E1210.27409
G1 X124.351 Y68.558 E1210.32616
G1 X120.33 Y72.579 E1212.69036
G1 X120.39 Y72.919 E1212.8339
G1 X120.518 Y74.369 E1213.43908
G1 X120.533 Y74.91 E1213.66409
G1 X120.391 Y76.602 E1214.37001
G1 X120.341 Y76.901 E1214.49605
G1 X120.263 Y77.24 E1214.64067
G1 X119.911 Y78.573 E1215.21387
G1 X119.867 Y78.698 E1215.26896
G1 X125.442 Y73.123 E1218.54685
G1 X125.425 Y72.914 E1218.63403
G1 X125.305 Y72.012 E1219.01234
G1 X125.126 Y71.092 E1219.402
G1 X125.03 Y70.707 E1219.56697
G1 X120.506 Y75.231 E1222.22691
G1 X120.153 Y75.584
G1 F2400 E1207.22691
G0 F600 X118.597 Y88.454
G1 F900 E1225.22863
G1 F600 X122.217 Y84.834 E1227.35705
G1 X122.016 Y85.111 E1227.49934
G1 X121.451 Y85.808 E1227.87237
G1 X120.812 Y86.515 E1228.26857
G1 X120.178 Y87.143 E1228.63958
G1 X119.473 Y87.768 E1229.03128
G1 X118.733 Y88.357 E1229.4245
G1 X117.983 Y88.89 E1229.80703
G1 X117.204 Y89.382 E1230.19009
G1 X116.383 Y89.841 E1230.58114
G1 X115.584 Y90.229 E1230.95042
G1 X114.736 Y90.587 E1231.33311
G1 X113.826 Y90.913 E1231.73499
G1 X113.088 Y91.134 E1232.05528
G1 X124.905 Y79.318 E1239.00293
G1 X125.125 Y78.435 E1239.38126
G1 X125.303 Y77.517 E1239.77003
G1 X125.426 Y76.612 E1240.14974
G1 X125.483 Y75.911 E1240.44214
G1 X109.677 Y91.717 E1249.73547
G1 X109.33 Y91.742 E1249.88011
G1 X108.373 Y91.758 E1250.27804
G1 X107.447 Y91.724 E1250.66328
G1 X106.891 Y91.675 E1250.89534
G1 X112.499 Y86.066 E1254.19292
G1 X111.456 Y86.389 E1254.64686
G1 X111.181 Y86.464 E1254.76537
G1 X110.887 Y86.526 E1254.89029
G1 X109.452 Y86.717 E1255.49216
G1 X109.08 Y86.751 E1255.64746
G1 X108.986 Y86.751 E1255.68654
G1 X104.474 Y91.263 E1258.33942
G1 X103.79 Y91.086 E1258.63317
G1 X102.932 Y90.813 E1259.0075
G1 X102.326 Y90.582 E1259.27713
G1 X106.364 Y86.545 E1261.65103
G1 X105.41 Y86.341 E1262.05662
G1 X104.971 Y86.225 E1262.2454
G1 X104.63 Y86.102 E1262.39611
G1 X104.166 Y85.914 E1262.60425
G1 X100.394 Y89.687 E1264.82234
G1 X99.6 Y89.222 E1265.20489
G1 X98.805 Y88.7 E1265.60029
G1 X98.658 Y88.593 E1265.67588
G1 X102.278 Y84.974 E1267.80401
G1 X101.6 Y84.555 E1268.13538
G1 X101.195 Y84.255 E1268.34492
G1 X100.648 Y83.775 E1268.64748
G1 X97.094 Y87.33 E1270.73739
G1 X96.688 Y86.958 E1270.96632
G1 X96.021 Y86.269 E1271.36501
G1 X95.698 Y85.897 E1271.56984
G1 X99.256 Y82.339 E1273.66181
G1 X98.83 Y81.812 E1273.94354
G1 X98.585 Y81.481 E1274.11475
G1 X98.375 Y81.139 E1274.2816
G1 X98.107 Y80.66 E1274.5098
G1 X94.223 Y84.544 E1276.79344
G1 X93.795 Y84.29 E1277.00036
G1 X93.384 Y84.107 E1277.1874
G1 X92.983 Y83.969 E1277.36372
G1 X92.36 Y83.827 E1277.62937
G1 X92.137 Y83.801 E1277.72271
G1 X97.225 Y78.713 E1280.71426
G1 X97.034 Y78.171 E1280.95318
G1 X96.918 Y77.794 E1281.11717
G1 X96.84 Y77.44 E1281.26788
G1 X96.625 Y76.186 E1281.79684
G1 X96.586 Y75.907 E1281.91396
G1 X96.561 Y75.613 E1282.03663
G1 X96.561 Y73.911 E1282.74424
G1 X96.579 Y73.702 E1282.83146
G1 X86.517 Y83.765 E1288.74782
G1 X89.345 Y83.765 E1289.92357
G1 X96.669 Y76.441 E1294.2298
G1 X97.022 Y76.088
G1 F2400 E1279.2298
G0 F600 X93.819 Y86.789
;TYPE:WALL-INNER
G1 F900 E1297.23153
G1 F600 X94.549 Y87.624 E1297.69264
G1 X95.285 Y88.385 E1298.13279
G1 X96.027 Y89.064 E1298.55095
G1 X96.847 Y89.742 E1298.9933
G1 X97.659 Y90.34 E1299.41256
G1 X98.55 Y90.925 E1299.85571
G1 X99.441 Y91.446 E1300.28482
G1 X100.337 Y91.904 E1300.70318
G1 X101.301 Y92.333 E1301.14186
G1 X102.272 Y92.701 E1301.57358
G1 X103.236 Y93.008 E1301.99419
G1 X104.256 Y93.273 E1302.43234
G1 X105.279 Y93.483 E1302.86652
G1 X106.27 Y93.627 E1303.28286
G1 X107.313 Y93.72 E1303.71821
G1 X108.362 Y93.759 E1304.15463
G1 X109.407 Y93.742 E1304.58915
G1 X110.406 Y93.67 E1305.00556
G1 X111.446 Y93.534 E1305.44163
G1 X112.479 Y93.347 E1305.87808
G1 X113.457 Y93.111 E1306.29635
G1 X114.456 Y92.812 E1306.72989
G1 X115.452 Y92.456 E1307.16964
G1 X116.407 Y92.051 E1307.60091
G1 X117.316 Y91.61 E1308.02096
G1 X118.222 Y91.104 E1308.45239
G1 X119.093 Y90.554 E1308.88066
G1 X119.938 Y89.954 E1309.31153
G1 X120.765 Y89.294 E1309.75143
G1 X121.541 Y88.608 E1310.18204
G1 X122.257 Y87.899 E1310.60097
G1 X122.968 Y87.112 E1311.04192
G1 X123.606 Y86.326 E1311.4628
G1 X124.209 Y85.492 E1311.89068
G1 X124.785 Y84.597 E1312.33317
G1 X125.296 Y83.698 E1312.76309
G1 X125.747 Y82.795 E1313.18274
G1 X126.161 Y81.84 E1313.61548
G1 X126.526 Y80.851 E1314.05377
G1 X126.825 Y79.887 E1314.47339
G1 X127.081 Y78.859 E1314.91384
G1 X127.278 Y77.845 E1315.34329
G1 X127.415 Y76.821 E1315.77281
G1 X127.499 Y75.805 E1316.19666
G1 X127.53 Y74.75 E1316.63547
G1 X127.499 Y73.721 E1317.06347
G1 X127.416 Y72.708 E1317.48604
G1 X127.278 Y71.683 E1317.91603
G1 X127.081 Y70.669 E1318.34548
G1 X126.825 Y69.641 E1318.78593
G1 X126.525 Y68.674 E1319.20686
G1 X126.169 Y67.703 E1319.63683
G1 X125.747 Y66.731 E1320.07739
G1 X125.295 Y65.824 E1320.4987
G1 X124.785 Y64.927 E1320.9277
G1 X124.209 Y64.032 E1321.37019
G1 X123.606 Y63.198 E1321.79807
G1 X122.971 Y62.415 E1322.2172
G1 X122.256 Y61.628 E1322.65926
G1 X121.538 Y60.917 E1323.07937
G1 X120.761 Y60.227 E1323.51139
G1 X119.936 Y59.568 E1323.95038
G1 X119.091 Y58.971 E1324.38053
G1 X118.222 Y58.42 E1324.80832
G1 X117.313 Y57.914 E1325.24084
G1 X116.405 Y57.472 E1325.6607
G1 X115.454 Y57.069 E1326.09011
G1 X114.453 Y56.712 E1326.53196
G1 X113.458 Y56.414 E1326.96378
G1 X112.471 Y56.177 E1327.38579
G1 X111.444 Y55.99 E1327.81979
G1 X110.406 Y55.855 E1328.25498
G1 X109.407 Y55.783 E1328.67139
G1 X108.362 Y55.766 E1329.10591
G1 X107.313 Y55.803 E1329.5423
G1 X106.276 Y55.896 E1329.97517
G1 X105.282 Y56.044 E1330.39298
G1 X104.25 Y56.252 E1330.83066
G1 X103.248 Y56.515 E1331.26136
G1 X102.268 Y56.826 E1331.68882
G1 X101.294 Y57.196 E1332.12199
G1 X100.335 Y57.622 E1332.55827
G1 X99.441 Y58.078 E1332.97551
G1 X98.55 Y58.599 E1333.40462
G1 X97.659 Y59.184 E1333.84777
G1 X96.847 Y59.782 E1334.26703
G1 X96.03 Y60.458 E1334.70789
G1 X95.286 Y61.143 E1335.12835
G1 X94.549 Y61.901 E1335.56789
G1 X93.823 Y62.734 E1336.02729
G1 X93.677 Y62.89 E1336.11612
G1 X93.485 Y63.066 E1336.22441
G1 X93.283 Y63.22 E1336.33001
G1 X92.894 Y63.452 E1336.51832
G1 X92.654 Y63.558 E1336.6274
G1 X92.423 Y63.638 E1336.72903
G1 X92.034 Y63.727 E1336.89494
G1 X91.785 Y63.756 E1336.99916
G1 X91.56 Y63.764 E1337.09276
G1 X46.532 Y63.764 E1355.81323
G1 X46.532 Y85.764 E1364.95977
G1 X91.56 Y85.764 E1383.68023
G1 X91.784 Y85.772 E1383.77342
G1 X92.033 Y85.801 E1383.87764
G1 X92.422 Y85.89 E1384.04355
G1 X92.653 Y85.97 E1384.14518
G1 X92.892 Y86.076 E1384.25388
G1 X93.283 Y86.307 E1384.44269
G1 X93.484 Y86.461 E1384.54797
G1 X93.676 Y86.637 E1384.65625
G1 X93.819 Y86.789 E1384.74302
G1 F2400 E1369.74302
G0 F600 X110.539 Y84.556
G1 F900 E1387.74474
G1 F600 X109.044 Y84.748 E1388.3714
G1 X108.696 Y84.754 E1388.5161
G1 X107.508 Y84.702 E1389.01049
G1 X107.209 Y84.674 E1389.13534
G1 X105.852 Y84.39 E1389.71174
G1 X105.571 Y84.316 E1389.83255
G1 X105.36 Y84.24 E1389.92579
G1 X104.256 Y83.796 E1390.42051
G1 X104.014 Y83.686 E1390.53103
G1 X103.861 Y83.602 E1390.60359
G1 X102.715 Y82.894 E1391.16364
G1 X102.461 Y82.705 E1391.29526
G1 X101.457 Y81.824 E1391.8506
G1 X101.32 Y81.692 E1391.92969
G1 X101.143 Y81.491 E1392.04104
G1 X100.399 Y80.571 E1392.53295
G1 X100.244 Y80.362 E1392.64113
G1 X100.112 Y80.146 E1392.74638
G1 X99.532 Y79.106 E1393.24145
G1 X99.414 Y78.871 E1393.35078
G1 X99.323 Y78.645 E1393.45207
G1 X98.927 Y77.524 E1393.94635
G1 X98.854 Y77.285 E1394.05025
G1 X98.798 Y77.031 E1394.15839
G1 X98.574 Y75.686 E1394.72527
G1 X98.56 Y75.517 E1394.79578
G1 X98.56 Y74.007 E1395.42356
G1 X98.574 Y73.838 E1395.49406
G1 X98.805 Y72.458 E1396.07578
G1 X98.853 Y72.239 E1396.16899
G1 X98.927 Y72 E1396.27301
G1 X99.323 Y70.879 E1396.7673
G1 X99.414 Y70.652 E1396.86897
G1 X99.531 Y70.418 E1396.97774
G1 X100.111 Y69.378 E1397.47282
G1 X100.244 Y69.162 E1397.57828
G1 X100.337 Y69.032 E1397.64473
G1 X101.229 Y67.931 E1398.23385
G1 X101.457 Y67.7 E1398.36879
G1 X102.47 Y66.811 E1398.92913
G1 X102.725 Y66.623 E1399.06084
G1 X103.866 Y65.919 E1399.61824
G1 X104.013 Y65.839 E1399.68782
G1 X104.259 Y65.727 E1399.8002
G1 X105.39 Y65.274 E1400.30673
G1 X105.69 Y65.174 E1400.4382
G1 X107.01 Y64.886 E1400.9999
G1 X107.307 Y64.838 E1401.12498
G1 X107.508 Y64.822 E1401.20882
G1 X108.696 Y64.77 E1401.7032
G1 X109.044 Y64.775 E1401.8479
G1 X110.543 Y64.968 E1402.47625
G1 X110.706 Y65.002 E1402.54548
G1 X112.148 Y65.441 E1403.17216
G1 X112.512 Y65.598 E1403.33697
G1 X113.664 Y66.182 E1403.87394
G1 X113.957 Y66.368 E1404.01823
G1 X115.039 Y67.168 E1404.57768
G1 X115.278 Y67.382 E1404.71106
G1 X116.198 Y68.347 E1405.26537
G1 X116.307 Y68.473 E1405.33463
G1 X116.464 Y68.685 E1405.44431
G1 X117.156 Y69.713 E1405.95952
G1 X117.314 Y69.985 E1406.0903
G1 X117.873 Y71.21 E1406.65011
G1 X117.986 Y71.505 E1406.78145
G1 X118.335 Y72.821 E1407.34749
G1 X118.406 Y73.179 E1407.49923
G1 X118.531 Y74.673 E1408.12253
G1 X118.532 Y74.853 E1408.19737
G1 X118.422 Y76.198 E1408.75842
G1 X118.378 Y76.515 E1408.89148
G1 X117.998 Y77.983 E1409.52192
G1 X117.866 Y78.329 E1409.67588
G1 X117.315 Y79.539 E1410.22864
G1 X117.157 Y79.814 E1410.3605
G1 X116.402 Y80.932 E1410.92137
G1 X116.208 Y81.17 E1411.04903
G1 X115.314 Y82.102 E1411.58596
G1 X115.14 Y82.268 E1411.68594
G1 X115.024 Y82.365 E1411.7488
G1 X113.987 Y83.134 E1412.28555
G1 X113.806 Y83.258 E1412.37676
G1 X113.554 Y83.4 E1412.49702
G1 X112.312 Y84.019 E1413.07396
G1 X112.019 Y84.125 E1413.2035
G1 X110.711 Y84.52 E1413.77156
G1 X110.539 Y84.556 E1413.84462
G0 X110.21 Y82.583
;TYPE:WALL-OUTER
G1 X108.879 Y82.755 E1414.40259
G1 X107.496 Y82.694 E1414.97813
G1 X106.177 Y82.41 E1415.53908
G1 X104.922 Y81.904 E1416.10166
G1 X103.819 Y81.226 E1416.63994
G1 X103.711 Y81.143 E1416.69657
G1 X102.803 Y80.344 E1417.19941
G1 X102.723 Y80.263 E1417.24675
G1 X101.902 Y79.244 E1417.79079
G1 X101.278 Y78.132 E1418.32093
G1 X101.209 Y77.978 E1418.39108
G1 X100.788 Y76.778 E1418.9198
G1 X100.557 Y75.41 E1419.4966
G1 X100.557 Y74.114 E1420.03541
G1 X100.57 Y73.999 E1420.08353
G1 X100.788 Y72.746 E1420.61229
G1 X101.239 Y71.47 E1421.17495
G1 X101.858 Y70.352 E1421.70625
G1 X101.933 Y70.237 E1421.76333
G1 X102.759 Y69.222 E1422.30739
G1 X103.738 Y68.358 E1422.85025
G1 X103.823 Y68.295 E1422.89424
G1 X104.872 Y67.647 E1423.40687
G1 X105.003 Y67.583 E1423.46748
G1 X106.119 Y67.136 E1423.9673
G1 X106.23 Y67.1 E1424.01581
G1 X107.492 Y66.83 E1424.55236
G1 X108.784 Y66.768 E1425.09013
G1 X108.9 Y66.77 E1425.13837
G1 X110.238 Y66.947 E1425.69949
G1 X111.476 Y67.325 E1426.23765
G1 X111.612 Y67.384 E1426.29928
G1 X112.7 Y67.935 E1426.80632
G1 X112.797 Y67.998 E1426.8544
G1 X113.784 Y68.725 E1427.36405
G1 X113.864 Y68.796 E1427.40852
G1 X114.753 Y69.733 E1427.94552
G1 X115.479 Y70.803 E1428.4831
G1 X115.536 Y70.902 E1428.5306
G1 X116.084 Y72.123 E1429.08701
G1 X116.4 Y73.327 E1429.60453
G1 X116.424 Y73.446 E1429.655
G1 X116.532 Y74.733 E1430.19196
G1 X116.529 Y74.849 E1430.2402
G1 X116.424 Y76.078 E1430.75302
G1 X116.389 Y76.24 E1430.82192
G1 X116.084 Y77.401 E1431.32099
G1 X116.044 Y77.505 E1431.36732
G1 X115.51 Y78.675 E1431.90202
G1 X114.788 Y79.751 E1432.44074
G1 X114.701 Y79.854 E1432.49679
G1 X113.815 Y80.77 E1433.02662
G1 X112.738 Y81.566 E1433.58341
G1 X111.497 Y82.191 E1434.1611
G1 X110.21 Y82.583 E1434.72044
G0 X109.219 Y82.711
G1 F2400 E1419.72044
G0 F600 X92.313 Y88.105
G1 F900 E1437.72216
G1 F600 X93.077 Y88.978 E1438.20448
G1 X93.89 Y89.819 E1438.69079
G1 X94.713 Y90.573 E1439.15484
G1 X95.616 Y91.319 E1439.64181
G1 X96.516 Y91.982 E1440.10655
G1 X97.496 Y92.625 E1440.59386
G1 X98.481 Y93.202 E1441.06847
G1 X99.475 Y93.709 E1441.53238
G1 X100.538 Y94.183 E1442.01627
G1 X101.614 Y94.591 E1442.49469
G1 X102.682 Y94.93 E1442.96055
G1 X103.803 Y95.221 E1443.44205
G1 X104.933 Y95.454 E1443.92174
G1 X106.037 Y95.614 E1444.38552
G1 X107.187 Y95.717 E1444.86555
G1 X108.342 Y95.759 E1445.34606
G1 X109.495 Y95.74 E1445.82549
G1 X110.607 Y95.66 E1446.289
G1 X111.754 Y95.511 E1446.76987
G1 X112.893 Y95.305 E1447.2511
G1 X113.979 Y95.042 E1447.71565
G1 X115.08 Y94.713 E1448.1934
G1 X116.18 Y94.32 E1448.67903
G1 X117.234 Y93.873 E1449.15501
G1 X118.241 Y93.384 E1449.62043
G1 X119.244 Y92.824 E1450.09802
G1 X120.207 Y92.216 E1450.57151
G1 X121.142 Y91.552 E1451.04829
G1 X122.052 Y90.826 E1451.53227
G1 X122.908 Y90.069 E1452.00736
G1 X123.704 Y89.281 E1452.47303
G1 X124.488 Y88.413 E1452.95931
G1 X125.194 Y87.543 E1453.42513
G1 X125.861 Y86.62 E1453.89858
G1 X126.496 Y85.633 E1454.38651
G1 X127.061 Y84.64 E1454.8615
G1 X127.561 Y83.641 E1455.32596
G1 X128.019 Y82.584 E1455.80488
G1 X128.42 Y81.494 E1456.28775
G1 X128.752 Y80.426 E1456.75273
G1 X129.035 Y79.291 E1457.23906
G1 X129.252 Y78.169 E1457.71417
G1 X129.405 Y77.036 E1458.1895
G1 X129.497 Y75.916 E1458.65671
G1 X129.531 Y74.749 E1459.14209
G1 X129.497 Y73.609 E1459.61626
G1 X129.405 Y72.492 E1460.08223
G1 X129.252 Y71.359 E1460.55755
G1 X129.035 Y70.237 E1461.03267
G1 X128.752 Y69.102 E1461.51899
G1 X128.42 Y68.033 E1461.98437
G1 X128.027 Y66.96 E1462.45945
G1 X127.561 Y65.887 E1462.94581
G1 X127.061 Y64.883 E1463.41212
G1 X126.496 Y63.891 E1463.88675
G1 X125.861 Y62.904 E1464.37469
G1 X125.194 Y61.981 E1464.84814
G1 X124.489 Y61.112 E1465.31337
G1 X123.701 Y60.244 E1465.80077
G1 X122.907 Y59.458 E1466.26526
G1 X122.051 Y58.697 E1466.74145
G1 X121.138 Y57.968 E1467.22719
G1 X120.203 Y57.308 E1467.70301
G1 X119.244 Y56.7 E1468.17509
G1 X118.237 Y56.14 E1468.65413
G1 X117.233 Y55.651 E1469.11843
G1 X116.18 Y55.205 E1469.59386
G1 X115.076 Y54.811 E1470.08121
G1 X113.979 Y54.482 E1470.55736
G1 X112.885 Y54.219 E1471.02515
G1 X111.753 Y54.013 E1471.50351
G1 X110.607 Y53.864 E1471.98397
G1 X109.495 Y53.784 E1472.44748
G1 X108.342 Y53.765 E1472.92691
G1 X107.187 Y53.807 E1473.40742
G1 X106.039 Y53.91 E1473.88662
G1 X104.937 Y54.074 E1474.34982
G1 X103.798 Y54.303 E1474.83284
G1 X102.691 Y54.593 E1475.30861
G1 X101.61 Y54.937 E1475.78024
G1 X100.533 Y55.346 E1476.25921
G1 X99.475 Y55.816 E1476.74052
G1 X98.481 Y56.322 E1477.20424
G1 X97.496 Y56.899 E1477.67885
G1 X96.516 Y57.542 E1478.16615
G1 X95.616 Y58.205 E1478.6309
G1 X94.714 Y58.95 E1479.11728
G1 X93.89 Y59.709 E1479.58304
G1 X93.077 Y60.546 E1480.06816
G1 X92.266 Y61.473 E1480.58024
G1 X92.135 Y61.583 E1480.65136
G1 X92.005 Y61.66 E1480.71417
G1 X91.848 Y61.722 E1480.78435
G1 X91.635 Y61.762 E1480.87445
G1 X44.532 Y61.764 E1500.45761
G1 X44.532 Y87.764 E1511.26715
G1 X91.635 Y87.766 E1530.8503
G1 X91.848 Y87.806 E1530.94041
G1 X92.004 Y87.868 E1531.0102
G1 X92.135 Y87.945 E1531.07337
G1 X92.202 Y87.996 E1531.10838
G1 X92.313 Y88.105 E1531.17306
G0 X92.971 Y88.857
G1 F2400 E1516.17306
;MESH:NONMESH
G0 F600 Z3.5
G0 X48.532 Y81.52
;TIME_ELAPSED:1387.793154
;LAYER:2
;TYPE:FILL
;MESH:single_lug_connector_thickness_5mm.stl
G1 F900 E1534.17478
G1 F600 X50.776 Y83.764 E1535.49417
G1 X48.532 Y83.764 E1536.42712
G1 X48.532 Y78.691 E1538.53623
G1 X53.604 Y83.764 E1541.51866
G1 X56.433 Y83.764 E1542.69482
G1 X48.532 Y75.863 E1547.34031
G1 X48.532 Y73.034 E1548.51647
G1 X59.261 Y83.764 E1554.825
G1 X62.09 Y83.764 E1556.00117
G1 X48.532 Y70.206 E1563.97275
G1 X48.532 Y67.377 E1565.14891
G1 X64.918 Y83.764 E1574.78355
G1 X67.746 Y83.764 E1575.95929
G1 X49.747 Y65.764 E1586.54231
G1 X52.576 Y65.764 E1587.71847
G1 X70.575 Y83.764 E1598.30149
G1 X73.403 Y83.764 E1599.47723
G1 X55.404 Y65.764 E1610.06025
G1 X58.232 Y65.764 E1611.23599
G1 X76.232 Y83.764 E1621.8193
G1 X79.06 Y83.764 E1622.99505
G1 X61.061 Y65.764 E1633.57807
G1 X63.889 Y65.764 E1634.75381
G1 X81.889 Y83.764 E1645.33712
G1 X84.717 Y83.764 E1646.51287
G1 X66.718 Y65.764 E1657.09588
G1 X69.546 Y65.764 E1658.27163
G1 X87.545 Y83.764 E1668.85465
G1 X90.374 Y83.764 E1670.03081
G1 X72.375 Y65.764 E1680.61382
G1 X75.203 Y65.764 E1681.78957
G1 X93.675 Y84.236 E1692.6504
G1 X93.795 Y84.29 E1692.70511
G1 X94.418 Y84.658 E1693.00593
G1 X94.768 Y84.927 E1693.18946
G1 X95.083 Y85.214 E1693.36662
G1 X95.312 Y85.457 E1693.50544
G1 X96.021 Y86.269 E1693.95361
G1 X96.688 Y86.958 E1694.3523
G1 X97.33 Y87.546 E1694.71425
G1 X98.082 Y88.168 E1695.11998
G1 X98.805 Y88.7 E1695.49318
G1 X99.6 Y89.222 E1695.88858
G1 X100.406 Y89.694 E1696.27691
G1 X101.183 Y90.091 E1696.63967
G1 X102.07 Y90.485 E1697.04319
G1 X102.932 Y90.813 E1697.42663
G1 X103.148 Y90.882 E1697.5209
G1 X78.031 Y65.764 E1712.28903
G1 X80.86 Y65.764 E1713.46519
G1 X106.758 Y91.662 E1728.69222
G1 X107.447 Y91.724 E1728.97983
G1 X108.373 Y91.758 E1729.36508
G1 X109.33 Y91.742 E1729.76301
G1 X109.643 Y91.719 E1729.89349
G1 X103.614 Y85.691 E1733.43802
G1 X103.303 Y85.564 E1733.57768
G1 X102.862 Y85.335 E1733.78427
G1 X101.6 Y84.555 E1734.40108
G1 X101.195 Y84.255 E1734.61062
G1 X100.105 Y83.299 E1735.2134
G1 X99.878 Y83.078 E1735.34511
G1 X99.602 Y82.767 E1735.51798
G1 X98.83 Y81.812 E1736.02853
G1 X98.585 Y81.481 E1736.19974
G1 X98.375 Y81.139 E1736.36659
G1 X97.773 Y80.06 E1736.88029
G1 X97.572 Y79.649 E1737.0705
G1 X83.688 Y65.764 E1745.23405
G1 X86.517 Y65.764 E1746.41022
G1 X96.579 Y75.827 E1752.32658
G1 X96.561 Y75.613 E1752.41587
G1 X96.561 Y73.911 E1753.12347
G1 X96.586 Y73.617 E1753.24615
G1 X96.668 Y73.087 E1753.46912
G1 X89.345 Y65.764 E1757.77476
G1 X91.578 Y65.764 E1758.70313
G1 X91.936 Y65.751 E1758.85207
G1 X92.137 Y65.728 E1758.93618
G1 X97.224 Y70.815 E1761.92714
G1 X97.444 Y70.192 E1762.20183
G1 X97.589 Y69.832 E1762.36319
G1 X97.774 Y69.464 E1762.53443
G1 X98.106 Y68.869 E1762.8177
G1 X94.223 Y64.986 E1765.10076
G1 X94.42 Y64.868 E1765.19623
G1 X94.769 Y64.6 E1765.37917
G1 X95.085 Y64.311 E1765.55721
G1 X95.319 Y64.062 E1765.69927
G1 X95.695 Y63.629 E1765.93769
G1 X99.257 Y67.191 E1768.03201
G1 X99.734 Y66.6 E1768.34777
G1 X100.098 Y66.232 E1768.56296
G1 X100.645 Y65.751 E1768.8658
G1 X97.093 Y62.199 E1770.95424
G1 X97.343 Y61.967 E1771.09603
G1 X98.082 Y61.356 E1771.49469
G1 X98.657 Y60.934 E1771.79122
G1 X102.274 Y64.551 E1773.91788
G1 X102.86 Y64.19 E1774.20403
G1 X103.111 Y64.053 E1774.32291
G1 X103.493 Y63.878 E1774.4976
G1 X104.673 Y63.407 E1775.02583
G1 X104.963 Y63.304 E1775.15377
G1 X105.222 Y63.228 E1775.26599
G1 X106.36 Y62.981 E1775.75013
G1 X102.325 Y58.946 E1778.12256
G1 X102.043 Y59.053 E1778.24796
G1 X101.201 Y59.426 E1778.63083
G1 X100.391 Y59.84 E1779.00903
G1 X104.162 Y63.611 E1781.22623
G1 X104.515 Y63.964
G1 F2400 E1766.22623
G0 F600 X122.224 Y64.702
G1 F900 E1784.22796
G1 F600 X118.577 Y61.055 E1786.37225
G1 X118.734 Y61.166 E1786.45219
G1 X119.476 Y61.759 E1786.84709
G1 X120.164 Y62.371 E1787.22992
G1 X120.814 Y63.014 E1787.61004
G1 X121.444 Y63.709 E1788.00004
G1 X122.015 Y64.412 E1788.37657
G1 X122.561 Y65.169 E1788.76462
G1 X123.075 Y65.967 E1789.15926
G1 X123.526 Y66.76 E1789.53854
G1 X123.936 Y67.582 E1789.92044
G1 X124.309 Y68.44 E1790.3094
G1 X124.629 Y69.314 E1790.69636
G1 X124.908 Y70.214 E1791.0881
G1 X113.083 Y58.389 E1798.04075
G1 X112.927 Y58.343 E1798.10837
G1 X112.071 Y58.138 E1798.47431
G1 X111.136 Y57.967 E1798.86949
G1 X110.192 Y57.844 E1799.26528
G1 X109.672 Y57.807 E1799.48201
G1 X125.484 Y73.619 E1808.77886
G1 X125.501 Y73.831 E1808.86729
G1 X125.528 Y74.75 E1809.24953
G1 X125.501 Y75.695 E1809.64257
G1 X125.443 Y76.406 E1809.93915
G1 X119.868 Y70.832 E1813.21675
G1 X119.89 Y70.887 E1813.24137
G1 X120.273 Y72.328 E1813.86127
G1 X120.34 Y72.623 E1813.98704
G1 X120.39 Y72.919 E1814.11185
G1 X120.512 Y74.303 E1814.68948
G1 X125.029 Y78.821 E1817.3456
G1 X124.898 Y79.346 E1817.57056
G1 X124.634 Y80.199 E1817.94179
G1 X124.351 Y80.972 E1818.28403
G1 X120.329 Y76.949 E1820.6491
G1 X120.263 Y77.24 E1820.77316
G1 X119.911 Y78.573 E1821.34635
G1 X119.821 Y78.829 E1821.45917
G1 X119.693 Y79.142 E1821.59976
G1 X123.45 Y82.899 E1823.80874
G1 X123.067 Y83.571 E1824.13031
G1 X122.56 Y84.36 E1824.52023
G1 X122.36 Y84.637 E1824.66227
G1 X118.75 Y81.027 E1826.78481
G1 X118.013 Y82.118 E1827.33219
G1 X117.701 Y82.503 E1827.53822
G1 X117.552 Y82.658 E1827.62761
G1 X121.096 Y86.201 E1829.71105
G1 X120.812 Y86.515 E1829.88707
G1 X120.178 Y87.143 E1830.25808
G1 X119.664 Y87.599 E1830.54375
G1 X116.113 Y84.047 E1832.63189
G1 X115.16 Y84.755 E1833.12548
G1 X114.876 Y84.947 E1833.268
G1 X114.639 Y85.088 E1833.38266
G1 X114.431 Y85.194 E1833.47972
G1 X118.067 Y88.83 E1835.61754
G1 X117.204 Y89.382 E1836.04346
G1 X116.293 Y89.884 E1836.4759
G1 X112.482 Y86.073 E1838.71662
G1 X111.456 Y86.389 E1839.16296
G1 X111.181 Y86.464 E1839.28147
G1 X110.887 Y86.526 E1839.40639
G1 X109.452 Y86.717 E1840.00825
G1 X109.08 Y86.751 E1840.16356
G1 X108.634 Y86.753 E1840.34898
G1 X107.454 Y86.702 E1840.84003
G1 X112.127 Y91.374 E1843.58728
G1 X112.934 Y91.18 E1843.93235
G1 X113.826 Y90.913 E1844.31946
G1 X114.317 Y90.737 E1844.53631
G1 X110.198 Y86.618 E1846.95812
G1 X109.845 Y86.265
G1 F2400 E1831.95812
G0 F600 X112.49 Y63.454
G1 F900 E1849.95985
G1 F600 X111.542 Y63.16 E1850.3725
G1 X111.178 Y63.057 E1850.52978
G1 X110.887 Y62.997 E1850.65331
G1 X109.2 Y62.78 E1851.36046
G1 X108.909 Y62.768 E1851.48154
G1 X108.979 Y62.771 E1851.51067
G1 X104.47 Y58.262 E1854.16179
G1 X104.701 Y58.201 E1854.26112
G1 X105.628 Y58.014 E1854.65429
G1 X106.508 Y57.884 E1855.02412
G1 X106.887 Y57.851 E1855.18229
G1 X112.49 Y63.454 E1858.47664
G1 F2400 E1843.47664
G0 F600 X93.819 Y86.789
;TYPE:WALL-INNER
G1 F900 E1861.47836
G1 F600 X94.549 Y87.624 E1861.93948
G1 X95.285 Y88.385 E1862.37963
G1 X96.027 Y89.064 E1862.79778
G1 X96.847 Y89.742 E1863.24014
G1 X97.659 Y90.34 E1863.6594
G1 X98.55 Y90.925 E1864.10254
G1 X99.441 Y91.446 E1864.53166
G1 X100.337 Y91.904 E1864.95002
G1 X101.301 Y92.333 E1865.3887
G1 X102.272 Y92.701 E1865.82041
G1 X103.236 Y93.008 E1866.24103
G1 X104.256 Y93.273 E1866.67918
G1 X105.279 Y93.483 E1867.11336
G1 X106.27 Y93.627 E1867.5297
G1 X107.313 Y93.72 E1867.96504
G1 X108.362 Y93.759 E1868.40147
G1 X109.407 Y93.742 E1868.83599
G1 X110.406 Y93.67 E1869.2524
G1 X111.446 Y93.534 E1869.68846
G1 X112.479 Y93.347 E1870.12492
G1 X113.457 Y93.111 E1870.54319
G1 X114.456 Y92.812 E1870.97673
G1 X115.452 Y92.456 E1871.41648
G1 X116.407 Y92.051 E1871.84775
G1 X117.316 Y91.61 E1872.26779
G1 X118.222 Y91.104 E1872.69923
G1 X119.093 Y90.554 E1873.1275
G1 X119.938 Y89.954 E1873.55837
G1 X120.765 Y89.294 E1873.99826
G1 X121.541 Y88.608 E1874.42888
G1 X122.257 Y87.899 E1874.84781
G1 X122.968 Y87.112 E1875.28876
G1 X123.606 Y86.326 E1875.70964
G1 X124.209 Y85.492 E1876.13751
G1 X124.785 Y84.597 E1876.58001
G1 X125.296 Y83.698 E1877.00993
G1 X125.747 Y82.795 E1877.42957
G1 X126.161 Y81.84 E1877.86232
G1 X126.526 Y80.851 E1878.30061
G1 X126.825 Y79.887 E1878.72023
G1 X127.081 Y78.859 E1879.16067
G1 X127.278 Y77.845 E1879.59013
G1 X127.415 Y76.821 E1880.01965
G1 X127.499 Y75.805 E1880.4435
G1 X127.53 Y74.75 E1880.8823
G1 X127.499 Y73.721 E1881.31031
G1 X127.416 Y72.708 E1881.73287
G1 X127.278 Y71.683 E1882.16286
G1 X127.081 Y70.669 E1882.59232
G1 X126.825 Y69.641 E1883.03276
G1 X126.525 Y68.674 E1883.4537
G1 X126.169 Y67.703 E1883.88367
G1 X125.747 Y66.731 E1884.32422
G1 X125.295 Y65.824 E1884.74554
G1 X124.785 Y64.927 E1885.17453
G1 X124.209 Y64.032 E1885.61703
G1 X123.606 Y63.198 E1886.04491
G1 X122.971 Y62.415 E1886.46403
G1 X122.256 Y61.628 E1886.9061
G1 X121.538 Y60.917 E1887.3262
G1 X120.761 Y60.227 E1887.75823
G1 X119.936 Y59.568 E1888.19722
G1 X119.091 Y58.971 E1888.62736
G1 X118.222 Y58.42 E1889.05516
G1 X117.313 Y57.914 E1889.48768
G1 X116.405 Y57.472 E1889.90754
G1 X115.454 Y57.069 E1890.33695
G1 X114.453 Y56.712 E1890.77879
G1 X113.458 Y56.414 E1891.21062
G1 X112.471 Y56.177 E1891.63263
G1 X111.444 Y55.99 E1892.06663
G1 X110.406 Y55.855 E1892.50181
G1 X109.407 Y55.783 E1892.91823
G1 X108.362 Y55.766 E1893.35275
G1 X107.313 Y55.803 E1893.78914
G1 X106.276 Y55.896 E1894.222
G1 X105.282 Y56.044 E1894.63982
G1 X104.25 Y56.252 E1895.0775
G1 X103.248 Y56.515 E1895.5082
G1 X102.268 Y56.826 E1895.93566
G1 X101.294 Y57.196 E1896.36883
G1 X100.335 Y57.622 E1896.80511
G1 X99.441 Y58.078 E1897.22235
G1 X98.55 Y58.599 E1897.65146
G1 X97.659 Y59.184 E1898.0946
G1 X96.847 Y59.782 E1898.51386
G1 X96.03 Y60.458 E1898.95473
G1 X95.286 Y61.143 E1899.37519
G1 X94.549 Y61.901 E1899.81473
G1 X93.823 Y62.734 E1900.27413
G1 X93.677 Y62.89 E1900.36296
G1 X93.485 Y63.066 E1900.47124
G1 X93.283 Y63.22 E1900.57685
G1 X92.894 Y63.452 E1900.76515
G1 X92.654 Y63.558 E1900.87423
G1 X92.423 Y63.638 E1900.97587
G1 X92.034 Y63.727 E1901.14177
G1 X91.785 Y63.756 E1901.246
G1 X91.56 Y63.764 E1901.3396
G1 X46.532 Y63.764 E1920.06007
G1 X46.532 Y85.764 E1929.2066
G1 X91.56 Y85.764 E1947.92707
G1 X91.784 Y85.772 E1948.02026
G1 X92.033 Y85.801 E1948.12448
G1 X92.422 Y85.89 E1948.29039
G1 X92.653 Y85.97 E1948.39202
G1 X92.892 Y86.076 E1948.50072
G1 X93.283 Y86.307 E1948.68953
G1 X93.484 Y86.461 E1948.7948
G1 X93.676 Y86.637 E1948.90309
G1 X93.819 Y86.789 E1948.98986
G1 F2400 E1933.98986
G0 F600 X110.539 Y84.556
G1 F900 E1951.99158
G1 F600 X109.213 Y84.731 E1952.54765
G1 X108.879 Y84.756 E1952.6869
G1 X107.508 Y84.702 E1953.25734
G1 X107.209 Y84.674 E1953.38219
G1 X105.852 Y84.39 E1953.95859
G1 X105.571 Y84.316 E1954.0794
G1 X105.36 Y84.24 E1954.17264
G1 X104.256 Y83.796 E1954.66736
G1 X104.014 Y83.686 E1954.77787
G1 X103.861 Y83.602 E1954.85044
G1 X102.715 Y82.894 E1955.41048
G1 X102.461 Y82.705 E1955.54211
G1 X101.457 Y81.824 E1956.09745
G1 X101.32 Y81.692 E1956.17654
G1 X101.143 Y81.491 E1956.28789
G1 X100.399 Y80.571 E1956.7798
G1 X100.244 Y80.362 E1956.88798
G1 X100.112 Y80.146 E1956.99322
G1 X99.532 Y79.106 E1957.4883
G1 X99.414 Y78.871 E1957.59763
G1 X99.323 Y78.645 E1957.69892
G1 X98.927 Y77.524 E1958.1932
G1 X98.854 Y77.285 E1958.2971
G1 X98.798 Y77.031 E1958.40523
G1 X98.574 Y75.686 E1958.97212
G1 X98.56 Y75.517 E1959.04263
G1 X98.56 Y74.007 E1959.67041
G1 X98.574 Y73.838 E1959.74091
G1 X98.805 Y72.458 E1960.32263
G1 X98.853 Y72.239 E1960.41584
G1 X98.927 Y72 E1960.51986
G1 X99.323 Y70.879 E1961.01414
G1 X99.414 Y70.652 E1961.11582
G1 X99.531 Y70.418 E1961.22459
G1 X100.111 Y69.378 E1961.71967
G1 X100.244 Y69.162 E1961.82513
G1 X100.337 Y69.032 E1961.89158
G1 X101.229 Y67.931 E1962.4807
G1 X101.457 Y67.7 E1962.61564
G1 X102.47 Y66.811 E1963.17598
G1 X102.725 Y66.623 E1963.30769
G1 X103.866 Y65.919 E1963.86509
G1 X104.013 Y65.839 E1963.93467
G1 X104.259 Y65.727 E1964.04705
G1 X105.39 Y65.274 E1964.55358
G1 X105.69 Y65.174 E1964.68505
G1 X107.01 Y64.886 E1965.24675
G1 X107.307 Y64.838 E1965.37183
G1 X107.508 Y64.822 E1965.45566
G1 X108.696 Y64.77 E1965.95005
G1 X109.044 Y64.775 E1966.09475
G1 X110.543 Y64.968 E1966.7231
G1 X110.706 Y65.002 E1966.79233
G1 X112.148 Y65.441 E1967.41901
G1 X112.512 Y65.598 E1967.58382
G1 X113.664 Y66.182 E1968.12079
G1 X113.957 Y66.368 E1968.26508
G1 X115.039 Y67.168 E1968.82453
G1 X115.278 Y67.382 E1968.95791
G1 X116.198 Y68.347 E1969.51222
G1 X116.307 Y68.473 E1969.58148
G1 X116.464 Y68.685 E1969.69116
G1 X117.156 Y69.713 E1970.20637
G1 X117.314 Y69.985 E1970.33714
G1 X117.873 Y71.21 E1970.89696
G1 X117.986 Y71.505 E1971.0283
G1 X118.335 Y72.821 E1971.59434
G1 X118.406 Y73.179 E1971.74608
G1 X118.531 Y74.673 E1972.36938
G1 X118.532 Y74.853 E1972.44422
G1 X118.422 Y76.198 E1973.00527
G1 X118.378 Y76.515 E1973.13833
G1 X117.998 Y77.983 E1973.76877
G1 X117.866 Y78.329 E1973.92273
G1 X117.315 Y79.539 E1974.47549
G1 X117.157 Y79.814 E1974.60735
G1 X116.402 Y80.932 E1975.16822
G1 X116.208 Y81.17 E1975.29588
G1 X115.314 Y82.102 E1975.8328
G1 X115.14 Y82.268 E1975.93279
G1 X115.024 Y82.365 E1975.99565
G1 X113.987 Y83.134 E1976.5324
G1 X113.806 Y83.258 E1976.62361
G1 X113.554 Y83.4 E1976.74387
G1 X112.312 Y84.019 E1977.32081
G1 X112.019 Y84.125 E1977.45035
G1 X110.711 Y84.52 E1978.01841
G1 X110.539 Y84.556 E1978.09147
G0 X110.21 Y82.583
;TYPE:WALL-OUTER
G1 X108.957 Y82.748 E1978.6169
G1 X108.784 Y82.756 E1978.68891
G1 X107.496 Y82.694 E1979.22501
G1 X106.177 Y82.41 E1979.78596
G1 X104.922 Y81.904 E1980.34854
G1 X103.819 Y81.226 E1980.88682
G1 X103.711 Y81.143 E1980.94345
G1 X102.803 Y80.344 E1981.4463
G1 X102.723 Y80.263 E1981.49363
G1 X101.902 Y79.244 E1982.03768
G1 X101.278 Y78.132 E1982.56781
G1 X101.209 Y77.978 E1982.63797
G1 X100.788 Y76.778 E1983.16668
G1 X100.557 Y75.41 E1983.74348
G1 X100.557 Y74.114 E1984.2823
G1 X100.57 Y73.999 E1984.33041
G1 X100.788 Y72.746 E1984.85917
G1 X101.239 Y71.47 E1985.42183
G1 X101.858 Y70.352 E1985.95313
G1 X101.933 Y70.237 E1986.01021
G1 X102.759 Y69.222 E1986.55428
G1 X103.738 Y68.358 E1987.09714
G1 X103.823 Y68.295 E1987.14112
G1 X104.872 Y67.647 E1987.65375
G1 X105.003 Y67.583 E1987.71436
G1 X106.119 Y67.136 E1988.21418
G1 X106.23 Y67.1 E1988.26269
G1 X107.492 Y66.83 E1988.79925
G1 X108.784 Y66.768 E1989.33701
G1 X108.9 Y66.77 E1989.38525
G1 X110.238 Y66.947 E1989.94637
G1 X111.476 Y67.325 E1990.48453
G1 X111.612 Y67.384 E1990.54616
G1 X112.7 Y67.935 E1991.0532
G1 X112.797 Y67.998 E1991.10129
G1 X113.784 Y68.725 E1991.61093
G1 X113.864 Y68.796 E1991.6554
G1 X114.753 Y69.733 E1992.1924
G1 X115.479 Y70.803 E1992.72999
G1 X115.536 Y70.902 E1992.77748
G1 X116.084 Y72.123 E1993.3339
G1 X116.4 Y73.327 E1993.85141
G1 X116.424 Y73.446 E1993.90189
G1 X116.532 Y74.733 E1994.43884
G1 X116.529 Y74.849 E1994.48708
G1 X116.424 Y76.078 E1994.9999
G1 X116.389 Y76.24 E1995.06881
G1 X116.084 Y77.401 E1995.56787
G1 X116.044 Y77.505 E1995.6142
G1 X115.51 Y78.675 E1996.1489
G1 X114.788 Y79.751 E1996.68762
G1 X114.701 Y79.854 E1996.74368
G1 X113.815 Y80.77 E1997.2735
G1 X112.738 Y81.566 E1997.83029
G1 X111.497 Y82.191 E1998.40798
G1 X110.21 Y82.583 E1998.96732
G0 X109.219 Y82.713
G1 F2400 E1983.96732
G0 F600 X92.313 Y88.105
G1 F900 E2001.96905
G1 F600 X93.077 Y88.978 E2002.45136
G1 X93.89 Y89.819 E2002.93767
G1 X94.713 Y90.573 E2003.40173
G1 X95.616 Y91.319 E2003.88869
G1 X96.516 Y91.982 E2004.35344
G1 X97.496 Y92.625 E2004.84074
G1 X98.481 Y93.202 E2005.31535
G1 X99.475 Y93.709 E2005.77926
G1 X100.538 Y94.183 E2006.26315
G1 X101.614 Y94.591 E2006.74158
G1 X102.682 Y94.93 E2007.20743
G1 X103.803 Y95.221 E2007.68894
G1 X104.933 Y95.454 E2008.16862
G1 X106.037 Y95.614 E2008.6324
G1 X107.187 Y95.717 E2009.11243
G1 X108.342 Y95.759 E2009.59294
G1 X109.495 Y95.74 E2010.07237
G1 X110.607 Y95.66 E2010.53588
G1 X111.754 Y95.511 E2011.01675
G1 X112.893 Y95.305 E2011.49798
G1 X113.979 Y95.042 E2011.96254
G1 X115.08 Y94.713 E2012.44028
G1 X116.18 Y94.32 E2012.92592
G1 X117.234 Y93.873 E2013.4019
G1 X118.241 Y93.384 E2013.86731
G1 X119.244 Y92.824 E2014.3449
G1 X120.207 Y92.216 E2014.81839
G1 X121.142 Y91.552 E2015.29517
G1 X122.052 Y90.826 E2015.77916
G1 X122.908 Y90.069 E2016.25424
G1 X123.704 Y89.281 E2016.71991
G1 X124.488 Y88.413 E2017.20619
G1 X125.194 Y87.543 E2017.67201
G1 X125.861 Y86.62 E2018.14546
G1 X126.496 Y85.633 E2018.6334
G1 X127.061 Y84.64 E2019.10839
G1 X127.561 Y83.641 E2019.57284
G1 X128.019 Y82.584 E2020.05177
G1 X128.42 Y81.494 E2020.53463
G1 X128.752 Y80.426 E2020.99961
G1 X129.035 Y79.291 E2021.48594
G1 X129.252 Y78.169 E2021.96106
G1 X129.405 Y77.036 E2022.43638
G1 X129.497 Y75.916 E2022.90359
G1 X129.531 Y74.749 E2023.38898
G1 X129.497 Y73.609 E2023.86314
G1 X129.405 Y72.492 E2024.32911
G1 X129.252 Y71.359 E2024.80443
G1 X129.035 Y70.237 E2025.27955
G1 X128.752 Y69.102 E2025.76588
G1 X128.42 Y68.033 E2026.23126
G1 X128.027 Y66.96 E2026.70634
G1 X127.561 Y65.887 E2027.19269
G1 X127.061 Y64.883 E2027.65901
G1 X126.496 Y63.891 E2028.13364
G1 X125.861 Y62.904 E2028.62157
G1 X125.194 Y61.981 E2029.09502
G1 X124.489 Y61.112 E2029.56025
G1 X123.701 Y60.244 E2030.04765
G1 X122.907 Y59.458 E2030.51215
G1 X122.051 Y58.697 E2030.98833
G1 X121.138 Y57.968 E2031.47407
G1 X120.203 Y57.308 E2031.94989
G1 X119.244 Y56.7 E2032.42197
G1 X118.237 Y56.14 E2032.90102
G1 X117.233 Y55.651 E2033.36531
G1 X116.18 Y55.205 E2033.84075
G1 X115.076 Y54.811 E2034.32809
G1 X113.979 Y54.482 E2034.80424
G1 X112.885 Y54.219 E2035.27203
G1 X111.753 Y54.013 E2035.75039
G1 X110.607 Y53.864 E2036.23085
G1 X109.495 Y53.784 E2036.69436
G1 X108.342 Y53.765 E2037.17379
G1 X107.187 Y53.807 E2037.6543
G1 X106.039 Y53.91 E2038.1335
G1 X104.937 Y54.074 E2038.5967
G1 X103.798 Y54.303 E2039.07972
G1 X102.691 Y54.593 E2039.55549
G1 X101.61 Y54.937 E2040.02712
G1 X100.533 Y55.346 E2040.50609
G1 X99.475 Y55.816 E2040.9874
G1 X98.481 Y56.322 E2041.45112
G1 X97.496 Y56.899 E2041.92573
G1 X96.516 Y57.542 E2042.41304
G1 X95.616 Y58.205 E2042.87778
G1 X94.714 Y58.95 E2043.36416
G1 X93.89 Y59.709 E2043.82993
G1 X93.077 Y60.546 E2044.31505
G1 X92.266 Y61.473 E2044.82712
G1 X92.135 Y61.583 E2044.89824
G1 X92.005 Y61.66 E2044.96106
G1 X91.848 Y61.722 E2045.03123
G1 X91.635 Y61.762 E2045.12134
G1 X44.532 Y61.764 E2064.70449
G1 X44.532 Y87.764 E2075.51403
G1 X91.635 Y87.766 E2095.09718
G1 X91.848 Y87.806 E2095.18729
G1 X92.004 Y87.868 E2095.25708
G1 X92.135 Y87.945 E2095.32025
G1 X92.202 Y87.996 E2095.35526
G1 X92.313 Y88.105 E2095.41994
G0 X92.971 Y88.857
G1 F2400 E2080.41994
;MESH:NONMESH
G0 F600 Z4
G0 X50.777 Y65.764
;TIME_ELAPSED:1544.666536
;LAYER:3
;TYPE:FILL
;MESH:single_lug_connector_thickness_5mm.stl
G1 F900 E2098.42167
G1 F600 X48.532 Y68.01 E2099.74194
G1 X48.532 Y65.764 E2100.67571
G1 X53.606 Y65.764 E2102.78524
G1 X48.532 Y70.838 E2105.76856
G1 X48.532 Y73.666 E2106.9443
G1 X56.434 Y65.764 E2111.59037
G1 X59.263 Y65.764 E2112.76654
G1 X48.532 Y76.495 E2119.07595
G1 X48.532 Y79.323 E2120.2517
G1 X62.091 Y65.764 E2128.22387
G1 X64.919 Y65.764 E2129.39962
G1 X48.532 Y82.152 E2139.03484
G1 X48.532 Y83.764 E2139.70503
G1 X49.747 Y83.765 E2140.21017
G1 X67.748 Y65.764 E2150.79407
G1 X70.576 Y65.764 E2151.96981
G1 X52.576 Y83.765 E2162.55342
G1 X55.404 Y83.765 E2163.72916
G1 X73.405 Y65.764 E2174.31306
G1 X76.233 Y65.764 E2175.48881
G1 X58.232 Y83.765 E2186.0727
G1 X61.061 Y83.765 E2187.24887
G1 X79.062 Y65.764 E2197.83276
G1 X81.89 Y65.764 E2199.00851
G1 X63.889 Y83.765 E2209.59241
G1 X66.718 Y83.765 E2210.76857
G1 X84.718 Y65.764 E2221.35217
G1 X87.547 Y65.764 E2222.52834
G1 X69.546 Y83.765 E2233.11223
G1 X72.375 Y83.765 E2234.2884
G1 X90.375 Y65.764 E2244.872
G1 X91.578 Y65.764 E2245.37215
G1 X91.936 Y65.751 E2245.52109
G1 X92.362 Y65.701 E2245.69941
G1 X92.985 Y65.559 E2245.96507
G1 X93.385 Y65.42 E2246.14112
G1 X93.676 Y65.291 E2246.27346
G1 X75.203 Y83.765 E2257.13517
G1 X78.031 Y83.765 E2258.31092
G1 X103.152 Y58.644 E2273.0811
G1 X103.808 Y58.436 E2273.36722
G1 X104.701 Y58.201 E2273.75112
G1 X105.628 Y58.014 E2274.14429
G1 X106.508 Y57.884 E2274.51412
G1 X106.763 Y57.861 E2274.62057
G1 X80.86 Y83.765 E2289.85083
G1 X83.688 Y83.765 E2291.02658
G1 X97.568 Y69.885 E2299.18749
G1 X97.774 Y69.464 E2299.38235
G1 X98.375 Y68.385 E2299.89584
G1 X98.581 Y68.05 E2300.05934
G1 X98.743 Y67.823 E2300.17529
G1 X99.734 Y66.6 E2300.82972
G1 X100.098 Y66.232 E2301.04492
G1 X101.198 Y65.268 E2301.65301
G1 X101.403 Y65.107 E2301.76138
G1 X101.629 Y64.95 E2301.87579
G1 X102.86 Y64.19 E2302.47726
G1 X103.111 Y64.053 E2302.59615
G1 X103.493 Y63.878 E2302.77084
G1 X104.673 Y63.407 E2303.29906
G1 X104.963 Y63.304 E2303.42701
G1 X105.222 Y63.228 E2303.53923
G1 X106.614 Y62.926 E2304.13142
G1 X107.076 Y62.85 E2304.32608
G1 X107.458 Y62.823 E2304.48529
G1 X112.129 Y58.152 E2307.23166
G1 X111.136 Y57.967 E2307.6516
G1 X110.192 Y57.844 E2308.04739
G1 X109.648 Y57.805 E2308.27414
G1 X103.629 Y63.824 E2311.81308
G1 X103.276 Y64.177
G1 F2400 E2296.81308
G0 F600 X108.909 Y62.768
G1 F900 E2314.81481
G1 F600 X109.198 Y62.78 E2314.93507
G1 X110.204 Y62.906 E2315.35658
G1 X114.321 Y58.788 E2317.77751
G1 X114.726 Y58.933 E2317.95636
G1 X115.579 Y59.295 E2318.34161
G1 X116.296 Y59.642 E2318.67278
G1 X112.485 Y63.453 E2320.9135
G1 X112.812 Y63.554 E2321.05579
G1 X113.094 Y63.664 E2321.18163
G1 X113.399 Y63.806 E2321.32151
G1 X114.435 Y64.332 E2321.80456
G1 X118.07 Y60.697 E2323.9418
G1 X118.734 Y61.166 E2324.27978
G1 X119.476 Y61.759 E2324.67468
G1 X119.667 Y61.928 E2324.78071
G1 X116.116 Y65.479 E2326.86856
G1 X116.286 Y65.604 E2326.95629
G1 X116.478 Y65.765 E2327.06046
G1 X116.691 Y65.967 E2327.18251
G1 X117.553 Y66.87 E2327.70153
G1 X121.097 Y63.326 E2329.78526
G1 X121.444 Y63.709 E2330.00013
G1 X122.015 Y64.412 E2330.37666
G1 X122.36 Y64.892 E2330.62242
G1 X118.751 Y68.501 E2332.74438
G1 X118.843 Y68.638 E2332.81299
G1 X119.094 Y69.071 E2333.02107
G1 X119.695 Y70.385 E2333.6218
G1 X123.451 Y66.629 E2335.83018
G1 X123.526 Y66.76 E2335.89294
G1 X123.936 Y67.582 E2336.27484
G1 X124.309 Y68.44 E2336.6638
G1 X124.351 Y68.558 E2336.71588
G1 X120.33 Y72.579 E2339.08007
G1 X120.39 Y72.919 E2339.22361
G1 X120.518 Y74.369 E2339.82879
G1 X120.533 Y74.91 E2340.0538
G1 X120.391 Y76.602 E2340.75973
G1 X120.341 Y76.901 E2340.88576
G1 X120.263 Y77.24 E2341.03039
G1 X119.911 Y78.573 E2341.60358
G1 X119.867 Y78.698 E2341.65867
G1 X125.442 Y73.123 E2344.93656
G1 X125.425 Y72.914 E2345.02374
G1 X125.305 Y72.012 E2345.40205
G1 X125.126 Y71.092 E2345.79172
G1 X125.03 Y70.707 E2345.95668
G1 X120.506 Y75.231 E2348.61662
G1 X120.153 Y75.584
G1 F2400 E2333.61662
G0 F600 X118.597 Y88.454
G1 F900 E2351.61835
G1 F600 X122.217 Y84.834 E2353.74677
G1 X122.016 Y85.111 E2353.88906
G1 X121.451 Y85.808 E2354.26208
G1 X120.812 Y86.515 E2354.65829
G1 X120.178 Y87.143 E2355.02929
G1 X119.473 Y87.768 E2355.421
G1 X118.733 Y88.357 E2355.81421
G1 X117.983 Y88.89 E2356.19674
G1 X117.204 Y89.382 E2356.5798
G1 X116.383 Y89.841 E2356.97086
G1 X115.584 Y90.229 E2357.34014
G1 X114.736 Y90.587 E2357.72282
G1 X113.826 Y90.913 E2358.1247
G1 X113.088 Y91.134 E2358.44499
G1 X124.905 Y79.318 E2365.39264
G1 X125.125 Y78.435 E2365.77097
G1 X125.303 Y77.517 E2366.15974
G1 X125.426 Y76.612 E2366.53945
G1 X125.483 Y75.911 E2366.83186
G1 X109.677 Y91.717 E2376.12518
G1 X109.33 Y91.742 E2376.26982
G1 X108.373 Y91.758 E2376.66775
G1 X107.447 Y91.724 E2377.05299
G1 X106.891 Y91.675 E2377.28505
G1 X112.499 Y86.066 E2380.58263
G1 X111.456 Y86.389 E2381.03658
G1 X111.181 Y86.464 E2381.15509
G1 X110.887 Y86.526 E2381.28001
G1 X109.452 Y86.717 E2381.88187
G1 X109.08 Y86.751 E2382.03717
G1 X108.986 Y86.751 E2382.07626
G1 X104.474 Y91.263 E2384.72914
G1 X103.79 Y91.086 E2385.02288
G1 X102.932 Y90.813 E2385.39722
G1 X102.326 Y90.582 E2385.66685
G1 X106.364 Y86.545 E2388.04074
G1 X105.41 Y86.341 E2388.44633
G1 X104.971 Y86.225 E2388.63511
G1 X104.63 Y86.102 E2388.78583
G1 X104.166 Y85.914 E2388.99397
G1 X100.394 Y89.687 E2391.21205
G1 X99.6 Y89.222 E2391.5946
G1 X98.805 Y88.7 E2391.99001
G1 X98.658 Y88.593 E2392.0656
G1 X102.278 Y84.974 E2394.19373
G1 X101.6 Y84.555 E2394.52509
G1 X101.195 Y84.255 E2394.73463
G1 X100.648 Y83.775 E2395.03719
G1 X97.094 Y87.33 E2397.1271
G1 X96.688 Y86.958 E2397.35604
G1 X96.021 Y86.269 E2397.75473
G1 X95.698 Y85.897 E2397.95955
G1 X99.256 Y82.339 E2400.05152
G1 X98.83 Y81.812 E2400.33325
G1 X98.585 Y81.481 E2400.50446
G1 X98.375 Y81.139 E2400.67131
G1 X98.107 Y80.66 E2400.89951
G1 X94.223 Y84.544 E2403.18315
G1 X93.795 Y84.29 E2403.39007
G1 X93.384 Y84.107 E2403.57712
G1 X92.983 Y83.969 E2403.75343
G1 X92.36 Y83.827 E2404.01909
G1 X92.137 Y83.801 E2404.11243
G1 X97.225 Y78.713 E2407.10398
G1 X97.034 Y78.171 E2407.3429
G1 X96.918 Y77.794 E2407.50689
G1 X96.84 Y77.44 E2407.65759
G1 X96.625 Y76.186 E2408.18655
G1 X96.586 Y75.907 E2408.30367
G1 X96.561 Y75.613 E2408.42635
G1 X96.561 Y73.911 E2409.13396
G1 X96.579 Y73.702 E2409.22117
G1 X86.517 Y83.765 E2415.13753
G1 X89.345 Y83.765 E2416.31328
G1 X96.669 Y76.441 E2420.61951
G1 X97.022 Y76.088
G1 F2400 E2405.61951
G0 F600 X93.819 Y86.789
;TYPE:WALL-INNER
G1 F900 E2423.62124
G1 F600 X94.549 Y87.624 E2424.08235
G1 X95.285 Y88.385 E2424.5225
G1 X96.027 Y89.064 E2424.94066
G1 X96.847 Y89.742 E2425.38302
G1 X97.659 Y90.34 E2425.80228
G1 X98.55 Y90.925 E2426.24542
G1 X99.441 Y91.446 E2426.67454
G1 X100.337 Y91.904 E2427.0929
G1 X101.301 Y92.333 E2427.53157
G1 X102.272 Y92.701 E2427.96329
G1 X103.236 Y93.008 E2428.38391
G1 X104.256 Y93.273 E2428.82205
G1 X105.279 Y93.483 E2429.25623
G1 X106.27 Y93.627 E2429.67257
G1 X107.313 Y93.72 E2430.10792
G1 X108.362 Y93.759 E2430.54435
G1 X109.407 Y93.742 E2430.97886
G1 X110.406 Y93.67 E2431.39528
G1 X111.446 Y93.534 E2431.83134
G1 X112.479 Y93.347 E2432.26779
G1 X113.457 Y93.111 E2432.68607
G1 X114.456 Y92.812 E2433.11961
G1 X115.452 Y92.456 E2433.55935
G1 X116.407 Y92.051 E2433.99062
G1 X117.316 Y91.61 E2434.41067
G1 X118.222 Y91.104 E2434.8421
G1 X119.093 Y90.554 E2435.27038
G1 X119.938 Y89.954 E2435.70124
G1 X120.765 Y89.294 E2436.14114
G1 X121.541 Y88.608 E2436.57175
G1 X122.257 Y87.899 E2436.99068
G1 X122.968 Y87.112 E2437.43163
G1 X123.606 Y86.326 E2437.85252
G1 X124.209 Y85.492 E2438.28039
G1 X124.785 Y84.597 E2438.72289
G1 X125.296 Y83.698 E2439.15281
G1 X125.747 Y82.795 E2439.57245
G1 X126.161 Y81.84 E2440.0052
G1 X126.526 Y80.851 E2440.44348
G1 X126.825 Y79.887 E2440.8631
G1 X127.081 Y78.859 E2441.30355
G1 X127.278 Y77.845 E2441.733
G1 X127.415 Y76.821 E2442.16253
G1 X127.499 Y75.805 E2442.58637
G1 X127.53 Y74.75 E2443.02518
G1 X127.499 Y73.721 E2443.45318
G1 X127.416 Y72.708 E2443.87575
G1 X127.278 Y71.683 E2444.30574
G1 X127.081 Y70.669 E2444.73519
G1 X126.825 Y69.641 E2445.17564
G1 X126.525 Y68.674 E2445.59658
G1 X126.169 Y67.703 E2446.02655
G1 X125.747 Y66.731 E2446.4671
G1 X125.295 Y65.824 E2446.88842
G1 X124.785 Y64.927 E2447.31741
G1 X124.209 Y64.032 E2447.75991
G1 X123.606 Y63.198 E2448.18778
G1 X122.971 Y62.415 E2448.60691
G1 X122.256 Y61.628 E2449.04898
G1 X121.538 Y60.917 E2449.46908
G1 X120.761 Y60.227 E2449.90111
G1 X119.936 Y59.568 E2450.3401
G1 X119.091 Y58.971 E2450.77024
G1 X118.222 Y58.42 E2451.19803
G1 X117.313 Y57.914 E2451.63056
G1 X116.405 Y57.472 E2452.05041
G1 X115.454 Y57.069 E2452.47983
G1 X114.453 Y56.712 E2452.92167
G1 X113.458 Y56.414 E2453.3535
G1 X112.471 Y56.177 E2453.77551
G1 X111.444 Y55.99 E2454.20951
G1 X110.406 Y55.855 E2454.64469
G1 X109.407 Y55.783 E2455.0611
G1 X108.362 Y55.766 E2455.49562
G1 X107.313 Y55.803 E2455.93202
G1 X106.276 Y55.896 E2456.36488
G1 X105.282 Y56.044 E2456.78269
G1 X104.25 Y56.252 E2457.22038
G1 X103.248 Y56.515 E2457.65107
G1 X102.268 Y56.826 E2458.07853
G1 X101.294 Y57.196 E2458.51171
G1 X100.335 Y57.622 E2458.94798
G1 X99.441 Y58.078 E2459.36522
G1 X98.55 Y58.599 E2459.79434
G1 X97.659 Y59.184 E2460.23748
G1 X96.847 Y59.782 E2460.65674
G1 X96.03 Y60.458 E2461.09761
G1 X95.286 Y61.143 E2461.51806
G1 X94.549 Y61.901 E2461.95761
G1 X93.823 Y62.734 E2462.417
G1 X93.677 Y62.89 E2462.50583
G1 X93.485 Y63.066 E2462.61412
G1 X93.283 Y63.22 E2462.71972
G1 X92.894 Y63.452 E2462.90803
G1 X92.654 Y63.558 E2463.01711
G1 X92.423 Y63.638 E2463.11874
G1 X92.034 Y63.727 E2463.28465
G1 X91.785 Y63.756 E2463.38887
G1 X91.56 Y63.764 E2463.48248
G1 X46.532 Y63.764 E2482.20294
G1 X46.532 Y85.764 E2491.34948
G1 X91.56 Y85.764 E2510.06995
G1 X91.784 Y85.772 E2510.16313
G1 X92.033 Y85.801 E2510.26736
G1 X92.422 Y85.89 E2510.43326
G1 X92.653 Y85.97 E2510.5349
G1 X92.892 Y86.076 E2510.6436
G1 X93.283 Y86.307 E2510.83241
G1 X93.484 Y86.461 E2510.93768
G1 X93.676 Y86.637 E2511.04597
G1 X93.819 Y86.789 E2511.13273
G1 F2400 E2496.13273
G0 F600 X110.539 Y84.556
G1 F900 E2514.13446
G1 F600 X109.044 Y84.748 E2514.76111
G1 X108.696 Y84.754 E2514.90582
G1 X107.508 Y84.702 E2515.4002
G1 X107.209 Y84.674 E2515.52505
G1 X105.852 Y84.39 E2516.10145
G1 X105.571 Y84.316 E2516.22226
G1 X105.36 Y84.24 E2516.3155
G1 X104.256 Y83.796 E2516.81022
G1 X104.014 Y83.686 E2516.92074
G1 X103.861 Y83.602 E2516.99331
G1 X102.715 Y82.894 E2517.55335
G1 X102.461 Y82.705 E2517.68498
G1 X101.457 Y81.824 E2518.24031
G1 X101.32 Y81.692 E2518.3194
G1 X101.143 Y81.491 E2518.43075
G1 X100.399 Y80.571 E2518.92267
G1 X100.244 Y80.362 E2519.03085
G1 X100.112 Y80.146 E2519.13609
G1 X99.532 Y79.106 E2519.63117
G1 X99.414 Y78.871 E2519.74049
G1 X99.323 Y78.645 E2519.84178
G1 X98.927 Y77.524 E2520.33607
G1 X98.854 Y77.285 E2520.43996
G1 X98.798 Y77.031 E2520.5481
G1 X98.574 Y75.686 E2521.11499
G1 X98.56 Y75.517 E2521.18549
G1 X98.56 Y74.007 E2521.81327
G1 X98.574 Y73.838 E2521.88378
G1 X98.805 Y72.458 E2522.4655
G1 X98.853 Y72.239 E2522.55871
G1 X98.927 Y72 E2522.66273
G1 X99.323 Y70.879 E2523.15701
G1 X99.414 Y70.652 E2523.25869
G1 X99.531 Y70.418 E2523.36746
G1 X100.111 Y69.378 E2523.86253
G1 X100.244 Y69.162 E2523.96799
G1 X100.337 Y69.032 E2524.03445
G1 X101.229 Y67.931 E2524.62356
G1 X101.457 Y67.7 E2524.7585
G1 X102.47 Y66.811 E2525.31884
G1 X102.725 Y66.623 E2525.45056
G1 X103.866 Y65.919 E2526.00796
G1 X104.013 Y65.839 E2526.07754
G1 X104.259 Y65.727 E2526.18991
G1 X105.39 Y65.274 E2526.69644
G1 X105.69 Y65.174 E2526.82792
G1 X107.01 Y64.886 E2527.38962
G1 X107.307 Y64.838 E2527.5147
G1 X107.508 Y64.822 E2527.59853
G1 X108.696 Y64.77 E2528.09291
G1 X109.044 Y64.775 E2528.23761
G1 X110.543 Y64.968 E2528.86597
G1 X110.706 Y65.002 E2528.93519
G1 X112.148 Y65.441 E2529.56187
G1 X112.512 Y65.598 E2529.72668
G1 X113.664 Y66.182 E2530.26366
G1 X113.957 Y66.368 E2530.40795
G1 X115.039 Y67.168 E2530.96739
G1 X115.278 Y67.382 E2531.10077
G1 X116.198 Y68.347 E2531.65508
G1 X116.307 Y68.473 E2531.72435
G1 X116.464 Y68.685 E2531.83403
G1 X117.156 Y69.713 E2532.34923
G1 X117.314 Y69.985 E2532.48001
G1 X117.873 Y71.21 E2533.03983
G1 X117.986 Y71.505 E2533.17116
G1 X118.335 Y72.821 E2533.7372
G1 X118.406 Y73.179 E2533.88894
G1 X118.531 Y74.673 E2534.51225
G1 X118.532 Y74.853 E2534.58708
G1 X118.422 Y76.198 E2535.14813
G1 X118.378 Y76.515 E2535.28119
G1 X117.998 Y77.983 E2535.91163
G1 X117.866 Y78.329 E2536.06559
G1 X117.315 Y79.539 E2536.61836
G1 X117.157 Y79.814 E2536.75022
G1 X116.402 Y80.932 E2537.31109
G1 X116.208 Y81.17 E2537.43874
G1 X115.314 Y82.102 E2537.97567
G1 X115.14 Y82.268 E2538.07565
G1 X115.024 Y82.365 E2538.13852
G1 X113.987 Y83.134 E2538.67526
G1 X113.806 Y83.258 E2538.76648
G1 X113.554 Y83.4 E2538.88673
G1 X112.312 Y84.019 E2539.46368
G1 X112.019 Y84.125 E2539.59322
G1 X110.711 Y84.52 E2540.16128
G1 X110.539 Y84.556 E2540.23433
G0 X110.21 Y82.583
;TYPE:WALL-OUTER
G1 X108.879 Y82.755 E2540.7923
G1 X107.496 Y82.694 E2541.36784
G1 X106.177 Y82.41 E2541.92879
G1 X104.922 Y81.904 E2542.49137
G1 X103.819 Y81.226 E2543.02965
G1 X103.711 Y81.143 E2543.08628
G1 X102.803 Y80.344 E2543.58913
G1 X102.723 Y80.263 E2543.63646
G1 X101.902 Y79.244 E2544.18051
G1 X101.278 Y78.132 E2544.71064
G1 X101.209 Y77.978 E2544.7808
G1 X100.788 Y76.778 E2545.30951
G1 X100.557 Y75.41 E2545.88631
G1 X100.557 Y74.114 E2546.42513
G1 X100.57 Y73.999 E2546.47324
G1 X100.788 Y72.746 E2547.002
G1 X101.239 Y71.47 E2547.56467
G1 X101.858 Y70.352 E2548.09596
G1 X101.933 Y70.237 E2548.15304
G1 X102.759 Y69.222 E2548.69711
G1 X103.738 Y68.358 E2549.23997
G1 X103.823 Y68.295 E2549.28396
G1 X104.872 Y67.647 E2549.79658
G1 X105.003 Y67.583 E2549.8572
G1 X106.119 Y67.136 E2550.35701
G1 X106.23 Y67.1 E2550.40552
G1 X107.492 Y66.83 E2550.94208
G1 X108.784 Y66.768 E2551.47985
G1 X108.9 Y66.77 E2551.52808
G1 X110.238 Y66.947 E2552.0892
G1 X111.476 Y67.325 E2552.62736
G1 X111.612 Y67.384 E2552.68899
G1 X112.7 Y67.935 E2553.19603
G1 X112.797 Y67.998 E2553.24412
G1 X113.784 Y68.725 E2553.75377
G1 X113.864 Y68.796 E2553.79824
G1 X114.753 Y69.733 E2554.33523
G1 X115.479 Y70.803 E2554.87282
G1 X115.536 Y70.902 E2554.92031
G1 X116.084 Y72.123 E2555.47673
G1 X116.4 Y73.327 E2555.99425
G1 X116.424 Y73.446 E2556.04472
G1 X116.532 Y74.733 E2556.58167
G1 X116.529 Y74.849 E2556.62991
G1 X116.424 Y76.078 E2557.14273
G1 X116.389 Y76.24 E2557.21164
G1 X116.084 Y77.401 E2557.7107
G1 X116.044 Y77.505 E2557.75703
G1 X115.51 Y78.675 E2558.29173
G1 X114.788 Y79.751 E2558.83045
G1 X114.701 Y79.854 E2558.88651
G1 X113.815 Y80.77 E2559.41633
G1 X112.738 Y81.566 E2559.97312
G1 X111.497 Y82.191 E2560.55081
G1 X110.21 Y82.583 E2561.11015
G0 X109.219 Y82.711
G1 F2400 E2546.11015
G0 F600 X92.313 Y88.105
G1 F900 E2564.11188
G1 F600 X93.077 Y88.978 E2564.59419
G1 X93.89 Y89.819 E2565.0805
G1 X94.713 Y90.573 E2565.54456
G1 X95.616 Y91.319 E2566.03152
G1 X96.516 Y91.982 E2566.49627
G1 X97.496 Y92.625 E2566.98358
G1 X98.481 Y93.202 E2567.45818
G1 X99.475 Y93.709 E2567.92209
G1 X100.538 Y94.183 E2568.40598
G1 X101.614 Y94.591 E2568.88441
G1 X102.682 Y94.93 E2569.35026
G1 X103.803 Y95.221 E2569.83177
G1 X104.933 Y95.454 E2570.31145
G1 X106.037 Y95.614 E2570.77524
G1 X107.187 Y95.717 E2571.25526
G1 X108.342 Y95.759 E2571.73577
G1 X109.495 Y95.74 E2572.2152
G1 X110.607 Y95.66 E2572.67871
G1 X111.754 Y95.511 E2573.15959
G1 X112.893 Y95.305 E2573.64081
G1 X113.979 Y95.042 E2574.10537
G1 X115.08 Y94.713 E2574.58311
G1 X116.18 Y94.32 E2575.06875
G1 X117.234 Y93.873 E2575.54473
G1 X118.241 Y93.384 E2576.01014
G1 X119.244 Y92.824 E2576.48773
G1 X120.207 Y92.216 E2576.96122
G1 X121.142 Y91.552 E2577.438
G1 X122.052 Y90.826 E2577.92199
G1 X122.908 Y90.069 E2578.39707
G1 X123.704 Y89.281 E2578.86274
G1 X124.488 Y88.413 E2579.34902
G1 X125.194 Y87.543 E2579.81484
G1 X125.861 Y86.62 E2580.28829
G1 X126.496 Y85.633 E2580.77623
G1 X127.061 Y84.64 E2581.25122
G1 X127.561 Y83.641 E2581.71567
G1 X128.019 Y82.584 E2582.1946
G1 X128.42 Y81.494 E2582.67746
G1 X128.752 Y80.426 E2583.14244
G1 X129.035 Y79.291 E2583.62877
G1 X129.252 Y78.169 E2584.10389
G1 X129.405 Y77.036 E2584.57921
G1 X129.497 Y75.916 E2585.04642
G1 X129.531 Y74.749 E2585.53181
G1 X129.497 Y73.609 E2586.00597
G1 X129.405 Y72.492 E2586.47194
G1 X129.252 Y71.359 E2586.94726
G1 X129.035 Y70.237 E2587.42238
G1 X128.752 Y69.102 E2587.90871
G1 X128.42 Y68.033 E2588.37409
G1 X128.027 Y66.96 E2588.84917
G1 X127.561 Y65.887 E2589.33552
G1 X127.061 Y64.883 E2589.80184
G1 X126.496 Y63.891 E2590.27647
G1 X125.861 Y62.904 E2590.7644
G1 X125.194 Y61.981 E2591.23785
G1 X124.489 Y61.112 E2591.70308
G1 X123.701 Y60.244 E2592.19048
G1 X122.907 Y59.458 E2592.65498
G1 X122.051 Y58.697 E2593.13116
G1 X121.138 Y57.968 E2593.6169
G1 X120.203 Y57.308 E2594.09272
G1 X119.244 Y56.7 E2594.5648
G1 X118.237 Y56.14 E2595.04385
G1 X117.233 Y55.651 E2595.50814
G1 X116.18 Y55.205 E2595.98358
G1 X115.076 Y54.811 E2596.47092
G1 X113.979 Y54.482 E2596.94707
G1 X112.885 Y54.219 E2597.41486
G1 X111.753 Y54.013 E2597.89322
G1 X110.607 Y53.864 E2598.37368
G1 X109.495 Y53.784 E2598.83719
G1 X108.342 Y53.765 E2599.31662
G1 X107.187 Y53.807 E2599.79713
G1 X106.039 Y53.91 E2600.27633
G1 X104.937 Y54.074 E2600.73953
G1 X103.798 Y54.303 E2601.22255
G1 X102.691 Y54.593 E2601.69832
G1 X101.61 Y54.937 E2602.16995
G1 X100.533 Y55.346 E2602.64892
G1 X99.475 Y55.816 E2603.13023
G1 X98.481 Y56.322 E2603.59395
G1 X97.496 Y56.899 E2604.06856
G1 X96.516 Y57.542 E2604.55587
G1 X95.616 Y58.205 E2605.02061
G1 X94.714 Y58.95 E2605.50699
G1 X93.89 Y59.709 E2605.97276
G1 X93.077 Y60.546 E2606.45788
G1 X92.266 Y61.473 E2606.96995
G1 X92.135 Y61.583 E2607.04107
G1 X92.005 Y61.66 E2607.10389
G1 X91.848 Y61.722 E2607.17407
G1 X91.635 Y61.762 E2607.26417
G1 X44.532 Y61.764 E2626.84732
G1 X44.532 Y87.764 E2637.65686
G1 X91.635 Y87.766 E2657.24002
G1 X91.848 Y87.806 E2657.33012
G1 X92.004 Y87.868 E2657.39991
G1 X92.135 Y87.945 E2657.46309
G1 X92.202 Y87.996 E2657.49809
G1 X92.313 Y88.105 E2657.56277
G0 X92.971 Y88.857
G1 F2400 E2642.56277
;MESH:NONMESH
G0 F600 Z4.5
G0 X48.532 Y81.52
;TIME_ELAPSED:1696.714363
;LAYER:4
;TYPE:FILL
;MESH:single_lug_connector_thickness_5mm.stl
G1 F900 E2660.5645
G1 F600 X50.776 Y83.764 E2661.88388
G1 X48.532 Y83.764 E2662.81683
G1 X48.532 Y78.691 E2664.92594
G1 X53.604 Y83.764 E2667.90838
G1 X56.433 Y83.764 E2669.08454
G1 X48.532 Y75.863 E2673.73002
G1 X48.532 Y73.034 E2674.90618
G1 X59.261 Y83.764 E2681.21472
G1 X62.09 Y83.764 E2682.39088
G1 X48.532 Y70.206 E2690.36246
G1 X48.532 Y67.377 E2691.53863
G1 X64.918 Y83.764 E2701.17326
G1 X67.746 Y83.764 E2702.34901
G1 X49.747 Y65.764 E2712.93202
G1 X52.576 Y65.764 E2714.10818
G1 X70.575 Y83.764 E2724.6912
G1 X73.403 Y83.764 E2725.86695
G1 X55.404 Y65.764 E2736.44996
G1 X58.232 Y65.764 E2737.62571
G1 X76.232 Y83.764 E2748.20902
G1 X79.06 Y83.764 E2749.38476
G1 X61.061 Y65.764 E2759.96778
G1 X63.889 Y65.764 E2761.14353
G1 X81.889 Y83.764 E2771.72684
G1 X84.717 Y83.764 E2772.90258
G1 X66.718 Y65.764 E2783.4856
G1 X69.546 Y65.764 E2784.66134
G1 X87.545 Y83.764 E2795.24436
G1 X90.374 Y83.764 E2796.42052
G1 X72.375 Y65.764 E2807.00354
G1 X75.203 Y65.764 E2808.17928
G1 X93.675 Y84.236 E2819.04011
G1 X93.795 Y84.29 E2819.09482
G1 X94.418 Y84.658 E2819.39564
G1 X94.768 Y84.927 E2819.57917
G1 X95.083 Y85.214 E2819.75634
G1 X95.312 Y85.457 E2819.89516
G1 X96.021 Y86.269 E2820.34333
G1 X96.688 Y86.958 E2820.74202
G1 X97.33 Y87.546 E2821.10396
G1 X98.082 Y88.168 E2821.5097
G1 X98.805 Y88.7 E2821.88289
G1 X99.6 Y89.222 E2822.27829
G1 X100.406 Y89.694 E2822.66662
G1 X101.183 Y90.091 E2823.02938
G1 X102.07 Y90.485 E2823.4329
G1 X102.932 Y90.813 E2823.81634
G1 X103.148 Y90.882 E2823.91062
G1 X78.031 Y65.764 E2838.67874
G1 X80.86 Y65.764 E2839.85491
G1 X106.758 Y91.662 E2855.08194
G1 X107.447 Y91.724 E2855.36955
G1 X108.373 Y91.758 E2855.75479
G1 X109.33 Y91.742 E2856.15272
G1 X109.643 Y91.719 E2856.2832
G1 X103.614 Y85.691 E2859.82773
G1 X103.303 Y85.564 E2859.9674
G1 X102.862 Y85.335 E2860.17399
G1 X101.6 Y84.555 E2860.79079
G1 X101.195 Y84.255 E2861.00034
G1 X100.105 Y83.299 E2861.60311
G1 X99.878 Y83.078 E2861.73483
G1 X99.602 Y82.767 E2861.9077
G1 X98.83 Y81.812 E2862.41825
G1 X98.585 Y81.481 E2862.58946
G1 X98.375 Y81.139 E2862.75631
G1 X97.773 Y80.06 E2863.27
G1 X97.572 Y79.649 E2863.46021
G1 X83.688 Y65.764 E2871.62377
G1 X86.517 Y65.764 E2872.79993
G1 X96.579 Y75.827 E2878.71629
G1 X96.561 Y75.613 E2878.80558
G1 X96.561 Y73.911 E2879.51319
G1 X96.586 Y73.617 E2879.63586
G1 X96.668 Y73.087 E2879.85883
G1 X89.345 Y65.764 E2884.16447
G1 X91.578 Y65.764 E2885.09285
G1 X91.936 Y65.751 E2885.24178
G1 X92.137 Y65.728 E2885.3259
G1 X97.224 Y70.815 E2888.31686
G1 X97.444 Y70.192 E2888.59155
G1 X97.589 Y69.832 E2888.7529
G1 X97.774 Y69.464 E2888.92414
G1 X98.106 Y68.869 E2889.20742
G1 X94.223 Y64.986 E2891.49047
G1 X94.42 Y64.868 E2891.58595
G1 X94.769 Y64.6 E2891.76889
G1 X95.085 Y64.311 E2891.94692
G1 X95.319 Y64.062 E2892.08898
G1 X95.695 Y63.629 E2892.3274
G1 X99.257 Y67.191 E2894.42172
G1 X99.734 Y66.6 E2894.73748
G1 X100.098 Y66.232 E2894.95268
G1 X100.645 Y65.751 E2895.25551
G1 X97.093 Y62.199 E2897.34395
G1 X97.343 Y61.967 E2897.48575
G1 X98.082 Y61.356 E2897.8844
G1 X98.657 Y60.934 E2898.18093
G1 X102.274 Y64.551 E2900.30759
G1 X102.86 Y64.19 E2900.59374
G1 X103.111 Y64.053 E2900.71263
G1 X103.493 Y63.878 E2900.88732
G1 X104.673 Y63.407 E2901.41554
G1 X104.963 Y63.304 E2901.54349
G1 X105.222 Y63.228 E2901.65571
G1 X106.36 Y62.981 E2902.13985
G1 X102.325 Y58.946 E2904.51227
G1 X102.043 Y59.053 E2904.63767
G1 X101.201 Y59.426 E2905.02054
G1 X100.391 Y59.84 E2905.39874
G1 X104.162 Y63.611 E2907.61594
G1 X104.515 Y63.964
G1 F2400 E2892.61594
G0 F600 X122.224 Y64.702
G1 F900 E2910.61767
G1 F600 X118.577 Y61.055 E2912.76197
G1 X118.734 Y61.166 E2912.84191
G1 X119.476 Y61.759 E2913.23681
G1 X120.164 Y62.371 E2913.61964
G1 X120.814 Y63.014 E2913.99976
G1 X121.444 Y63.709 E2914.38975
G1 X122.015 Y64.412 E2914.76629
G1 X122.561 Y65.169 E2915.15433
G1 X123.075 Y65.967 E2915.54897
G1 X123.526 Y66.76 E2915.92825
G1 X123.936 Y67.582 E2916.31015
G1 X124.309 Y68.44 E2916.69912
G1 X124.629 Y69.314 E2917.08607
G1 X124.908 Y70.214 E2917.47782
G1 X113.083 Y58.389 E2924.43046
G1 X112.927 Y58.343 E2924.49808
G1 X112.071 Y58.138 E2924.86403
G1 X111.136 Y57.967 E2925.2592
G1 X110.192 Y57.844 E2925.65499
G1 X109.672 Y57.807 E2925.87173
G1 X125.484 Y73.619 E2935.16858
G1 X125.501 Y73.831 E2935.257
G1 X125.528 Y74.75 E2935.63924
G1 X125.501 Y75.695 E2936.03229
G1 X125.443 Y76.406 E2936.32887
G1 X119.868 Y70.832 E2939.60646
G1 X119.89 Y70.887 E2939.63109
G1 X120.273 Y72.328 E2940.25099
G1 X120.34 Y72.623 E2940.37676
G1 X120.39 Y72.919 E2940.50156
G1 X120.512 Y74.303 E2941.07919
G1 X125.029 Y78.821 E2943.73531
G1 X124.898 Y79.346 E2943.96027
G1 X124.634 Y80.199 E2944.33151
G1 X124.351 Y80.972 E2944.67374
G1 X120.329 Y76.949 E2947.03882
G1 X120.263 Y77.24 E2947.16287
G1 X119.911 Y78.573 E2947.73607
G1 X119.821 Y78.829 E2947.84889
G1 X119.693 Y79.142 E2947.98948
G1 X123.45 Y82.899 E2950.19845
G1 X123.067 Y83.571 E2950.52003
G1 X122.56 Y84.36 E2950.90994
G1 X122.36 Y84.637 E2951.05198
G1 X118.75 Y81.027 E2953.17453
G1 X118.013 Y82.118 E2953.72191
G1 X117.701 Y82.503 E2953.92793
G1 X117.552 Y82.658 E2954.01732
G1 X121.096 Y86.201 E2956.10076
G1 X120.812 Y86.515 E2956.27678
G1 X120.178 Y87.143 E2956.64779
G1 X119.664 Y87.599 E2956.93346
G1 X116.113 Y84.047 E2959.02161
G1 X115.16 Y84.755 E2959.51519
G1 X114.876 Y84.947 E2959.65772
G1 X114.639 Y85.088 E2959.77237
G1 X114.431 Y85.194 E2959.86943
G1 X118.067 Y88.83 E2962.00726
G1 X117.204 Y89.382 E2962.43317
G1 X116.293 Y89.884 E2962.86562
G1 X112.482 Y86.073 E2965.10634
G1 X111.456 Y86.389 E2965.55267
G1 X111.181 Y86.464 E2965.67118
G1 X110.887 Y86.526 E2965.7961
G1 X109.452 Y86.717 E2966.39796
G1 X109.08 Y86.751 E2966.55327
G1 X108.634 Y86.753 E2966.7387
G1 X107.454 Y86.702 E2967.22974
G1 X112.127 Y91.374 E2969.97699
G1 X112.934 Y91.18 E2970.32206
G1 X113.826 Y90.913 E2970.70917
G1 X114.317 Y90.737 E2970.92602
G1 X110.198 Y86.618 E2973.34784
G1 X109.845 Y86.265
G1 F2400 E2958.34784
G0 F600 X112.49 Y63.454
G1 F900 E2976.34956
G1 F600 X111.542 Y63.16 E2976.76221
G1 X111.178 Y63.057 E2976.91949
G1 X110.887 Y62.997 E2977.04302
G1 X109.2 Y62.78 E2977.75017
G1 X108.909 Y62.768 E2977.87126
G1 X108.979 Y62.771 E2977.90039
G1 X104.47 Y58.262 E2980.55151
G1 X104.701 Y58.201 E2980.65084
G1 X105.628 Y58.014 E2981.044
G1 X106.508 Y57.884 E2981.41383
G1 X106.887 Y57.851 E2981.572
G1 X112.49 Y63.454 E2984.86635
G1 F2400 E2969.86635
G0 F600 X93.819 Y86.789
;TYPE:WALL-INNER
G1 F900 E2987.86808
G1 F600 X94.549 Y87.624 E2988.32919
G1 X95.285 Y88.385 E2988.76934
G1 X96.027 Y89.064 E2989.1875
G1 X96.847 Y89.742 E2989.62986
G1 X97.659 Y90.34 E2990.04912
G1 X98.55 Y90.925 E2990.49226
G1 X99.441 Y91.446 E2990.92137
G1 X100.337 Y91.904 E2991.33973
G1 X101.301 Y92.333 E2991.77841
G1 X102.272 Y92.701 E2992.21013
G1 X103.236 Y93.008 E2992.63074
G1 X104.256 Y93.273 E2993.06889
G1 X105.279 Y93.483 E2993.50307
G1 X106.27 Y93.627 E2993.91941
G1 X107.313 Y93.72 E2994.35476
G1 X108.362 Y93.759 E2994.79118
G1 X109.407 Y93.742 E2995.2257
G1 X110.406 Y93.67 E2995.64211
G1 X111.446 Y93.534 E2996.07818
G1 X112.479 Y93.347 E2996.51463
G1 X113.457 Y93.111 E2996.93291
G1 X114.456 Y92.812 E2997.36645
G1 X115.452 Y92.456 E2997.80619
G1 X116.407 Y92.051 E2998.23746
G1 X117.316 Y91.61 E2998.65751
G1 X118.222 Y91.104 E2999.08894
G1 X119.093 Y90.554 E2999.51722
G1 X119.938 Y89.954 E2999.94808
G1 X120.765 Y89.294 E3000.38798
G1 X121.541 Y88.608 E3000.81859
G1 X122.257 Y87.899 E3001.23752
G1 X122.968 Y87.112 E3001.67847
G1 X123.606 Y86.326 E3002.09935
G1 X124.209 Y85.492 E3002.52723
G1 X124.785 Y84.597 E3002.96972
G1 X125.296 Y83.698 E3003.39964
G1 X125.747 Y82.795 E3003.81929
G1 X126.161 Y81.84 E3004.25203
G1 X126.526 Y80.851 E3004.69032
G1 X126.825 Y79.887 E3005.10994
G1 X127.081 Y78.859 E3005.55039
G1 X127.278 Y77.845 E3005.97984
G1 X127.415 Y76.821 E3006.40936
G1 X127.499 Y75.805 E3006.83321
G1 X127.53 Y74.75 E3007.27202
G1 X127.499 Y73.721 E3007.70002
G1 X127.416 Y72.708 E3008.12259
G1 X127.278 Y71.683 E3008.55258
G1 X127.081 Y70.669 E3008.98203
G1 X126.825 Y69.641 E3009.42248
G1 X126.525 Y68.674 E3009.84341
G1 X126.169 Y67.703 E3010.27338
G1 X125.747 Y66.731 E3010.71394
G1 X125.295 Y65.824 E3011.13526
G1 X124.785 Y64.927 E3011.56425
G1 X124.209 Y64.032 E3012.00674
G1 X123.606 Y63.198 E3012.43462
G1 X122.971 Y62.415 E3012.85375
G1 X122.256 Y61.628 E3013.29581
G1 X121.538 Y60.917 E3013.71592
G1 X120.761 Y60.227 E3014.14795
G1 X119.936 Y59.568 E3014.58693
G1 X119.091 Y58.971 E3015.01708
G1 X118.222 Y58.42 E3015.44487
G1 X117.313 Y57.914 E3015.8774
G1 X116.405 Y57.472 E3016.29725
G1 X115.454 Y57.069 E3016.72666
G1 X114.453 Y56.712 E3017.16851
G1 X113.458 Y56.414 E3017.60033
G1 X112.471 Y56.177 E3018.02235
G1 X111.444 Y55.99 E3018.45634
G1 X110.406 Y55.855 E3018.89153
G1 X109.407 Y55.783 E3019.30794
G1 X108.362 Y55.766 E3019.74246
G1 X107.313 Y55.803 E3020.17885
G1 X106.276 Y55.896 E3020.61172
G1 X105.282 Y56.044 E3021.02953
G1 X104.25 Y56.252 E3021.46722
G1 X103.248 Y56.515 E3021.89791
G1 X102.268 Y56.826 E3022.32537
G1 X101.294 Y57.196 E3022.75855
G1 X100.335 Y57.622 E3023.19482
G1 X99.441 Y58.078 E3023.61206
G1 X98.55 Y58.599 E3024.04117
G1 X97.659 Y59.184 E3024.48432
G1 X96.847 Y59.782 E3024.90358
G1 X96.03 Y60.458 E3025.34444
G1 X95.286 Y61.143 E3025.7649
G1 X94.549 Y61.901 E3026.20444
G1 X93.823 Y62.734 E3026.66384
G1 X93.677 Y62.89 E3026.75267
G1 X93.485 Y63.066 E3026.86096
G1 X93.283 Y63.22 E3026.96656
G1 X92.894 Y63.452 E3027.15487
G1 X92.654 Y63.558 E3027.26395
G1 X92.423 Y63.638 E3027.36558
G1 X92.034 Y63.727 E3027.53149
G1 X91.785 Y63.756 E3027.63571
G1 X91.56 Y63.764 E3027.72931
G1 X46.532 Y63.764 E3046.44978
G1 X46.532 Y85.764 E3055.59632
G1 X91.56 Y85.764 E3074.31678
G1 X91.784 Y85.772 E3074.40997
G1 X92.033 Y85.801 E3074.51419
G1 X92.422 Y85.89 E3074.6801
G1 X92.653 Y85.97 E3074.78174
G1 X92.892 Y86.076 E3074.89043
G1 X93.283 Y86.307 E3075.07924
G1 X93.484 Y86.461 E3075.18452
G1 X93.676 Y86.637 E3075.2928
G1 X93.819 Y86.789 E3075.37957
G1 F2400 E3060.37957
G0 F600 X110.539 Y84.556
G1 F900 E3078.3813
G1 F600 X109.044 Y84.748 E3079.00795
G1 X108.696 Y84.754 E3079.15265
G1 X107.508 Y84.702 E3079.64704
G1 X107.209 Y84.674 E3079.77189
G1 X105.852 Y84.39 E3080.34829
G1 X105.571 Y84.316 E3080.4691
G1 X105.36 Y84.24 E3080.56234
G1 X104.256 Y83.796 E3081.05706
G1 X104.014 Y83.686 E3081.16758
G1 X103.861 Y83.602 E3081.24014
G1 X102.715 Y82.894 E3081.80019
G1 X102.461 Y82.705 E3081.93182
G1 X101.457 Y81.824 E3082.48715
G1 X101.32 Y81.692 E3082.56624
G1 X101.143 Y81.491 E3082.67759
G1 X100.399 Y80.571 E3083.1695
G1 X100.244 Y80.362 E3083.27768
G1 X100.112 Y80.146 E3083.38293
G1 X99.532 Y79.106 E3083.878
G1 X99.414 Y78.871 E3083.98733
G1 X99.323 Y78.645 E3084.08862
G1 X98.927 Y77.524 E3084.5829
G1 X98.854 Y77.285 E3084.6868
G1 X98.798 Y77.031 E3084.79494
G1 X98.574 Y75.686 E3085.36182
G1 X98.56 Y75.517 E3085.43233
G1 X98.56 Y74.007 E3086.06011
G1 X98.574 Y73.838 E3086.13062
G1 X98.805 Y72.458 E3086.71234
G1 X98.853 Y72.239 E3086.80555
G1 X98.927 Y72 E3086.90956
G1 X99.323 Y70.879 E3087.40385
G1 X99.414 Y70.652 E3087.50552
G1 X99.531 Y70.418 E3087.61429
G1 X100.111 Y69.378 E3088.10937
G1 X100.244 Y69.162 E3088.21483
G1 X100.337 Y69.032 E3088.28128
G1 X101.229 Y67.931 E3088.8704
G1 X101.457 Y67.7 E3089.00534
G1 X102.47 Y66.811 E3089.56568
G1 X102.725 Y66.623 E3089.69739
G1 X103.866 Y65.919 E3090.2548
G1 X104.013 Y65.839 E3090.32437
G1 X104.259 Y65.727 E3090.43675
G1 X105.39 Y65.274 E3090.94328
G1 X105.69 Y65.174 E3091.07475
G1 X107.01 Y64.886 E3091.63646
G1 X107.307 Y64.838 E3091.76154
G1 X107.508 Y64.822 E3091.84537
G1 X108.696 Y64.77 E3092.33975
G1 X109.044 Y64.775 E3092.48445
G1 X110.543 Y64.968 E3093.11281
G1 X110.706 Y65.002 E3093.18203
G1 X112.148 Y65.441 E3093.80871
G1 X112.512 Y65.598 E3093.97352
G1 X113.664 Y66.182 E3094.5105
G1 X113.957 Y66.368 E3094.65478
G1 X115.039 Y67.168 E3095.21423
G1 X115.278 Y67.382 E3095.34761
G1 X116.198 Y68.347 E3095.90192
G1 X116.307 Y68.473 E3095.97119
G1 X116.464 Y68.685 E3096.08086
G1 X117.156 Y69.713 E3096.59607
G1 X117.314 Y69.985 E3096.72685
G1 X117.873 Y71.21 E3097.28666
G1 X117.986 Y71.505 E3097.418
G1 X118.335 Y72.821 E3097.98404
G1 X118.406 Y73.179 E3098.13578
G1 X118.531 Y74.673 E3098.75908
G1 X118.532 Y74.853 E3098.83392
G1 X118.422 Y76.198 E3099.39497
G1 X118.378 Y76.515 E3099.52803
G1 X117.998 Y77.983 E3100.15847
G1 X117.866 Y78.329 E3100.31243
G1 X117.315 Y79.539 E3100.86519
G1 X117.157 Y79.814 E3100.99705
G1 X116.402 Y80.932 E3101.55792
G1 X116.208 Y81.17 E3101.68558
G1 X115.314 Y82.102 E3102.22251
G1 X115.14 Y82.268 E3102.32249
G1 X115.024 Y82.365 E3102.38535
G1 X113.987 Y83.134 E3102.9221
G1 X113.806 Y83.258 E3103.01331
G1 X113.554 Y83.4 E3103.13357
G1 X112.312 Y84.019 E3103.71051
G1 X112.019 Y84.125 E3103.84005
G1 X110.711 Y84.52 E3104.40811
G1 X110.539 Y84.556 E3104.48117
G0 X110.21 Y82.583
;TYPE:WALL-OUTER
G1 X108.879 Y82.755 E3105.03914
G1 X107.496 Y82.694 E3105.61468
G1 X106.177 Y82.41 E3106.17563
G1 X104.922 Y81.904 E3106.73821
G1 X103.819 Y81.226 E3107.27649
G1 X103.711 Y81.143 E3107.33312
G1 X102.803 Y80.344 E3107.83597
G1 X102.723 Y80.263 E3107.8833
G1 X101.902 Y79.244 E3108.42734
G1 X101.278 Y78.132 E3108.95748
G1 X101.209 Y77.978 E3109.02764
G1 X100.788 Y76.778 E3109.55635
G1 X100.557 Y75.41 E3110.13315
G1 X100.557 Y74.114 E3110.67196
G1 X100.57 Y73.999 E3110.72008
G1 X100.788 Y72.746 E3111.24884
G1 X101.239 Y71.47 E3111.8115
G1 X101.858 Y70.352 E3112.3428
G1 X101.933 Y70.237 E3112.39988
G1 X102.759 Y69.222 E3112.94395
G1 X103.738 Y68.358 E3113.48681
G1 X103.823 Y68.295 E3113.53079
G1 X104.872 Y67.647 E3114.04342
G1 X105.003 Y67.583 E3114.10403
G1 X106.119 Y67.136 E3114.60385
G1 X106.23 Y67.1 E3114.65236
G1 X107.492 Y66.83 E3115.18891
G1 X108.784 Y66.768 E3115.72668
G1 X108.9 Y66.77 E3115.77492
G1 X110.238 Y66.947 E3116.33604
G1 X111.476 Y67.325 E3116.8742
G1 X111.612 Y67.384 E3116.93583
G1 X112.7 Y67.935 E3117.44287
G1 X112.797 Y67.998 E3117.49096
G1 X113.784 Y68.725 E3118.0006
G1 X113.864 Y68.796 E3118.04507
G1 X114.753 Y69.733 E3118.58207
G1 X115.479 Y70.803 E3119.11965
G1 X115.536 Y70.902 E3119.16715
G1 X116.084 Y72.123 E3119.72356
G1 X116.4 Y73.327 E3120.24108
G1 X116.424 Y73.446 E3120.29155
G1 X116.532 Y74.733 E3120.82851
G1 X116.529 Y74.849 E3120.87675
G1 X116.424 Y76.078 E3121.38957
G1 X116.389 Y76.24 E3121.45848
G1 X116.084 Y77.401 E3121.95754
G1 X116.044 Y77.505 E3122.00387
G1 X115.51 Y78.675 E3122.53857
G1 X114.788 Y79.751 E3123.07729
G1 X114.701 Y79.854 E3123.13335
G1 X113.815 Y80.77 E3123.66317
G1 X112.738 Y81.566 E3124.21996
G1 X111.497 Y82.191 E3124.79765
G1 X110.21 Y82.583 E3125.35699
G0 X109.219 Y82.711
G1 F2400 E3110.35699
G0 F600 X92.313 Y88.105
G1 F900 E3128.35872
G1 F600 X93.077 Y88.978 E3128.84103
G1 X93.89 Y89.819 E3129.32734
G1 X94.713 Y90.573 E3129.79139
G1 X95.616 Y91.319 E3130.27836
G1 X96.516 Y91.982 E3130.7431
G1 X97.496 Y92.625 E3131.23041
G1 X98.481 Y93.202 E3131.70502
G1 X99.475 Y93.709 E3132.16893
G1 X100.538 Y94.183 E3132.65282
G1 X101.614 Y94.591 E3133.13125
G1 X102.682 Y94.93 E3133.5971
G1 X103.803 Y95.221 E3134.07861
G1 X104.933 Y95.454 E3134.55829
G1 X106.037 Y95.614 E3135.02207
G1 X107.187 Y95.717 E3135.5021
G1 X108.342 Y95.759 E3135.98261
G1 X109.495 Y95.74 E3136.46204
G1 X110.607 Y95.66 E3136.92555
G1 X111.754 Y95.511 E3137.40642
G1 X112.893 Y95.305 E3137.88765
G1 X113.979 Y95.042 E3138.3522
G1 X115.08 Y94.713 E3138.82995
G1 X116.18 Y94.32 E3139.31558
G1 X117.234 Y93.873 E3139.79157
G1 X118.241 Y93.384 E3140.25698
G1 X119.244 Y92.824 E3140.73457
G1 X120.207 Y92.216 E3141.20806
G1 X121.142 Y91.552 E3141.68484
G1 X122.052 Y90.826 E3142.16882
G1 X122.908 Y90.069 E3142.64391
G1 X123.704 Y89.281 E3143.10958
G1 X124.488 Y88.413 E3143.59586
G1 X125.194 Y87.543 E3144.06168
G1 X125.861 Y86.62 E3144.53513
G1 X126.496 Y85.633 E3145.02306
G1 X127.061 Y84.64 E3145.49805
G1 X127.561 Y83.641 E3145.96251
G1 X128.019 Y82.584 E3146.44144
G1 X128.42 Y81.494 E3146.9243
G1 X128.752 Y80.426 E3147.38928
G1 X129.035 Y79.291 E3147.87561
G1 X129.252 Y78.169 E3148.35072
G1 X129.405 Y77.036 E3148.82605
G1 X129.497 Y75.916 E3149.29326
G1 X129.531 Y74.749 E3149.77864
G1 X129.497 Y73.609 E3150.25281
G1 X129.405 Y72.492 E3150.71878
G1 X129.252 Y71.359 E3151.1941
G1 X129.035 Y70.237 E3151.66922
G1 X128.752 Y69.102 E3152.15554
G1 X128.42 Y68.033 E3152.62092
G1 X128.027 Y66.96 E3153.09601
G1 X127.561 Y65.887 E3153.58236
G1 X127.061 Y64.883 E3154.04867
G1 X126.496 Y63.891 E3154.5233
G1 X125.861 Y62.904 E3155.01124
G1 X125.194 Y61.981 E3155.48469
G1 X124.489 Y61.112 E3155.94992
G1 X123.701 Y60.244 E3156.43732
G1 X122.907 Y59.458 E3156.90182
G1 X122.051 Y58.697 E3157.378
G1 X121.138 Y57.968 E3157.86374
G1 X120.203 Y57.308 E3158.33956
G1 X119.244 Y56.7 E3158.81164
G1 X118.237 Y56.14 E3159.29069
G1 X117.233 Y55.651 E3159.75498
G1 X116.18 Y55.205 E3160.23041
G1 X115.076 Y54.811 E3160.71776
G1 X113.979 Y54.482 E3161.19391
G1 X112.885 Y54.219 E3161.6617
G1 X111.753 Y54.013 E3162.14006
G1 X110.607 Y53.864 E3162.62052
G1 X109.495 Y53.784 E3163.08403
G1 X108.342 Y53.765 E3163.56346
G1 X107.187 Y53.807 E3164.04397
G1 X106.039 Y53.91 E3164.52317
G1 X104.937 Y54.074 E3164.98637
G1 X103.798 Y54.303 E3165.46939
G1 X102.691 Y54.593 E3165.94516
G1 X101.61 Y54.937 E3166.41679
G1 X100.533 Y55.346 E3166.89576
G1 X99.475 Y55.816 E3167.37707
G1 X98.481 Y56.322 E3167.84079
G1 X97.496 Y56.899 E3168.3154
G1 X96.516 Y57.542 E3168.8027
G1 X95.616 Y58.205 E3169.26745
G1 X94.714 Y58.95 E3169.75383
G1 X93.89 Y59.709 E3170.21959
G1 X93.077 Y60.546 E3170.70471
G1 X92.266 Y61.473 E3171.21679
G1 X92.135 Y61.583 E3171.28791
G1 X92.005 Y61.66 E3171.35072
G1 X91.848 Y61.722 E3171.4209
G1 X91.635 Y61.762 E3171.51101
G1 X44.532 Y61.764 E3191.09416
G1 X44.532 Y87.764 E3201.9037
G1 X91.635 Y87.766 E3221.48685
G1 X91.848 Y87.806 E3221.57696
G1 X92.004 Y87.868 E3221.64675
G1 X92.135 Y87.945 E3221.70992
G1 X92.202 Y87.996 E3221.74493
G1 X92.313 Y88.105 E3221.80961
G0 X92.971 Y88.857
G1 F2400 E3206.80961
;MESH:NONMESH
G0 F600 Z5
G0 X50.777 Y65.764
;TIME_ELAPSED:1853.587769
;LAYER:5
;TYPE:FILL
;MESH:single_lug_connector_thickness_5mm.stl
G1 F900 E3224.81134
G1 F600 X48.532 Y68.01 E3226.1316
G1 X48.532 Y65.764 E3227.06538
G1 X53.606 Y65.764 E3229.17491
G1 X48.532 Y70.838 E3232.15822
G1 X48.532 Y73.666 E3233.33397
G1 X56.434 Y65.764 E3237.98004
G1 X59.263 Y65.764 E3239.1562
G1 X48.532 Y76.495 E3245.46562
G1 X48.532 Y79.323 E3246.64137
G1 X62.091 Y65.764 E3254.61354
G1 X64.919 Y65.764 E3255.78929
G1 X48.532 Y82.152 E3265.42451
G1 X48.532 Y83.764 E3266.0947
G1 X49.747 Y83.765 E3266.59984
G1 X67.748 Y65.764 E3277.18374
G1 X70.576 Y65.764 E3278.35948
G1 X52.576 Y83.765 E3288.94309
G1 X55.404 Y83.765 E3290.11883
G1 X73.405 Y65.764 E3300.70273
G1 X76.233 Y65.764 E3301.87848
G1 X58.232 Y83.765 E3312.46237
G1 X61.061 Y83.765 E3313.63853
G1 X79.062 Y65.764 E3324.22243
G1 X81.89 Y65.764 E3325.39818
G1 X63.889 Y83.765 E3335.98208
G1 X66.718 Y83.765 E3337.15824
G1 X84.718 Y65.764 E3347.74184
G1 X87.547 Y65.764 E3348.918
G1 X69.546 Y83.765 E3359.5019
G1 X72.375 Y83.765 E3360.67806
G1 X90.375 Y65.764 E3371.26167
G1 X91.578 Y65.764 E3371.76182
G1 X91.936 Y65.751 E3371.91075
G1 X92.362 Y65.701 E3372.08908
G1 X92.985 Y65.559 E3372.35474
G1 X93.385 Y65.42 E3372.53079
G1 X93.676 Y65.291 E3372.66313
G1 X75.203 Y83.765 E3383.52484
G1 X78.031 Y83.765 E3384.70059
G1 X103.152 Y58.644 E3399.47077
G1 X103.808 Y58.436 E3399.75689
G1 X104.701 Y58.201 E3400.14079
G1 X105.628 Y58.014 E3400.53396
G1 X106.508 Y57.884 E3400.90379
G1 X106.763 Y57.861 E3401.01024
G1 X80.86 Y83.765 E3416.2405
G1 X83.688 Y83.765 E3417.41625
G1 X97.568 Y69.885 E3425.57716
G1 X97.774 Y69.464 E3425.77202
G1 X98.375 Y68.385 E3426.28551
G1 X98.581 Y68.05 E3426.44901
G1 X98.743 Y67.823 E3426.56495
G1 X99.734 Y66.6 E3427.21939
G1 X100.098 Y66.232 E3427.43459
G1 X101.198 Y65.268 E3428.04268
G1 X101.403 Y65.107 E3428.15105
G1 X101.629 Y64.95 E3428.26546
G1 X102.86 Y64.19 E3428.86693
G1 X103.111 Y64.053 E3428.98582
G1 X103.493 Y63.878 E3429.16051
G1 X104.673 Y63.407 E3429.68873
G1 X104.963 Y63.304 E3429.81668
G1 X105.222 Y63.228 E3429.9289
G1 X106.614 Y62.926 E3430.52109
G1 X107.076 Y62.85 E3430.71575
G1 X107.458 Y62.823 E3430.87496
G1 X112.129 Y58.152 E3433.62133
G1 X111.136 Y57.967 E3434.04127
G1 X110.192 Y57.844 E3434.43706
G1 X109.648 Y57.805 E3434.66381
G1 X103.629 Y63.824 E3438.20275
G1 X103.276 Y64.177
G1 F2400 E3423.20275
G0 F600 X108.909 Y62.768
G1 F900 E3441.20448
G1 F600 X109.2 Y62.78 E3441.32556
G1 X110.2 Y62.909 E3441.74476
G1 X114.321 Y58.788 E3444.16775
G1 X114.726 Y58.933 E3444.3466
G1 X115.579 Y59.295 E3444.73185
G1 X116.296 Y59.642 E3445.06302
G1 X112.485 Y63.453 E3447.30374
G1 X112.812 Y63.554 E3447.44603
G1 X113.094 Y63.664 E3447.57187
G1 X113.399 Y63.806 E3447.71175
G1 X114.435 Y64.332 E3448.1948
G1 X118.07 Y60.697 E3450.33204
G1 X118.734 Y61.166 E3450.67002
G1 X119.476 Y61.759 E3451.06492
G1 X119.667 Y61.928 E3451.17095
G1 X116.116 Y65.479 E3453.2588
G1 X116.286 Y65.604 E3453.34653
G1 X116.478 Y65.765 E3453.4507
G1 X116.691 Y65.967 E3453.57275
G1 X117.553 Y66.87 E3454.09177
G1 X121.097 Y63.326 E3456.1755
G1 X121.444 Y63.709 E3456.39037
G1 X122.015 Y64.412 E3456.7669
G1 X122.36 Y64.892 E3457.01266
G1 X118.751 Y68.501 E3459.13462
G1 X118.843 Y68.638 E3459.20323
G1 X119.094 Y69.071 E3459.41131
G1 X119.695 Y70.385 E3460.01204
G1 X123.451 Y66.629 E3462.22042
G1 X123.526 Y66.76 E3462.28318
G1 X123.936 Y67.582 E3462.66508
G1 X124.309 Y68.44 E3463.05404
G1 X124.351 Y68.558 E3463.10612
G1 X120.33 Y72.579 E3465.47031
G1 X120.39 Y72.919 E3465.61385
G1 X120.518 Y74.369 E3466.21903
G1 X120.533 Y74.91 E3466.44404
G1 X120.391 Y76.602 E3467.14997
G1 X120.341 Y76.901 E3467.276
G1 X120.263 Y77.24 E3467.42062
G1 X119.911 Y78.573 E3467.99382
G1 X119.867 Y78.698 E3468.04891
G1 X125.442 Y73.123 E3471.3268
G1 X125.425 Y72.914 E3471.41398
G1 X125.305 Y72.012 E3471.79229
G1 X125.126 Y71.092 E3472.18195
G1 X125.03 Y70.707 E3472.34692
G1 X120.506 Y75.231 E3475.00686
G1 X120.153 Y75.584
G1 F2400 E3460.00686
G0 F600 X118.597 Y88.454
G1 F900 E3478.00859
G1 F600 X122.217 Y84.834 E3480.13701
G1 X122.016 Y85.111 E3480.2793
G1 X121.451 Y85.808 E3480.65232
G1 X120.812 Y86.515 E3481.04853
G1 X120.178 Y87.143 E3481.41953
G1 X119.473 Y87.768 E3481.81124
G1 X118.733 Y88.357 E3482.20445
G1 X117.983 Y88.89 E3482.58698
G1 X117.204 Y89.382 E3482.97004
G1 X116.383 Y89.841 E3483.3611
G1 X115.584 Y90.229 E3483.73038
G1 X114.736 Y90.587 E3484.11306
G1 X113.826 Y90.913 E3484.51494
G1 X113.088 Y91.134 E3484.83523
G1 X124.905 Y79.318 E3491.78288
G1 X125.125 Y78.435 E3492.16121
G1 X125.303 Y77.517 E3492.54998
G1 X125.426 Y76.612 E3492.92969
G1 X125.483 Y75.911 E3493.2221
G1 X109.677 Y91.717 E3502.51542
G1 X109.33 Y91.742 E3502.66006
G1 X108.373 Y91.758 E3503.05799
G1 X107.447 Y91.724 E3503.44323
G1 X106.891 Y91.675 E3503.67529
G1 X112.499 Y86.066 E3506.97287
G1 X111.456 Y86.389 E3507.42682
G1 X111.181 Y86.464 E3507.54533
G1 X110.887 Y86.526 E3507.67024
G1 X109.452 Y86.717 E3508.27211
G1 X109.08 Y86.751 E3508.42741
G1 X108.986 Y86.751 E3508.46649
G1 X104.474 Y91.263 E3511.11938
G1 X103.79 Y91.086 E3511.41312
G1 X102.932 Y90.813 E3511.78746
G1 X102.326 Y90.582 E3512.05708
G1 X106.364 Y86.545 E3514.43098
G1 X105.41 Y86.341 E3514.83657
G1 X104.971 Y86.225 E3515.02535
G1 X104.63 Y86.102 E3515.17607
G1 X104.166 Y85.914 E3515.38421
G1 X100.394 Y89.687 E3517.60229
G1 X99.6 Y89.222 E3517.98484
G1 X98.805 Y88.7 E3518.38025
G1 X98.658 Y88.593 E3518.45584
G1 X102.278 Y84.974 E3520.58397
G1 X101.6 Y84.555 E3520.91533
G1 X101.195 Y84.255 E3521.12487
G1 X100.648 Y83.775 E3521.42743
G1 X97.094 Y87.33 E3523.51734
G1 X96.688 Y86.958 E3523.74628
G1 X96.021 Y86.269 E3524.14497
G1 X95.698 Y85.897 E3524.34979
G1 X99.256 Y82.339 E3526.44176
G1 X98.83 Y81.812 E3526.72349
G1 X98.585 Y81.481 E3526.8947
G1 X98.375 Y81.139 E3527.06155
G1 X98.107 Y80.66 E3527.28975
G1 X94.223 Y84.544 E3529.57339
G1 X93.795 Y84.29 E3529.78031
G1 X93.384 Y84.107 E3529.96736
G1 X92.983 Y83.969 E3530.14367
G1 X92.36 Y83.827 E3530.40933
G1 X92.137 Y83.801 E3530.50267
G1 X97.225 Y78.713 E3533.49422
G1 X97.034 Y78.171 E3533.73314
G1 X96.918 Y77.794 E3533.89713
G1 X96.84 Y77.44 E3534.04783
G1 X96.625 Y76.186 E3534.57679
G1 X96.586 Y75.907 E3534.69391
G1 X96.561 Y75.613 E3534.81659
G1 X96.561 Y73.911 E3535.5242
G1 X96.579 Y73.702 E3535.61141
G1 X86.517 Y83.765 E3541.52777
G1 X89.345 Y83.765 E3542.70352
G1 X96.669 Y76.441 E3547.00975
G1 X97.022 Y76.088
G1 F2400 E3532.00975
G0 F600 X93.819 Y86.789
;TYPE:WALL-INNER
G1 F900 E3550.01148
G1 F600 X94.549 Y87.624 E3550.47259
G1 X95.285 Y88.385 E3550.91274
G1 X96.027 Y89.064 E3551.3309
G1 X96.847 Y89.742 E3551.77326
G1 X97.659 Y90.34 E3552.19252
G1 X98.55 Y90.925 E3552.63566
G1 X99.441 Y91.446 E3553.06478
G1 X100.337 Y91.904 E3553.48313
G1 X101.301 Y92.333 E3553.92181
G1 X102.272 Y92.701 E3554.35353
G1 X103.236 Y93.008 E3554.77415
G1 X104.256 Y93.273 E3555.21229
G1 X105.279 Y93.483 E3555.64647
G1 X106.27 Y93.627 E3556.06281
G1 X107.313 Y93.72 E3556.49816
G1 X108.362 Y93.759 E3556.93459
G1 X109.407 Y93.742 E3557.3691
G1 X110.406 Y93.67 E3557.78552
G1 X111.446 Y93.534 E3558.22158
G1 X112.479 Y93.347 E3558.65803
G1 X113.457 Y93.111 E3559.07631
G1 X114.456 Y92.812 E3559.50985
G1 X115.452 Y92.456 E3559.94959
G1 X116.407 Y92.051 E3560.38086
G1 X117.316 Y91.61 E3560.80091
G1 X118.222 Y91.104 E3561.23234
G1 X119.093 Y90.554 E3561.66062
G1 X119.938 Y89.954 E3562.09148
G1 X120.765 Y89.294 E3562.53138
G1 X121.541 Y88.608 E3562.96199
G1 X122.257 Y87.899 E3563.38092
G1 X122.968 Y87.112 E3563.82187
G1 X123.606 Y86.326 E3564.24275
G1 X124.209 Y85.492 E3564.67063
G1 X124.785 Y84.597 E3565.11313
G1 X125.296 Y83.698 E3565.54305
G1 X125.747 Y82.795 E3565.96269
G1 X126.161 Y81.84 E3566.39544
G1 X126.526 Y80.851 E3566.83372
G1 X126.825 Y79.887 E3567.25334
G1 X127.081 Y78.859 E3567.69379
G1 X127.278 Y77.845 E3568.12324
G1 X127.415 Y76.821 E3568.55277
G1 X127.499 Y75.805 E3568.97661
G1 X127.53 Y74.75 E3569.41542
G1 X127.499 Y73.721 E3569.84342
G1 X127.416 Y72.708 E3570.26599
G1 X127.278 Y71.683 E3570.69598
G1 X127.081 Y70.669 E3571.12543
G1 X126.825 Y69.641 E3571.56588
G1 X126.525 Y68.674 E3571.98681
G1 X126.169 Y67.703 E3572.41679
G1 X125.747 Y66.731 E3572.85734
G1 X125.295 Y65.824 E3573.27866
G1 X124.785 Y64.927 E3573.70765
G1 X124.209 Y64.032 E3574.15015
G1 X123.606 Y63.198 E3574.57802
G1 X122.971 Y62.415 E3574.99715
G1 X122.256 Y61.628 E3575.43922
G1 X121.538 Y60.917 E3575.85932
G1 X120.761 Y60.227 E3576.29135
G1 X119.936 Y59.568 E3576.73034
G1 X119.091 Y58.971 E3577.16048
G1 X118.222 Y58.42 E3577.58827
G1 X117.313 Y57.914 E3578.0208
G1 X116.405 Y57.472 E3578.44065
G1 X115.454 Y57.069 E3578.87007
G1 X114.453 Y56.712 E3579.31191
G1 X113.458 Y56.414 E3579.74374
G1 X112.471 Y56.177 E3580.16575
G1 X111.444 Y55.99 E3580.59975
G1 X110.406 Y55.855 E3581.03493
G1 X109.407 Y55.783 E3581.45134
G1 X108.362 Y55.766 E3581.88586
G1 X107.313 Y55.803 E3582.32226
G1 X106.276 Y55.896 E3582.75512
G1 X105.282 Y56.044 E3583.17293
G1 X104.25 Y56.252 E3583.61062
G1 X103.248 Y56.515 E3584.04131
G1 X102.268 Y56.826 E3584.46877
G1 X101.294 Y57.196 E3584.90195
G1 X100.335 Y57.622 E3585.33822
G1 X99.441 Y58.078 E3585.75546
G1 X98.55 Y58.599 E3586.18458
G1 X97.659 Y59.184 E3586.62772
G1 X96.847 Y59.782 E3587.04698
G1 X96.03 Y60.458 E3587.48785
G1 X95.286 Y61.143 E3587.9083
G1 X94.549 Y61.901 E3588.34785
G1 X93.823 Y62.734 E3588.80724
G1 X93.677 Y62.89 E3588.89607
G1 X93.485 Y63.066 E3589.00436
G1 X93.283 Y63.22 E3589.10996
G1 X92.894 Y63.452 E3589.29827
G1 X92.654 Y63.558 E3589.40735
G1 X92.423 Y63.638 E3589.50898
G1 X92.034 Y63.727 E3589.67489
G1 X91.785 Y63.756 E3589.77911
G1 X91.56 Y63.764 E3589.87272
G1 X46.532 Y63.764 E3608.59318
G1 X46.532 Y85.764 E3617.73972
G1 X91.56 Y85.764 E3636.46019
G1 X91.784 Y85.772 E3636.55337
G1 X92.033 Y85.801 E3636.6576
G1 X92.422 Y85.89 E3636.8235
G1 X92.653 Y85.97 E3636.92514
G1 X92.892 Y86.076 E3637.03384
G1 X93.283 Y86.307 E3637.22265
G1 X93.484 Y86.461 E3637.32792
G1 X93.676 Y86.637 E3637.43621
G1 X93.819 Y86.789 E3637.52297
G1 F2400 E3622.52297
G0 F600 X110.539 Y84.556
G1 F900 E3640.5247
G1 F600 X109.044 Y84.748 E3641.15135
G1 X108.696 Y84.754 E3641.29605
G1 X107.508 Y84.702 E3641.79044
G1 X107.209 Y84.674 E3641.91529
G1 X105.852 Y84.39 E3642.49169
G1 X105.571 Y84.316 E3642.6125
G1 X105.36 Y84.24 E3642.70574
G1 X104.256 Y83.796 E3643.20046
G1 X104.014 Y83.686 E3643.31098
G1 X103.861 Y83.602 E3643.38355
G1 X102.715 Y82.894 E3643.94359
G1 X102.461 Y82.705 E3644.07522
G1 X101.457 Y81.824 E3644.63055
G1 X101.32 Y81.692 E3644.70964
G1 X101.143 Y81.491 E3644.82099
G1 X100.399 Y80.571 E3645.31291
G1 X100.244 Y80.362 E3645.42109
G1 X100.112 Y80.146 E3645.52633
G1 X99.532 Y79.106 E3646.02141
G1 X99.414 Y78.871 E3646.13073
G1 X99.323 Y78.645 E3646.23202
G1 X98.927 Y77.524 E3646.72631
G1 X98.854 Y77.285 E3646.8302
G1 X98.798 Y77.031 E3646.93834
G1 X98.574 Y75.686 E3647.50523
G1 X98.56 Y75.517 E3647.57573
G1 X98.56 Y74.007 E3648.20351
G1 X98.574 Y73.838 E3648.27402
G1 X98.805 Y72.458 E3648.85574
G1 X98.853 Y72.239 E3648.94895
G1 X98.927 Y72 E3649.05297
G1 X99.323 Y70.879 E3649.54725
G1 X99.414 Y70.652 E3649.64893
G1 X99.531 Y70.418 E3649.75769
G1 X100.111 Y69.378 E3650.25277
G1 X100.244 Y69.162 E3650.35823
G1 X100.337 Y69.032 E3650.42469
G1 X101.229 Y67.931 E3651.0138
G1 X101.457 Y67.7 E3651.14874
G1 X102.47 Y66.811 E3651.70908
G1 X102.725 Y66.623 E3651.8408
G1 X103.866 Y65.919 E3652.3982
G1 X104.013 Y65.839 E3652.46778
G1 X104.259 Y65.727 E3652.58015
G1 X105.39 Y65.274 E3653.08668
G1 X105.69 Y65.174 E3653.21816
G1 X107.01 Y64.886 E3653.77986
G1 X107.307 Y64.838 E3653.90494
G1 X107.508 Y64.822 E3653.98877
G1 X108.696 Y64.77 E3654.48315
G1 X109.044 Y64.775 E3654.62785
G1 X110.543 Y64.968 E3655.25621
G1 X110.706 Y65.002 E3655.32543
G1 X112.148 Y65.441 E3655.95211
G1 X112.512 Y65.598 E3656.11692
G1 X113.664 Y66.182 E3656.6539
G1 X113.957 Y66.368 E3656.79819
G1 X115.039 Y67.168 E3657.35763
G1 X115.278 Y67.382 E3657.49101
G1 X116.198 Y68.347 E3658.04532
G1 X116.307 Y68.473 E3658.11459
G1 X116.464 Y68.685 E3658.22426
G1 X117.156 Y69.713 E3658.73947
G1 X117.314 Y69.985 E3658.87025
G1 X117.873 Y71.21 E3659.43006
G1 X117.986 Y71.505 E3659.5614
G1 X118.335 Y72.821 E3660.12744
G1 X118.406 Y73.179 E3660.27918
G1 X118.531 Y74.673 E3660.90248
G1 X118.532 Y74.853 E3660.97732
G1 X118.422 Y76.198 E3661.53837
G1 X118.378 Y76.515 E3661.67143
G1 X117.998 Y77.983 E3662.30187
G1 X117.866 Y78.329 E3662.45583
G1 X117.315 Y79.539 E3663.0086
G1 X117.157 Y79.814 E3663.14045
G1 X116.402 Y80.932 E3663.70133
G1 X116.208 Y81.17 E3663.82898
G1 X115.314 Y82.102 E3664.36591
G1 X115.14 Y82.268 E3664.46589
G1 X115.024 Y82.365 E3664.52876
G1 X113.987 Y83.134 E3665.0655
G1 X113.806 Y83.258 E3665.15672
G1 X113.554 Y83.4 E3665.27697
G1 X112.312 Y84.019 E3665.85391
G1 X112.019 Y84.125 E3665.98346
G1 X110.711 Y84.52 E3666.55152
G1 X110.539 Y84.556 E3666.62457
G0 X110.21 Y82.583
;TYPE:WALL-OUTER
G1 X108.879 Y82.755 E3667.18254
G1 X107.496 Y82.694 E3667.75808
G1 X106.177 Y82.41 E3668.31903
G1 X104.922 Y81.904 E3668.88161
G1 X103.819 Y81.226 E3669.41989
G1 X103.711 Y81.143 E3669.47652
G1 X102.803 Y80.344 E3669.97937
G1 X102.723 Y80.263 E3670.0267
G1 X101.902 Y79.244 E3670.57075
G1 X101.278 Y78.132 E3671.10088
G1 X101.209 Y77.978 E3671.17104
G1 X100.788 Y76.778 E3671.69975
G1 X100.557 Y75.41 E3672.27655
G1 X100.557 Y74.114 E3672.81537
G1 X100.57 Y73.999 E3672.86348
G1 X100.788 Y72.746 E3673.39224
G1 X101.239 Y71.47 E3673.95491
G1 X101.858 Y70.352 E3674.4862
G1 X101.933 Y70.237 E3674.54328
G1 X102.759 Y69.222 E3675.08735
G1 X103.738 Y68.358 E3675.63021
G1 X103.823 Y68.295 E3675.6742
G1 X104.872 Y67.647 E3676.18682
G1 X105.003 Y67.583 E3676.24744
G1 X106.119 Y67.136 E3676.74725
G1 X106.23 Y67.1 E3676.79576
G1 X107.492 Y66.83 E3677.33232
G1 X108.784 Y66.768 E3677.87009
G1 X108.9 Y66.77 E3677.91832
G1 X110.238 Y66.947 E3678.47944
G1 X111.476 Y67.325 E3679.0176
G1 X111.612 Y67.384 E3679.07923
G1 X112.7 Y67.935 E3679.58627
G1 X112.797 Y67.998 E3679.63436
G1 X113.784 Y68.725 E3680.14401
G1 X113.864 Y68.796 E3680.18848
G1 X114.753 Y69.733 E3680.72547
G1 X115.479 Y70.803 E3681.26306
G1 X115.536 Y70.902 E3681.31055
G1 X116.084 Y72.123 E3681.86697
G1 X116.4 Y73.327 E3682.38449
G1 X116.424 Y73.446 E3682.43496
G1 X116.532 Y74.733 E3682.97191
G1 X116.529 Y74.849 E3683.02015
G1 X116.424 Y76.078 E3683.53297
G1 X116.389 Y76.24 E3683.60188
G1 X116.084 Y77.401 E3684.10094
G1 X116.044 Y77.505 E3684.14727
G1 X115.51 Y78.675 E3684.68197
G1 X114.788 Y79.751 E3685.22069
G1 X114.701 Y79.854 E3685.27675
G1 X113.815 Y80.77 E3685.80657
G1 X112.738 Y81.566 E3686.36336
G1 X111.497 Y82.191 E3686.94105
G1 X110.21 Y82.583 E3687.50039
G0 X109.219 Y82.711
G1 F2400 E3672.50039
G0 F600 X92.313 Y88.105
G1 F900 E3690.50212
G1 F600 X93.077 Y88.978 E3690.98443
G1 X93.89 Y89.819 E3691.47074
G1 X94.713 Y90.573 E3691.9348
G1 X95.616 Y91.319 E3692.42176
G1 X96.516 Y91.982 E3692.88651
G1 X97.496 Y92.625 E3693.37381
G1 X98.481 Y93.202 E3693.84842
G1 X99.475 Y93.709 E3694.31233
G1 X100.538 Y94.183 E3694.79622
G1 X101.614 Y94.591 E3695.27465
G1 X102.682 Y94.93 E3695.7405
G1 X103.803 Y95.221 E3696.22201
G1 X104.933 Y95.454 E3696.70169
G1 X106.037 Y95.614 E3697.16547
G1 X107.187 Y95.717 E3697.6455
G1 X108.342 Y95.759 E3698.12601
G1 X109.495 Y95.74 E3698.60544
G1 X110.607 Y95.66 E3699.06895
G1 X111.754 Y95.511 E3699.54983
G1 X112.893 Y95.305 E3700.03105
G1 X113.979 Y95.042 E3700.49561
G1 X115.08 Y94.713 E3700.97335
G1 X116.18 Y94.32 E3701.45899
G1 X117.234 Y93.873 E3701.93497
G1 X118.241 Y93.384 E3702.40038
G1 X119.244 Y92.824 E3702.87797
G1 X120.207 Y92.216 E3703.35146
G1 X121.142 Y91.552 E3703.82824
G1 X122.052 Y90.826 E3704.31223
G1 X122.908 Y90.069 E3704.78731
G1 X123.704 Y89.281 E3705.25298
G1 X124.488 Y88.413 E3705.73926
G1 X125.194 Y87.543 E3706.20508
G1 X125.861 Y86.62 E3706.67853
G1 X126.496 Y85.633 E3707.16647
G1 X127.061 Y84.64 E3707.64146
G1 X127.561 Y83.641 E3708.10591
G1 X128.019 Y82.584 E3708.58484
G1 X128.42 Y81.494 E3709.0677
G1 X128.752 Y80.426 E3709.53268
G1 X129.035 Y79.291 E3710.01901
G1 X129.252 Y78.169 E3710.49413
G1 X129.405 Y77.036 E3710.96945
G1 X129.497 Y75.916 E3711.43666
G1 X129.531 Y74.749 E3711.92205
G1 X129.497 Y73.609 E3712.39621
G1 X129.405 Y72.492 E3712.86218
G1 X129.252 Y71.359 E3713.3375
G1 X129.035 Y70.237 E3713.81262
G1 X128.752 Y69.102 E3714.29895
G1 X128.42 Y68.033 E3714.76433
G1 X128.027 Y66.96 E3715.23941
G1 X127.561 Y65.887 E3715.72576
G1 X127.061 Y64.883 E3716.19208
G1 X126.496 Y63.891 E3716.66671
G1 X125.861 Y62.904 E3717.15464
G1 X125.194 Y61.981 E3717.62809
G1 X124.489 Y61.112 E3718.09332
G1 X123.701 Y60.244 E3718.58072
G1 X122.907 Y59.458 E3719.04522
G1 X122.051 Y58.697 E3719.5214
G1 X121.138 Y57.968 E3720.00714
G1 X120.203 Y57.308 E3720.48296
G1 X119.244 Y56.7 E3720.95504
G1 X118.237 Y56.14 E3721.43409
G1 X117.233 Y55.651 E3721.89838
G1 X116.18 Y55.205 E3722.37382
G1 X115.076 Y54.811 E3722.86116
G1 X113.979 Y54.482 E3723.33731
G1 X112.885 Y54.219 E3723.8051
G1 X111.753 Y54.013 E3724.28346
G1 X110.607 Y53.864 E3724.76392
G1 X109.495 Y53.784 E3725.22743
G1 X108.342 Y53.765 E3725.70686
G1 X107.187 Y53.807 E3726.18737
G1 X106.039 Y53.91 E3726.66657
G1 X104.937 Y54.074 E3727.12977
G1 X103.798 Y54.303 E3727.61279
G1 X102.691 Y54.593 E3728.08856
G1 X101.61 Y54.937 E3728.56019
G1 X100.533 Y55.346 E3729.03916
G1 X99.475 Y55.816 E3729.52047
G1 X98.481 Y56.322 E3729.98419
G1 X97.496 Y56.899 E3730.4588
G1 X96.516 Y57.542 E3730.94611
G1 X95.616 Y58.205 E3731.41085
G1 X94.714 Y58.95 E3731.89723
G1 X93.89 Y59.709 E3732.363
G1 X93.077 Y60.546 E3732.84812
G1 X92.266 Y61.473 E3733.36019
G1 X92.135 Y61.583 E3733.43131
G1 X92.005 Y61.66 E3733.49413
G1 X91.848 Y61.722 E3733.5643
G1 X91.635 Y61.762 E3733.65441
G1 X44.532 Y61.764 E3753.23756
G1 X44.532 Y87.764 E3764.0471
G1 X91.635 Y87.766 E3783.63026
G1 X91.848 Y87.806 E3783.72036
G1 X92.004 Y87.868 E3783.79015
G1 X92.135 Y87.945 E3783.85333
G1 X92.202 Y87.996 E3783.88833
G1 X92.313 Y88.105 E3783.95301
G0 X92.971 Y88.857
G1 F2400 E3768.95301
;MESH:NONMESH
G0 F600 Z5.5
G0 X48.532 Y81.52
;TIME_ELAPSED:2005.635733
;LAYER:6
;TYPE:FILL
;MESH:single_lug_connector_thickness_5mm.stl
G1 F900 E3786.95474
G1 F600 X50.776 Y83.764 E3788.27412
G1 X48.532 Y83.764 E3789.20707
G1 X48.532 Y78.691 E3791.31618
G1 X53.604 Y83.764 E3794.29861
G1 X56.433 Y83.764 E3795.47478
G1 X48.532 Y75.863 E3800.12026
G1 X48.532 Y73.034 E3801.29642
G1 X59.261 Y83.764 E3807.60496
G1 X62.09 Y83.764 E3808.78112
G1 X48.532 Y70.206 E3816.7527
G1 X48.532 Y67.377 E3817.92887
G1 X64.918 Y83.764 E3827.5635
G1 X67.746 Y83.764 E3828.73925
G1 X49.747 Y65.764 E3839.32226
G1 X52.576 Y65.764 E3840.49842
G1 X70.575 Y83.764 E3851.08144
G1 X73.403 Y83.764 E3852.25718
G1 X55.404 Y65.764 E3862.8402
G1 X58.232 Y65.764 E3864.01595
G1 X76.232 Y83.764 E3874.59926
G1 X79.06 Y83.764 E3875.775
G1 X61.061 Y65.764 E3886.35802
G1 X63.889 Y65.764 E3887.53376
G1 X81.889 Y83.764 E3898.11707
G1 X84.717 Y83.764 E3899.29282
G1 X66.718 Y65.764 E3909.87584
G1 X69.546 Y65.764 E3911.05158
G1 X87.545 Y83.764 E3921.6346
G1 X90.374 Y83.764 E3922.81076
G1 X72.375 Y65.764 E3933.39378
G1 X75.203 Y65.764 E3934.56952
G1 X93.675 Y84.236 E3945.43035
G1 X93.795 Y84.29 E3945.48506
G1 X94.418 Y84.658 E3945.78588
G1 X94.768 Y84.927 E3945.96941
G1 X95.083 Y85.214 E3946.14658
G1 X95.312 Y85.457 E3946.2854
G1 X96.021 Y86.269 E3946.73357
G1 X96.688 Y86.958 E3947.13226
G1 X97.33 Y87.546 E3947.4942
G1 X98.082 Y88.168 E3947.89994
G1 X98.805 Y88.7 E3948.27313
G1 X99.6 Y89.222 E3948.66853
G1 X100.406 Y89.694 E3949.05686
G1 X101.183 Y90.091 E3949.41962
G1 X102.07 Y90.485 E3949.82314
G1 X102.932 Y90.813 E3950.20658
G1 X103.148 Y90.882 E3950.30086
G1 X78.031 Y65.764 E3965.06898
G1 X80.86 Y65.764 E3966.24515
G1 X106.758 Y91.662 E3981.47218
G1 X107.447 Y91.724 E3981.75979
G1 X108.373 Y91.758 E3982.14503
G1 X109.33 Y91.742 E3982.54296
G1 X109.643 Y91.719 E3982.67344
G1 X103.614 Y85.691 E3986.21797
G1 X103.303 Y85.564 E3986.35764
G1 X102.862 Y85.335 E3986.56423
G1 X101.6 Y84.555 E3987.18103
G1 X101.195 Y84.255 E3987.39058
G1 X100.105 Y83.299 E3987.99335
G1 X99.878 Y83.078 E3988.12506
G1 X99.602 Y82.767 E3988.29794
G1 X98.83 Y81.812 E3988.80849
G1 X98.585 Y81.481 E3988.9797
G1 X98.375 Y81.139 E3989.14655
G1 X97.773 Y80.06 E3989.66024
G1 X97.572 Y79.649 E3989.85045
G1 X83.688 Y65.764 E3998.01401
G1 X86.517 Y65.764 E3999.19017
G1 X96.579 Y75.827 E4005.10653
G1 X96.561 Y75.613 E4005.19582
G1 X96.561 Y73.911 E4005.90343
G1 X96.586 Y73.617 E4006.0261
G1 X96.668 Y73.087 E4006.24907
G1 X89.345 Y65.764 E4010.55471
G1 X91.578 Y65.764 E4011.48309
G1 X91.936 Y65.751 E4011.63202
G1 X92.137 Y65.728 E4011.71614
G1 X97.224 Y70.815 E4014.7071
G1 X97.444 Y70.192 E4014.98179
G1 X97.589 Y69.832 E4015.14314
G1 X97.774 Y69.464 E4015.31438
G1 X98.106 Y68.869 E4015.59766
G1 X94.223 Y64.986 E4017.88071
G1 X94.42 Y64.868 E4017.97618
G1 X94.769 Y64.6 E4018.15913
G1 X95.085 Y64.311 E4018.33716
G1 X95.319 Y64.062 E4018.47922
G1 X95.695 Y63.629 E4018.71764
G1 X99.257 Y67.191 E4020.81196
G1 X99.734 Y66.6 E4021.12772
G1 X100.098 Y66.232 E4021.34292
G1 X100.645 Y65.751 E4021.64575
G1 X97.093 Y62.199 E4023.73419
G1 X97.343 Y61.967 E4023.87599
G1 X98.082 Y61.356 E4024.27464
G1 X98.657 Y60.934 E4024.57117
G1 X102.274 Y64.551 E4026.69783
G1 X102.86 Y64.19 E4026.98398
G1 X103.111 Y64.053 E4027.10287
G1 X103.493 Y63.878 E4027.27755
G1 X104.673 Y63.407 E4027.80578
G1 X104.963 Y63.304 E4027.93373
G1 X105.222 Y63.228 E4028.04595
G1 X106.36 Y62.981 E4028.53009
G1 X102.325 Y58.946 E4030.90251
G1 X102.043 Y59.053 E4031.02791
G1 X101.201 Y59.426 E4031.41078
G1 X100.391 Y59.84 E4031.78898
G1 X104.162 Y63.611 E4034.00618
G1 X104.515 Y63.964
G1 F2400 E4019.00618
G0 F600 X122.224 Y64.702
G1 F900 E4037.00791
G1 F600 X118.577 Y61.055 E4039.15221
G1 X118.734 Y61.166 E4039.23215
G1 X119.476 Y61.759 E4039.62705
G1 X120.164 Y62.371 E4040.00988
G1 X120.814 Y63.014 E4040.39
G1 X121.444 Y63.709 E4040.77999
G1 X122.015 Y64.412 E4041.15653
G1 X122.561 Y65.169 E4041.54457
G1 X123.075 Y65.967 E4041.93921
G1 X123.526 Y66.76 E4042.31849
G1 X123.936 Y67.582 E4042.70039
G1 X124.309 Y68.44 E4043.08936
G1 X124.629 Y69.314 E4043.47631
G1 X124.908 Y70.214 E4043.86806
G1 X113.083 Y58.389 E4050.8207
G1 X112.927 Y58.343 E4050.88832
G1 X112.071 Y58.138 E4051.25427
G1 X111.136 Y57.967 E4051.64944
G1 X110.192 Y57.844 E4052.04523
G1 X109.672 Y57.807 E4052.26197
G1 X125.484 Y73.619 E4061.55882
G1 X125.501 Y73.831 E4061.64724
G1 X125.528 Y74.75 E4062.02948
G1 X125.501 Y75.695 E4062.42253
G1 X125.443 Y76.406 E4062.71911
G1 X119.868 Y70.832 E4065.9967
G1 X119.89 Y70.887 E4066.02133
G1 X120.273 Y72.328 E4066.64123
G1 X120.34 Y72.623 E4066.767
G1 X120.39 Y72.919 E4066.8918
G1 X120.512 Y74.303 E4067.46943
G1 X125.029 Y78.821 E4070.12555
G1 X124.898 Y79.346 E4070.35051
G1 X124.634 Y80.199 E4070.72175
G1 X124.351 Y80.972 E4071.06398
G1 X120.329 Y76.949 E4073.42906
G1 X120.263 Y77.24 E4073.55311
G1 X119.911 Y78.573 E4074.12631
G1 X119.821 Y78.829 E4074.23913
G1 X119.693 Y79.142 E4074.37972
G1 X123.45 Y82.899 E4076.58869
G1 X123.067 Y83.571 E4076.91027
G1 X122.56 Y84.36 E4077.30018
G1 X122.36 Y84.637 E4077.44222
G1 X118.75 Y81.027 E4079.56477
G1 X118.013 Y82.118 E4080.11215
G1 X117.701 Y82.503 E4080.31817
G1 X117.552 Y82.658 E4080.40756
G1 X121.096 Y86.201 E4082.491
G1 X120.812 Y86.515 E4082.66702
G1 X120.178 Y87.143 E4083.03803
G1 X119.664 Y87.599 E4083.3237
G1 X116.113 Y84.047 E4085.41185
G1 X115.16 Y84.755 E4085.90543
G1 X114.876 Y84.947 E4086.04796
G1 X114.639 Y85.088 E4086.16261
G1 X114.431 Y85.194 E4086.25967
G1 X118.067 Y88.83 E4088.3975
G1 X117.204 Y89.382 E4088.82341
G1 X116.293 Y89.884 E4089.25586
G1 X112.482 Y86.073 E4091.49658
G1 X111.456 Y86.389 E4091.94291
G1 X111.181 Y86.464 E4092.06142
G1 X110.887 Y86.526 E4092.18634
G1 X109.452 Y86.717 E4092.7882
G1 X109.08 Y86.751 E4092.94351
G1 X108.634 Y86.753 E4093.12894
G1 X107.454 Y86.702 E4093.61998
G1 X112.127 Y91.374 E4096.36723
G1 X112.934 Y91.18 E4096.7123
G1 X113.826 Y90.913 E4097.09941
G1 X114.317 Y90.737 E4097.31626
G1 X110.198 Y86.618 E4099.73808
G1 X109.845 Y86.265
G1 F2400 E4084.73808
G0 F600 X112.49 Y63.454
G1 F900 E4102.7398
G1 F600 X111.542 Y63.16 E4103.15245
G1 X111.178 Y63.057 E4103.30973
G1 X110.887 Y62.997 E4103.43326
G1 X109.2 Y62.78 E4104.14041
G1 X108.909 Y62.768 E4104.2615
G1 X108.979 Y62.771 E4104.29063
G1 X104.47 Y58.262 E4106.94175
G1 X104.701 Y58.201 E4107.04108
G1 X105.628 Y58.014 E4107.43424
G1 X106.508 Y57.884 E4107.80407
G1 X106.887 Y57.851 E4107.96224
G1 X112.49 Y63.454 E4111.25659
G1 F2400 E4096.25659
G0 F600 X93.819 Y86.789
;TYPE:WALL-INNER
G1 F900 E4114.25832
G1 F600 X94.549 Y87.624 E4114.71943
G1 X95.285 Y88.385 E4115.15958
G1 X96.027 Y89.064 E4115.57774
G1 X96.847 Y89.742 E4116.0201
G1 X97.659 Y90.34 E4116.43936
G1 X98.55 Y90.925 E4116.8825
G1 X99.441 Y91.446 E4117.31161
G1 X100.337 Y91.904 E4117.72997
G1 X101.301 Y92.333 E4118.16865
G1 X102.272 Y92.701 E4118.60037
G1 X103.236 Y93.008 E4119.02098
G1 X104.256 Y93.273 E4119.45913
G1 X105.279 Y93.483 E4119.89331
G1 X106.27 Y93.627 E4120.30965
G1 X107.313 Y93.72 E4120.745
G1 X108.362 Y93.759 E4121.18142
G1 X109.407 Y93.742 E4121.61594
G1 X110.406 Y93.67 E4122.03235
G1 X111.446 Y93.534 E4122.46842
G1 X112.479 Y93.347 E4122.90487
G1 X113.457 Y93.111 E4123.32315
G1 X114.456 Y92.812 E4123.75668
G1 X115.452 Y92.456 E4124.19643
G1 X116.407 Y92.051 E4124.6277
G1 X117.316 Y91.61 E4125.04775
G1 X118.222 Y91.104 E4125.47918
G1 X119.093 Y90.554 E4125.90745
G1 X119.938 Y89.954 E4126.33832
G1 X120.765 Y89.294 E4126.77822
G1 X121.541 Y88.608 E4127.20883
G1 X122.257 Y87.899 E4127.62776
G1 X122.968 Y87.112 E4128.06871
G1 X123.606 Y86.326 E4128.48959
G1 X124.209 Y85.492 E4128.91747
G1 X124.785 Y84.597 E4129.35996
G1 X125.296 Y83.698 E4129.78988
G1 X125.747 Y82.795 E4130.20953
G1 X126.161 Y81.84 E4130.64227
G1 X126.526 Y80.851 E4131.08056
G1 X126.825 Y79.887 E4131.50018
G1 X127.081 Y78.859 E4131.94063
G1 X127.278 Y77.845 E4132.37008
G1 X127.415 Y76.821 E4132.7996
G1 X127.499 Y75.805 E4133.22345
G1 X127.53 Y74.75 E4133.66226
G1 X127.499 Y73.721 E4134.09026
G1 X127.416 Y72.708 E4134.51283
G1 X127.278 Y71.683 E4134.94282
G1 X127.081 Y70.669 E4135.37227
G1 X126.825 Y69.641 E4135.81272
G1 X126.525 Y68.674 E4136.23365
G1 X126.169 Y67.703 E4136.66362
G1 X125.747 Y66.731 E4137.10418
G1 X125.295 Y65.824 E4137.52549
G1 X124.785 Y64.927 E4137.95449
G1 X124.209 Y64.032 E4138.39698
G1 X123.606 Y63.198 E4138.82486
G1 X122.971 Y62.415 E4139.24399
G1 X122.256 Y61.628 E4139.68605
G1 X121.538 Y60.917 E4140.10616
G1 X120.761 Y60.227 E4140.53819
G1 X119.936 Y59.568 E4140.97717
G1 X119.091 Y58.971 E4141.40732
G1 X118.222 Y58.42 E4141.83511
G1 X117.313 Y57.914 E4142.26764
G1 X116.405 Y57.472 E4142.68749
G1 X115.454 Y57.069 E4143.1169
G1 X114.453 Y56.712 E4143.55875
G1 X113.458 Y56.414 E4143.99057
G1 X112.471 Y56.177 E4144.41259
G1 X111.444 Y55.99 E4144.84658
G1 X110.406 Y55.855 E4145.28177
G1 X109.407 Y55.783 E4145.69818
G1 X108.362 Y55.766 E4146.1327
G1 X107.313 Y55.803 E4146.56909
G1 X106.276 Y55.896 E4147.00196
G1 X105.282 Y56.044 E4147.41977
G1 X104.25 Y56.252 E4147.85745
G1 X103.248 Y56.515 E4148.28815
G1 X102.268 Y56.826 E4148.71561
G1 X101.294 Y57.196 E4149.14879
G1 X100.335 Y57.622 E4149.58506
G1 X99.441 Y58.078 E4150.0023
G1 X98.55 Y58.599 E4150.43141
G1 X97.659 Y59.184 E4150.87456
G1 X96.847 Y59.782 E4151.29382
G1 X96.03 Y60.458 E4151.73468
G1 X95.286 Y61.143 E4152.15514
G1 X94.549 Y61.901 E4152.59468
G1 X93.823 Y62.734 E4153.05408
G1 X93.677 Y62.89 E4153.14291
G1 X93.485 Y63.066 E4153.2512
G1 X93.283 Y63.22 E4153.3568
G1 X92.894 Y63.452 E4153.54511
G1 X92.654 Y63.558 E4153.65419
G1 X92.423 Y63.638 E4153.75582
G1 X92.034 Y63.727 E4153.92173
G1 X91.785 Y63.756 E4154.02595
G1 X91.56 Y63.764 E4154.11955
G1 X46.532 Y63.764 E4172.84002
G92 E0
G1 X46.532 Y85.764 E9.14654
G1 X91.56 Y85.764 E27.867
G1 X91.784 Y85.772 E27.96019
G1 X92.033 Y85.801 E28.06441
G1 X92.422 Y85.89 E28.23032
G1 X92.653 Y85.97 E28.33196
G1 X92.892 Y86.076 E28.44065
G1 X93.283 Y86.307 E28.62946
G1 X93.484 Y86.461 E28.73474
G1 X93.676 Y86.637 E28.84302
G1 X93.819 Y86.789 E28.92979
G1 F2400 E13.92979
G0 F600 X110.539 Y84.556
G1 F900 E31.93152
G1 F600 X109.044 Y84.748 E32.55817
G1 X108.696 Y84.754 E32.70287
G1 X107.508 Y84.702 E33.19726
G1 X107.209 Y84.674 E33.32211
G1 X105.852 Y84.39 E33.89851
G1 X105.571 Y84.316 E34.01932
G1 X105.36 Y84.24 E34.11256
G1 X104.256 Y83.796 E34.60728
G1 X104.014 Y83.686 E34.7178
G1 X103.861 Y83.602 E34.79036
G1 X102.715 Y82.894 E35.35041
G1 X102.461 Y82.705 E35.48203
G1 X101.457 Y81.824 E36.03737
G1 X101.32 Y81.692 E36.11646
G1 X101.143 Y81.491 E36.22781
G1 X100.399 Y80.571 E36.71972
G1 X100.244 Y80.362 E36.8279
G1 X100.112 Y80.146 E36.93315
G1 X99.532 Y79.106 E37.42822
G1 X99.414 Y78.871 E37.53755
G1 X99.323 Y78.645 E37.63884
G1 X98.927 Y77.524 E38.13312
G1 X98.854 Y77.285 E38.23702
G1 X98.798 Y77.031 E38.34516
G1 X98.574 Y75.686 E38.91204
G1 X98.56 Y75.517 E38.98255
G1 X98.56 Y74.007 E39.61033
G1 X98.574 Y73.838 E39.68084
G1 X98.805 Y72.458 E40.26255
G1 X98.853 Y72.239 E40.35577
G1 X98.927 Y72 E40.45978
G1 X99.323 Y70.879 E40.95407
G1 X99.414 Y70.652 E41.05574
G1 X99.531 Y70.418 E41.16451
G1 X100.111 Y69.378 E41.65959
G1 X100.244 Y69.162 E41.76505
G1 X100.337 Y69.032 E41.8315
G1 X101.229 Y67.931 E42.42062
G1 X101.457 Y67.7 E42.55556
G1 X102.47 Y66.811 E43.1159
G1 X102.725 Y66.623 E43.24761
G1 X103.866 Y65.919 E43.80502
G1 X104.013 Y65.839 E43.87459
G1 X104.259 Y65.727 E43.98697
G1 X105.39 Y65.274 E44.4935
G1 X105.69 Y65.174 E44.62497
G1 X107.01 Y64.886 E45.18668
G1 X107.307 Y64.838 E45.31176
G1 X107.508 Y64.822 E45.39559
G1 X108.878 Y64.768 E45.96561
G1 X109.213 Y64.792 E46.10524
G1 X110.543 Y64.968 E46.66301
G1 X110.706 Y65.002 E46.73224
G1 X112.148 Y65.441 E47.35892
G1 X112.512 Y65.598 E47.52373
G1 X113.664 Y66.182 E48.0607
G1 X113.957 Y66.368 E48.20499
G1 X115.039 Y67.168 E48.76444
G1 X115.278 Y67.382 E48.89782
G1 X116.198 Y68.347 E49.45213
G1 X116.307 Y68.473 E49.52139
G1 X116.464 Y68.685 E49.63107
G1 X117.156 Y69.713 E50.14627
G1 X117.314 Y69.985 E50.27705
G1 X117.873 Y71.21 E50.83687
G1 X117.986 Y71.505 E50.96821
G1 X118.335 Y72.821 E51.53425
G1 X118.406 Y73.179 E51.68599
G1 X118.531 Y74.673 E52.30929
G1 X118.532 Y74.853 E52.38413
G1 X118.422 Y76.198 E52.94518
G1 X118.378 Y76.515 E53.07824
G1 X117.998 Y77.983 E53.70868
G1 X117.866 Y78.329 E53.86264
G1 X117.315 Y79.539 E54.4154
G1 X117.157 Y79.814 E54.54726
G1 X116.402 Y80.932 E55.10813
G1 X116.208 Y81.17 E55.23579
G1 X115.314 Y82.102 E55.77271
G1 X115.14 Y82.268 E55.8727
G1 X115.024 Y82.365 E55.93556
G1 X113.987 Y83.134 E56.47231
G1 X113.806 Y83.258 E56.56352
G1 X113.554 Y83.4 E56.68378
G1 X112.312 Y84.019 E57.26072
G1 X112.019 Y84.125 E57.39026
G1 X110.711 Y84.52 E57.95832
G1 X110.539 Y84.556 E58.03138
G0 X110.21 Y82.583
;TYPE:WALL-OUTER
G1 X108.879 Y82.755 E58.58935
G1 X107.496 Y82.694 E59.16489
G1 X106.177 Y82.41 E59.72583
G1 X104.922 Y81.904 E60.28842
G1 X103.819 Y81.226 E60.8267
G1 X103.711 Y81.143 E60.88333
G1 X102.803 Y80.344 E61.38617
G1 X102.723 Y80.263 E61.4335
G1 X101.902 Y79.244 E61.97755
G1 X101.278 Y78.132 E62.50768
G1 X101.209 Y77.978 E62.57784
G1 X100.788 Y76.778 E63.10656
G1 X100.557 Y75.41 E63.68336
G1 X100.557 Y74.114 E64.22217
G1 X100.57 Y73.999 E64.27029
G1 X100.788 Y72.746 E64.79905
G1 X101.239 Y71.47 E65.36171
G1 X101.858 Y70.352 E65.89301
G1 X101.933 Y70.237 E65.95009
G1 X102.759 Y69.222 E66.49415
G1 X103.738 Y68.358 E67.03701
G1 X103.823 Y68.295 E67.081
G1 X104.872 Y67.647 E67.59362
G1 X105.003 Y67.583 E67.65424
G1 X106.119 Y67.136 E68.15405
G1 X106.23 Y67.1 E68.20257
G1 X107.492 Y66.83 E68.73912
G1 X108.879 Y66.769 E69.31633
G1 X110.238 Y66.947 E69.88616
G1 X111.476 Y67.325 E70.42432
G1 X111.612 Y67.384 E70.48595
G1 X112.7 Y67.935 E70.99299
G1 X112.797 Y67.998 E71.04107
G1 X113.784 Y68.725 E71.55072
G1 X113.864 Y68.796 E71.59519
G1 X114.753 Y69.733 E72.13219
G1 X115.479 Y70.803 E72.66977
G1 X115.536 Y70.902 E72.71727
G1 X116.084 Y72.123 E73.27368
G1 X116.4 Y73.327 E73.7912
G1 X116.424 Y73.446 E73.84167
G1 X116.532 Y74.733 E74.37863
G1 X116.529 Y74.849 E74.42687
G1 X116.424 Y76.078 E74.93969
G1 X116.389 Y76.24 E75.0086
G1 X116.084 Y77.401 E75.50766
G1 X116.044 Y77.505 E75.55399
G1 X115.51 Y78.675 E76.08869
G1 X114.788 Y79.751 E76.62741
G1 X114.701 Y79.854 E76.68346
G1 X113.815 Y80.77 E77.21329
G1 X112.738 Y81.566 E77.77008
G1 X111.497 Y82.191 E78.34777
G1 X110.21 Y82.583 E78.90711
G0 X109.219 Y82.711
G1 F2400 E63.90711
G0 F600 X92.313 Y88.105
G1 F900 E81.90884
G1 F600 X93.077 Y88.978 E82.39115
G1 X93.89 Y89.819 E82.87746
G1 X94.713 Y90.573 E83.34151
G1 X95.616 Y91.319 E83.82848
G1 X96.516 Y91.982 E84.29322
G1 X97.496 Y92.625 E84.78053
G1 X98.481 Y93.202 E85.25514
G1 X99.475 Y93.709 E85.71905
G1 X100.538 Y94.183 E86.20294
G1 X101.614 Y94.591 E86.68137
G1 X102.682 Y94.93 E87.14722
G1 X103.803 Y95.221 E87.62872
G1 X104.933 Y95.454 E88.10841
G1 X106.037 Y95.614 E88.57219
G1 X107.187 Y95.717 E89.05222
G1 X108.342 Y95.759 E89.53273
G1 X109.495 Y95.74 E90.01216
G1 X110.607 Y95.66 E90.47567
G1 X111.754 Y95.511 E90.95654
G1 X112.893 Y95.305 E91.43777
G1 X113.979 Y95.042 E91.90232
G1 X115.08 Y94.713 E92.38007
G1 X116.18 Y94.32 E92.8657
G1 X117.234 Y93.873 E93.34169
G1 X118.241 Y93.384 E93.8071
G1 X119.244 Y92.824 E94.28469
G1 X120.207 Y92.216 E94.75818
G1 X121.142 Y91.552 E95.23496
G1 X122.052 Y90.826 E95.71894
G1 X122.908 Y90.069 E96.19403
G1 X123.704 Y89.281 E96.6597
G1 X124.488 Y88.413 E97.14598
G1 X125.194 Y87.543 E97.6118
G1 X125.861 Y86.62 E98.08525
G1 X126.496 Y85.633 E98.57318
G1 X127.061 Y84.64 E99.04817
G1 X127.561 Y83.641 E99.51263
G1 X128.019 Y82.584 E99.99156
G1 X128.42 Y81.494 E100.47442
G1 X128.752 Y80.426 E100.9394
G1 X129.035 Y79.291 E101.42573
G1 X129.252 Y78.169 E101.90084
G1 X129.405 Y77.036 E102.37617
G1 X129.497 Y75.916 E102.84338
G1 X129.531 Y74.749 E103.32876
G1 X129.497 Y73.609 E103.80293
G1 X129.405 Y72.492 E104.2689
G1 X129.252 Y71.359 E104.74422
G1 X129.035 Y70.237 E105.21934
G1 X128.752 Y69.102 E105.70566
G1 X128.42 Y68.033 E106.17104
G1 X128.027 Y66.96 E106.64613
G1 X127.561 Y65.887 E107.13248
G1 X127.061 Y64.883 E107.59879
G1 X126.496 Y63.891 E108.07342
G1 X125.861 Y62.904 E108.56136
G1 X125.194 Y61.981 E109.03481
G1 X124.489 Y61.112 E109.50004
G1 X123.701 Y60.244 E109.98744
G1 X122.907 Y59.458 E110.45193
G1 X122.051 Y58.697 E110.92812
G1 X121.138 Y57.968 E111.41386
G1 X120.203 Y57.308 E111.88968
G1 X119.244 Y56.7 E112.36176
G1 X118.237 Y56.14 E112.8408
G1 X117.233 Y55.651 E113.3051
G1 X116.18 Y55.205 E113.78053
G1 X115.076 Y54.811 E114.26788
G1 X113.979 Y54.482 E114.74403
G1 X112.885 Y54.219 E115.21182
G1 X111.753 Y54.013 E115.69018
G1 X110.607 Y53.864 E116.17064
G1 X109.495 Y53.784 E116.63415
G1 X108.342 Y53.765 E117.11358
G1 X107.187 Y53.807 E117.59409
G1 X106.039 Y53.91 E118.07329
G1 X104.937 Y54.074 E118.53649
G1 X103.798 Y54.303 E119.01951
G1 X102.691 Y54.593 E119.49528
G1 X101.61 Y54.937 E119.96691
G1 X100.533 Y55.346 E120.44588
G1 X99.475 Y55.816 E120.92719
G1 X98.481 Y56.322 E121.39091
G1 X97.496 Y56.899 E121.86552
G1 X96.516 Y57.542 E122.35282
G1 X95.616 Y58.205 E122.81757
G1 X94.714 Y58.95 E123.30395
G1 X93.89 Y59.709 E123.76971
G1 X93.077 Y60.546 E124.25483
G1 X92.266 Y61.473 E124.76691
G1 X92.135 Y61.583 E124.83803
G1 X92.005 Y61.66 E124.90084
G1 X91.848 Y61.722 E124.97102
G1 X91.635 Y61.762 E125.06113
G1 X44.532 Y61.764 E144.64428
G1 X44.532 Y87.764 E155.45382
G1 X91.635 Y87.766 E175.03697
G1 X91.848 Y87.806 E175.12708
G1 X92.004 Y87.868 E175.19687
G1 X92.135 Y87.945 E175.26004
G1 X92.202 Y87.996 E175.29505
G1 X92.313 Y88.105 E175.35973
G0 X92.971 Y88.857
G1 F2400 E160.35973
;MESH:NONMESH
G0 F600 Z6
G0 X50.777 Y65.764
;TIME_ELAPSED:2162.512596
;LAYER:7
;TYPE:FILL
;MESH:single_lug_connector_thickness_5mm.stl
G1 F900 E178.36146
G1 F600 X48.532 Y68.01 E179.68172
G1 X48.532 Y65.764 E180.6155
G1 X53.606 Y65.764 E182.72503
G1 X48.532 Y70.838 E185.70834
G1 X48.532 Y73.666 E186.88409
G1 X56.434 Y65.764 E191.53016
G1 X59.263 Y65.764 E192.70632
G1 X48.532 Y76.495 E199.01574
G1 X48.532 Y79.323 E200.19149
G1 X62.091 Y65.764 E208.16366
G1 X64.919 Y65.764 E209.3394
G1 X48.532 Y82.152 E218.97463
G1 X48.532 Y83.764 E219.64482
G1 X49.747 Y83.765 E220.14996
G1 X67.748 Y65.764 E230.73385
G1 X70.576 Y65.764 E231.9096
G1 X52.576 Y83.765 E242.4932
G1 X55.404 Y83.765 E243.66895
G1 X73.405 Y65.764 E254.25285
G1 X76.233 Y65.764 E255.42859
G1 X58.232 Y83.765 E266.01249
G1 X61.061 Y83.765 E267.18865
G1 X79.062 Y65.764 E277.77255
G1 X81.89 Y65.764 E278.9483
G1 X63.889 Y83.765 E289.5322
G1 X66.718 Y83.765 E290.70836
G1 X84.718 Y65.764 E301.29196
G1 X87.547 Y65.764 E302.46812
G1 X69.546 Y83.765 E313.05202
G1 X72.375 Y83.765 E314.22818
G1 X90.375 Y65.764 E324.81179
G1 X91.578 Y65.764 E325.31194
G1 X91.936 Y65.751 E325.46087
G1 X92.362 Y65.701 E325.6392
G1 X92.985 Y65.559 E325.90486
G1 X93.385 Y65.42 E326.08091
G1 X93.676 Y65.291 E326.21325
G1 X75.203 Y83.765 E337.07496
G1 X78.031 Y83.765 E338.25071
G1 X103.152 Y58.644 E353.02089
G1 X103.808 Y58.436 E353.30701
G1 X104.701 Y58.201 E353.69091
G1 X105.628 Y58.014 E354.08408
G1 X106.508 Y57.884 E354.45391
G1 X106.763 Y57.861 E354.56036
G1 X80.86 Y83.765 E369.79062
G1 X83.688 Y83.765 E370.96637
G1 X97.568 Y69.885 E379.12728
G1 X97.774 Y69.464 E379.32214
G1 X98.375 Y68.385 E379.83563
G1 X98.581 Y68.05 E379.99913
G1 X98.743 Y67.823 E380.11507
G1 X99.734 Y66.6 E380.76951
G1 X100.098 Y66.232 E380.98471
G1 X101.198 Y65.268 E381.5928
G1 X101.403 Y65.107 E381.70117
G1 X101.629 Y64.95 E381.81558
G1 X102.86 Y64.19 E382.41705
G1 X103.111 Y64.053 E382.53594
G1 X103.493 Y63.878 E382.71063
G1 X104.673 Y63.407 E383.23885
G1 X104.963 Y63.304 E383.3668
G1 X105.222 Y63.228 E383.47902
G1 X106.614 Y62.926 E384.07121
G1 X107.076 Y62.85 E384.26586
G1 X107.458 Y62.823 E384.42508
G1 X112.129 Y58.152 E387.17145
G1 X111.136 Y57.967 E387.59139
G1 X110.192 Y57.844 E387.98718
G1 X109.648 Y57.805 E388.21393
G1 X103.629 Y63.824 E391.75287
G1 X103.276 Y64.177
G1 F2400 E376.75287
G0 F600 X108.909 Y62.768
G1 F900 E394.7546
G1 F600 X109.2 Y62.78 E394.87568
G1 X110.2 Y62.909 E395.29488
G1 X114.321 Y58.788 E397.71787
G1 X114.726 Y58.933 E397.89672
G1 X115.579 Y59.295 E398.28197
G1 X116.296 Y59.642 E398.61313
G1 X112.485 Y63.453 E400.85386
G1 X112.812 Y63.554 E400.99614
G1 X113.094 Y63.664 E401.12199
G1 X113.399 Y63.806 E401.26186
G1 X114.435 Y64.332 E401.74492
G1 X118.07 Y60.697 E403.88216
G1 X118.734 Y61.166 E404.22014
G1 X119.476 Y61.759 E404.61504
G1 X119.667 Y61.928 E404.72107
G1 X116.116 Y65.479 E406.80892
G1 X116.286 Y65.604 E406.89665
G1 X116.478 Y65.765 E407.00082
G1 X116.691 Y65.967 E407.12287
G1 X117.553 Y66.87 E407.64188
G1 X121.097 Y63.326 E409.72562
G1 X121.444 Y63.709 E409.94049
G1 X122.015 Y64.412 E410.31702
G1 X122.36 Y64.892 E410.56278
G1 X118.751 Y68.501 E412.68474
G1 X118.843 Y68.638 E412.75335
G1 X119.094 Y69.071 E412.96143
G1 X119.695 Y70.385 E413.56215
G1 X123.451 Y66.629 E415.77054
G1 X123.526 Y66.76 E415.8333
G1 X123.936 Y67.582 E416.2152
G1 X124.309 Y68.44 E416.60416
G1 X124.351 Y68.558 E416.65624
G1 X120.33 Y72.579 E419.02043
G1 X120.39 Y72.919 E419.16397
G1 X120.518 Y74.369 E419.76915
G1 X120.533 Y74.91 E419.99416
G1 X120.391 Y76.602 E420.70009
G1 X120.341 Y76.901 E420.82612
G1 X120.263 Y77.24 E420.97074
G1 X119.911 Y78.573 E421.54394
G1 X119.867 Y78.698 E421.59903
G1 X125.442 Y73.123 E424.87692
G1 X125.425 Y72.914 E424.9641
G1 X125.305 Y72.012 E425.34241
G1 X125.126 Y71.092 E425.73207
G1 X125.03 Y70.707 E425.89704
G1 X120.506 Y75.231 E428.55698
G1 X120.153 Y75.584
G1 F2400 E413.55698
G0 F600 X118.597 Y88.454
G1 F900 E431.55871
G1 F600 X122.217 Y84.834 E433.68713
G1 X122.016 Y85.111 E433.82941
G1 X121.451 Y85.808 E434.20244
G1 X120.812 Y86.515 E434.59864
G1 X120.178 Y87.143 E434.96965
G1 X119.473 Y87.768 E435.36135
G1 X118.733 Y88.357 E435.75457
G1 X117.983 Y88.89 E436.1371
G1 X117.204 Y89.382 E436.52016
G1 X116.383 Y89.841 E436.91121
G1 X115.584 Y90.229 E437.2805
G1 X114.736 Y90.587 E437.66318
G1 X113.826 Y90.913 E438.06506
G1 X113.088 Y91.134 E438.38535
G1 X124.905 Y79.318 E445.333
G1 X125.125 Y78.435 E445.71133
G1 X125.303 Y77.517 E446.1001
G1 X125.426 Y76.612 E446.47981
G1 X125.483 Y75.911 E446.77222
G1 X109.677 Y91.717 E456.06554
G1 X109.33 Y91.742 E456.21018
G1 X108.373 Y91.758 E456.60811
G1 X107.447 Y91.724 E456.99335
G1 X106.891 Y91.675 E457.22541
G1 X112.499 Y86.066 E460.52299
G1 X111.456 Y86.389 E460.97694
G1 X111.181 Y86.464 E461.09544
G1 X110.887 Y86.526 E461.22036
G1 X109.452 Y86.717 E461.82223
G1 X109.08 Y86.751 E461.97753
G1 X108.986 Y86.751 E462.01661
G1 X104.474 Y91.263 E464.6695
G1 X103.79 Y91.086 E464.96324
G1 X102.932 Y90.813 E465.33757
G1 X102.326 Y90.582 E465.6072
G1 X106.364 Y86.545 E467.9811
G1 X105.41 Y86.341 E468.38669
G1 X104.971 Y86.225 E468.57547
G1 X104.63 Y86.102 E468.72618
G1 X104.166 Y85.914 E468.93433
G1 X100.394 Y89.687 E471.15241
G1 X99.6 Y89.222 E471.53496
G1 X98.805 Y88.7 E471.93037
G1 X98.658 Y88.593 E472.00596
G1 X102.278 Y84.974 E474.13408
G1 X101.6 Y84.555 E474.46545
G1 X101.195 Y84.255 E474.67499
G1 X100.648 Y83.775 E474.97755
G1 X97.094 Y87.33 E477.06746
G1 X96.688 Y86.958 E477.2964
G1 X96.021 Y86.269 E477.69509
G1 X95.698 Y85.897 E477.89991
G1 X99.256 Y82.339 E479.99188
G1 X98.83 Y81.812 E480.27361
G1 X98.585 Y81.481 E480.44482
G1 X98.375 Y81.139 E480.61167
G1 X98.107 Y80.66 E480.83987
G1 X94.223 Y84.544 E483.12351
G1 X93.795 Y84.29 E483.33043
G1 X93.384 Y84.107 E483.51748
G1 X92.983 Y83.969 E483.69379
G1 X92.36 Y83.827 E483.95945
G1 X92.137 Y83.801 E484.05279
G1 X97.225 Y78.713 E487.04433
G1 X97.034 Y78.171 E487.28325
G1 X96.918 Y77.794 E487.44724
G1 X96.84 Y77.44 E487.59795
G1 X96.625 Y76.186 E488.12691
G1 X96.586 Y75.907 E488.24403
G1 X96.561 Y75.613 E488.36671
G1 X96.561 Y73.911 E489.07432
G1 X96.579 Y73.702 E489.16153
G1 X86.517 Y83.765 E495.07789
G1 X89.345 Y83.765 E496.25364
G1 X96.669 Y76.441 E500.55987
G1 X97.022 Y76.088
G1 F2400 E485.55987
G0 F600 X93.819 Y86.789
;TYPE:WALL-INNER
G1 F900 E503.5616
G1 F600 X94.549 Y87.624 E504.02271
G1 X95.285 Y88.385 E504.46286
G1 X96.027 Y89.064 E504.88102
G1 X96.847 Y89.742 E505.32338
G1 X97.659 Y90.34 E505.74264
G1 X98.55 Y90.925 E506.18578
G1 X99.441 Y91.446 E506.6149
G1 X100.337 Y91.904 E507.03325
G1 X101.301 Y92.333 E507.47193
G1 X102.272 Y92.701 E507.90365
G1 X103.236 Y93.008 E508.32427
G1 X104.256 Y93.273 E508.76241
G1 X105.279 Y93.483 E509.19659
G1 X106.27 Y93.627 E509.61293
G1 X107.313 Y93.72 E510.04828
G1 X108.362 Y93.759 E510.4847
G1 X109.407 Y93.742 E510.91922
G1 X110.406 Y93.67 E511.33564
G1 X111.446 Y93.534 E511.7717
G1 X112.479 Y93.347 E512.20815
G1 X113.457 Y93.111 E512.62643
G1 X114.456 Y92.812 E513.05997
G1 X115.452 Y92.456 E513.49971
G1 X116.407 Y92.051 E513.93098
G1 X117.316 Y91.61 E514.35103
G1 X118.222 Y91.104 E514.78246
G1 X119.093 Y90.554 E515.21074
G1 X119.938 Y89.954 E515.6416
G1 X120.765 Y89.294 E516.0815
G1 X121.541 Y88.608 E516.51211
G1 X122.257 Y87.899 E516.93104
G1 X122.968 Y87.112 E517.37199
G1 X123.606 Y86.326 E517.79287
G1 X124.209 Y85.492 E518.22075
G1 X124.785 Y84.597 E518.66325
G1 X125.296 Y83.698 E519.09317
G1 X125.747 Y82.795 E519.51281
G1 X126.161 Y81.84 E519.94556
G1 X126.526 Y80.851 E520.38384
G1 X126.825 Y79.887 E520.80346
G1 X127.081 Y78.859 E521.24391
G1 X127.278 Y77.845 E521.67336
G1 X127.415 Y76.821 E522.10289
G1 X127.499 Y75.805 E522.52673
G1 X127.53 Y74.75 E522.96554
G1 X127.499 Y73.721 E523.39354
G1 X127.416 Y72.708 E523.81611
G1 X127.278 Y71.683 E524.2461
G1 X127.081 Y70.669 E524.67555
G1 X126.825 Y69.641 E525.116
G1 X126.525 Y68.674 E525.53693
G1 X126.169 Y67.703 E525.96691
G1 X125.747 Y66.731 E526.40746
G1 X125.295 Y65.824 E526.82878
G1 X124.785 Y64.927 E527.25777
G1 X124.209 Y64.032 E527.70027
G1 X123.606 Y63.198 E528.12814
G1 X122.971 Y62.415 E528.54727
G1 X122.256 Y61.628 E528.98934
G1 X121.538 Y60.917 E529.40944
G1 X120.761 Y60.227 E529.84147
G1 X119.936 Y59.568 E530.28046
G1 X119.091 Y58.971 E530.7106
G1 X118.222 Y58.42 E531.13839
G1 X117.313 Y57.914 E531.57092
G1 X116.405 Y57.472 E531.99077
G1 X115.454 Y57.069 E532.42019
G1 X114.453 Y56.712 E532.86203
G1 X113.458 Y56.414 E533.29386
G1 X112.471 Y56.177 E533.71587
G1 X111.444 Y55.99 E534.14986
G1 X110.406 Y55.855 E534.58505
G1 X109.407 Y55.783 E535.00146
G1 X108.362 Y55.766 E535.43598
G1 X107.313 Y55.803 E535.87237
G1 X106.276 Y55.896 E536.30524
G1 X105.282 Y56.044 E536.72305
G1 X104.25 Y56.252 E537.16074
G1 X103.248 Y56.515 E537.59143
G1 X102.268 Y56.826 E538.01889
G1 X101.294 Y57.196 E538.45207
G1 X100.335 Y57.622 E538.88834
G1 X99.441 Y58.078 E539.30558
G1 X98.55 Y58.599 E539.7347
G1 X97.659 Y59.184 E540.17784
G1 X96.847 Y59.782 E540.5971
G1 X96.03 Y60.458 E541.03796
G1 X95.286 Y61.143 E541.45842
G1 X94.549 Y61.901 E541.89797
G1 X93.823 Y62.734 E542.35736
G1 X93.677 Y62.89 E542.44619
G1 X93.485 Y63.066 E542.55448
G1 X93.283 Y63.22 E542.66008
G1 X92.894 Y63.452 E542.84839
G1 X92.654 Y63.558 E542.95747
G1 X92.423 Y63.638 E543.0591
G1 X92.034 Y63.727 E543.22501
G1 X91.785 Y63.756 E543.32923
G1 X91.56 Y63.764 E543.42283
G1 X46.532 Y63.764 E562.1433
G1 X46.532 Y85.764 E571.28984
G1 X91.56 Y85.764 E590.01031
G1 X91.784 Y85.772 E590.10349
G1 X92.033 Y85.801 E590.20772
G1 X92.422 Y85.89 E590.37362
G1 X92.653 Y85.97 E590.47526
G1 X92.892 Y86.076 E590.58396
G1 X93.283 Y86.307 E590.77276
G1 X93.484 Y86.461 E590.87804
G1 X93.676 Y86.637 E590.98633
G1 X93.819 Y86.789 E591.07309
G1 F2400 E576.07309
G0 F600 X110.539 Y84.556
G1 F900 E594.07482
G1 F600 X109.044 Y84.748 E594.70147
G1 X108.696 Y84.754 E594.84617
G1 X107.508 Y84.702 E595.34056
G1 X107.209 Y84.674 E595.46541
G1 X105.852 Y84.39 E596.04181
G1 X105.571 Y84.316 E596.16262
G1 X105.36 Y84.24 E596.25586
G1 X104.256 Y83.796 E596.75058
G1 X104.014 Y83.686 E596.8611
G1 X103.861 Y83.602 E596.93366
G1 X102.715 Y82.894 E597.49371
G1 X102.461 Y82.705 E597.62534
G1 X101.457 Y81.824 E598.18067
G1 X101.32 Y81.692 E598.25976
G1 X101.143 Y81.491 E598.37111
G1 X100.399 Y80.571 E598.86302
G1 X100.244 Y80.362 E598.9712
G1 X100.112 Y80.146 E599.07645
G1 X99.532 Y79.106 E599.57152
G1 X99.414 Y78.871 E599.68085
G1 X99.323 Y78.645 E599.78214
G1 X98.927 Y77.524 E600.27642
G1 X98.854 Y77.285 E600.38032
G1 X98.798 Y77.031 E600.48846
G1 X98.574 Y75.686 E601.05535
G1 X98.56 Y75.517 E601.12585
G1 X98.56 Y74.007 E601.75363
G1 X98.574 Y73.838 E601.82414
G1 X98.805 Y72.458 E602.40586
G1 X98.853 Y72.239 E602.49907
G1 X98.927 Y72 E602.60309
G1 X99.323 Y70.879 E603.09737
G1 X99.414 Y70.652 E603.19904
G1 X99.531 Y70.418 E603.30781
G1 X100.111 Y69.378 E603.80289
G1 X100.244 Y69.162 E603.90835
G1 X100.337 Y69.032 E603.97481
G1 X101.229 Y67.931 E604.56392
G1 X101.457 Y67.7 E604.69886
G1 X102.47 Y66.811 E605.2592
G1 X102.725 Y66.623 E605.39091
G1 X103.866 Y65.919 E605.94832
G1 X104.013 Y65.839 E606.0179
G1 X104.259 Y65.727 E606.13027
G1 X105.39 Y65.274 E606.6368
G1 X105.69 Y65.174 E606.76827
G1 X107.01 Y64.886 E607.32998
G1 X107.307 Y64.838 E607.45506
G1 X107.508 Y64.822 E607.53889
G1 X108.696 Y64.77 E608.03327
G1 X109.044 Y64.775 E608.17797
G1 X110.543 Y64.968 E608.80633
G1 X110.706 Y65.002 E608.87555
G1 X112.148 Y65.441 E609.50223
G1 X112.512 Y65.598 E609.66704
G1 X113.664 Y66.182 E610.20402
G1 X113.957 Y66.368 E610.3483
G1 X115.039 Y67.168 E610.90775
G1 X115.278 Y67.382 E611.04113
G1 X116.198 Y68.347 E611.59544
G1 X116.307 Y68.473 E611.66471
G1 X116.464 Y68.685 E611.77438
G1 X117.156 Y69.713 E612.28959
G1 X117.314 Y69.985 E612.42037
G1 X117.873 Y71.21 E612.98018
G1 X117.986 Y71.505 E613.11152
G1 X118.335 Y72.821 E613.67756
G1 X118.406 Y73.179 E613.8293
G1 X118.531 Y74.673 E614.4526
G1 X118.532 Y74.853 E614.52744
G1 X118.422 Y76.198 E615.08849
G1 X118.378 Y76.515 E615.22155
G1 X117.998 Y77.983 E615.85199
G1 X117.866 Y78.329 E616.00595
G1 X117.315 Y79.539 E616.55872
G1 X117.157 Y79.814 E616.69057
G1 X116.402 Y80.932 E617.25145
G1 X116.208 Y81.17 E617.3791
G1 X115.314 Y82.102 E617.91603
G1 X115.14 Y82.268 E618.01601
G1 X115.024 Y82.365 E618.07888
G1 X113.987 Y83.134 E618.61562
G1 X113.806 Y83.258 E618.70684
G1 X113.554 Y83.4 E618.82709
G1 X112.312 Y84.019 E619.40403
G1 X112.019 Y84.125 E619.53358
G1 X110.711 Y84.52 E620.10163
G1 X110.539 Y84.556 E620.17469
G0 X110.21 Y82.583
;TYPE:WALL-OUTER
G1 X108.879 Y82.755 E620.73266
G1 X107.496 Y82.694 E621.3082
G1 X106.177 Y82.41 E621.86915
G1 X104.922 Y81.904 E622.43173
G1 X103.819 Y81.226 E622.97001
G1 X103.711 Y81.143 E623.02664
G1 X102.803 Y80.344 E623.52949
G1 X102.723 Y80.263 E623.57682
G1 X101.902 Y79.244 E624.12087
G1 X101.278 Y78.132 E624.651
G1 X101.209 Y77.978 E624.72116
G1 X100.788 Y76.778 E625.24987
G1 X100.557 Y75.41 E625.82667
G1 X100.557 Y74.114 E626.36549
G1 X100.57 Y73.999 E626.4136
G1 X100.788 Y72.746 E626.94236
G1 X101.239 Y71.47 E627.50502
G1 X101.858 Y70.352 E628.03632
G1 X101.933 Y70.237 E628.0934
G1 X102.727 Y69.257 E628.61778
G1 X102.803 Y69.18 E628.66276
G1 X103.738 Y68.358 E629.18036
G1 X103.823 Y68.295 E629.22434
G1 X104.872 Y67.647 E629.73697
G1 X105.003 Y67.583 E629.79758
G1 X106.119 Y67.136 E630.2974
G1 X106.23 Y67.1 E630.34591
G1 X107.492 Y66.83 E630.88246
G1 X108.784 Y66.768 E631.42023
G1 X108.9 Y66.77 E631.46847
G1 X110.238 Y66.947 E632.02959
G1 X111.476 Y67.325 E632.56775
G1 X111.612 Y67.384 E632.62938
G1 X112.7 Y67.935 E633.13642
G1 X112.797 Y67.998 E633.18451
G1 X113.784 Y68.725 E633.69415
G1 X113.864 Y68.796 E633.73862
G1 X114.753 Y69.733 E634.27562
G1 X115.479 Y70.803 E634.8132
G1 X115.536 Y70.902 E634.8607
G1 X116.084 Y72.123 E635.41711
G1 X116.4 Y73.327 E635.93463
G1 X116.424 Y73.446 E635.9851
G1 X116.532 Y74.733 E636.52206
G1 X116.529 Y74.849 E636.5703
G1 X116.424 Y76.078 E637.08312
G1 X116.389 Y76.24 E637.15203
G1 X116.084 Y77.401 E637.65109
G1 X116.044 Y77.505 E637.69742
G1 X115.51 Y78.675 E638.23212
G1 X114.788 Y79.751 E638.77084
G1 X114.701 Y79.854 E638.8269
G1 X113.815 Y80.77 E639.35672
G1 X112.738 Y81.566 E639.91351
G1 X111.497 Y82.191 E640.4912
G1 X110.21 Y82.583 E641.05054
G0 X109.219 Y82.711
G1 F2400 E626.05054
G0 F600 X92.313 Y88.105
G1 F900 E644.05227
G1 F600 X93.077 Y88.978 E644.53458
G1 X93.89 Y89.819 E645.02089
G1 X94.713 Y90.573 E645.48494
G1 X95.616 Y91.319 E645.97191
G1 X96.516 Y91.982 E646.43665
G1 X97.496 Y92.625 E646.92396
G1 X98.481 Y93.202 E647.39857
G1 X99.475 Y93.709 E647.86248
G1 X100.538 Y94.183 E648.34637
G1 X101.614 Y94.591 E648.8248
G1 X102.682 Y94.93 E649.29065
G1 X103.803 Y95.221 E649.77215
G1 X104.933 Y95.454 E650.25184
G1 X106.037 Y95.614 E650.71562
G1 X107.187 Y95.717 E651.19565
G1 X108.342 Y95.759 E651.67616
G1 X109.495 Y95.74 E652.15559
G1 X110.607 Y95.66 E652.6191
G1 X111.754 Y95.511 E653.09997
G1 X112.893 Y95.305 E653.5812
G1 X113.979 Y95.042 E654.04575
G1 X115.08 Y94.713 E654.5235
G1 X116.18 Y94.32 E655.00913
G1 X117.234 Y93.873 E655.48512
G1 X118.241 Y93.384 E655.95053
G1 X119.244 Y92.824 E656.42812
G1 X120.207 Y92.216 E656.90161
G1 X121.142 Y91.552 E657.37839
G1 X122.052 Y90.826 E657.86237
G1 X122.908 Y90.069 E658.33746
G1 X123.704 Y89.281 E658.80313
G1 X124.488 Y88.413 E659.28941
G1 X125.194 Y87.543 E659.75523
G1 X125.861 Y86.62 E660.22868
G1 X126.496 Y85.633 E660.71661
G1 X127.061 Y84.64 E661.1916
G1 X127.561 Y83.641 E661.65606
G1 X128.019 Y82.584 E662.13499
G1 X128.42 Y81.494 E662.61785
G1 X128.752 Y80.426 E663.08283
G1 X129.035 Y79.291 E663.56916
G1 X129.252 Y78.169 E664.04427
G1 X129.405 Y77.036 E664.5196
G1 X129.497 Y75.916 E664.98681
G1 X129.531 Y74.749 E665.47219
G1 X129.497 Y73.609 E665.94636
G1 X129.405 Y72.492 E666.41233
G1 X129.252 Y71.359 E666.88765
G1 X129.035 Y70.237 E667.36277
G1 X128.752 Y69.102 E667.84909
G1 X128.42 Y68.033 E668.31447
G1 X128.027 Y66.96 E668.78956
G1 X127.561 Y65.887 E669.27591
G1 X127.061 Y64.883 E669.74222
G1 X126.496 Y63.891 E670.21685
G1 X125.861 Y62.904 E670.70479
G1 X125.194 Y61.981 E671.17824
G1 X124.489 Y61.112 E671.64347
G1 X123.701 Y60.244 E672.13087
G1 X122.907 Y59.458 E672.59537
G1 X122.051 Y58.697 E673.07155
G1 X121.138 Y57.968 E673.55729
G1 X120.203 Y57.308 E674.03311
G1 X119.244 Y56.7 E674.50519
G1 X118.237 Y56.14 E674.98424
G1 X117.233 Y55.651 E675.44853
G1 X116.18 Y55.205 E675.92396
G1 X115.076 Y54.811 E676.41131
G1 X113.979 Y54.482 E676.88746
G1 X112.885 Y54.219 E677.35525
G1 X111.753 Y54.013 E677.83361
G1 X110.607 Y53.864 E678.31407
G1 X109.495 Y53.784 E678.77758
G1 X108.342 Y53.765 E679.25701
G1 X107.187 Y53.807 E679.73752
G1 X106.039 Y53.91 E680.21672
G1 X104.937 Y54.074 E680.67992
G1 X103.798 Y54.303 E681.16294
G1 X102.691 Y54.593 E681.63871
G1 X101.61 Y54.937 E682.11034
G1 X100.533 Y55.346 E682.58931
G1 X99.475 Y55.816 E683.07062
G1 X98.481 Y56.322 E683.53434
G1 X97.496 Y56.899 E684.00895
G1 X96.516 Y57.542 E684.49625
G1 X95.616 Y58.205 E684.961
G1 X94.714 Y58.95 E685.44738
G1 X93.89 Y59.709 E685.91314
G1 X93.077 Y60.546 E686.39826
G1 X92.266 Y61.473 E686.91034
G1 X92.135 Y61.583 E686.98146
G1 X92.005 Y61.66 E687.04427
G1 X91.848 Y61.722 E687.11445
G1 X91.635 Y61.762 E687.20456
G1 X44.532 Y61.764 E706.78771
G1 X44.532 Y87.764 E717.59725
G1 X91.635 Y87.766 E737.1804
G1 X91.848 Y87.806 E737.27051
G1 X92.004 Y87.868 E737.3403
G1 X92.135 Y87.945 E737.40347
G1 X92.202 Y87.996 E737.43848
G1 X92.313 Y88.105 E737.50316
G0 X92.971 Y88.857
G1 F2400 E722.50316
;MESH:NONMESH
G0 F600 Z6.5
G0 X48.532 Y81.52
;TIME_ELAPSED:2314.560567
;LAYER:8
;TYPE:FILL
;MESH:single_lug_connector_thickness_5mm.stl
G1 F900 E740.50489
G1 F600 X50.776 Y83.764 E741.82427
G1 X48.532 Y83.764 E742.75722
G1 X48.532 Y78.691 E744.86633
G1 X53.604 Y83.764 E747.84876
G1 X56.433 Y83.764 E749.02492
G1 X48.532 Y75.863 E753.67041
G1 X48.532 Y73.034 E754.84657
G1 X59.261 Y83.764 E761.15511
G1 X62.09 Y83.764 E762.33127
G1 X48.532 Y70.206 E770.30285
G1 X48.532 Y67.377 E771.47901
G1 X64.918 Y83.764 E781.11365
G1 X67.746 Y83.764 E782.28939
G1 X49.747 Y65.764 E792.87241
G1 X52.576 Y65.764 E794.04857
G1 X70.575 Y83.764 E804.63159
G1 X73.403 Y83.764 E805.80733
G1 X55.404 Y65.764 E816.39035
G1 X58.232 Y65.764 E817.56609
G1 X76.232 Y83.764 E828.1494
G1 X79.06 Y83.764 E829.32515
G1 X61.061 Y65.764 E839.90817
G1 X63.889 Y65.764 E841.08391
G1 X81.889 Y83.764 E851.66722
G1 X84.717 Y83.764 E852.84297
G1 X66.718 Y65.764 E863.42598
G1 X69.546 Y65.764 E864.60173
G1 X87.545 Y83.764 E875.18475
G1 X90.374 Y83.764 E876.36091
G1 X72.375 Y65.764 E886.94392
G1 X75.203 Y65.764 E888.11967
G1 X93.675 Y84.236 E898.9805
G1 X93.795 Y84.29 E899.03521
G1 X94.418 Y84.658 E899.33603
G1 X94.768 Y84.927 E899.51956
G1 X95.083 Y85.214 E899.69673
G1 X95.312 Y85.457 E899.83555
G1 X96.021 Y86.269 E900.28371
G1 X96.688 Y86.958 E900.68241
G1 X97.33 Y87.546 E901.04435
G1 X98.082 Y88.168 E901.45008
G1 X98.805 Y88.7 E901.82328
G1 X99.6 Y89.222 E902.21868
G1 X100.406 Y89.694 E902.60701
G1 X101.183 Y90.091 E902.96977
G1 X102.07 Y90.485 E903.37329
G1 X102.932 Y90.813 E903.75673
G1 X103.148 Y90.882 E903.851
G1 X78.031 Y65.764 E918.61913
G1 X80.86 Y65.764 E919.79529
G1 X106.758 Y91.662 E935.02233
G1 X107.447 Y91.724 E935.30994
G1 X108.373 Y91.758 E935.69518
G1 X109.33 Y91.742 E936.09311
G1 X109.643 Y91.719 E936.22359
G1 X103.614 Y85.691 E939.76812
G1 X103.303 Y85.564 E939.90778
G1 X102.862 Y85.335 E940.11438
G1 X101.6 Y84.555 E940.73118
G1 X101.195 Y84.255 E940.94072
G1 X100.105 Y83.299 E941.5435
G1 X99.878 Y83.078 E941.67521
G1 X99.602 Y82.767 E941.84809
G1 X98.83 Y81.812 E942.35863
G1 X98.585 Y81.481 E942.52984
G1 X98.375 Y81.139 E942.6967
G1 X97.773 Y80.06 E943.21039
G1 X97.572 Y79.649 E943.4006
G1 X83.688 Y65.764 E951.56416
G1 X86.517 Y65.764 E952.74032
G1 X96.579 Y75.827 E958.65668
G1 X96.561 Y75.613 E958.74597
G1 X96.561 Y73.911 E959.45358
G1 X96.586 Y73.617 E959.57625
G1 X96.668 Y73.087 E959.79922
G1 X89.345 Y65.764 E964.10486
G1 X91.578 Y65.764 E965.03323
G1 X91.936 Y65.751 E965.18217
G1 X92.137 Y65.728 E965.26628
G1 X97.224 Y70.815 E968.25724
G1 X97.444 Y70.192 E968.53193
G1 X97.589 Y69.832 E968.69329
G1 X97.774 Y69.464 E968.86453
G1 X98.106 Y68.869 E969.14781
G1 X94.223 Y64.986 E971.43086
G1 X94.42 Y64.868 E971.52633
G1 X94.769 Y64.6 E971.70928
G1 X95.085 Y64.311 E971.88731
G1 X95.319 Y64.062 E972.02937
G1 X95.695 Y63.629 E972.26779
G1 X99.257 Y67.191 E974.36211
G1 X99.734 Y66.6 E974.67787
G1 X100.098 Y66.232 E974.89306
G1 X100.645 Y65.751 E975.1959
G1 X97.093 Y62.199 E977.28434
G1 X97.343 Y61.967 E977.42614
G1 X98.082 Y61.356 E977.82479
G1 X98.657 Y60.934 E978.12132
G1 X102.274 Y64.551 E980.24798
G1 X102.86 Y64.19 E980.53413
G1 X103.111 Y64.053 E980.65301
G1 X103.493 Y63.878 E980.8277
G1 X104.673 Y63.407 E981.35593
G1 X104.963 Y63.304 E981.48387
G1 X105.222 Y63.228 E981.59609
G1 X106.36 Y62.981 E982.08023
G1 X102.325 Y58.946 E984.45266
G1 X102.043 Y59.053 E984.57806
G1 X101.201 Y59.426 E984.96093
G1 X100.391 Y59.84 E985.33913
G1 X104.162 Y63.611 E987.55633
G1 X104.515 Y63.964
G1 F2400 E972.55633
G0 F600 X122.224 Y64.702
G1 F900 E990.55806
G1 F600 X118.577 Y61.055 E992.70235
G1 X118.734 Y61.166 E992.78229
G1 X119.476 Y61.759 E993.1772
G1 X120.164 Y62.371 E993.56002
G1 X120.814 Y63.014 E993.94015
G1 X121.444 Y63.709 E994.33014
G1 X122.015 Y64.412 E994.70668
G1 X122.561 Y65.169 E995.09472
G1 X123.075 Y65.967 E995.48936
G1 X123.526 Y66.76 E995.86864
G1 X123.936 Y67.582 E996.25054
G1 X124.309 Y68.44 E996.6395
G1 X124.629 Y69.314 E997.02646
G1 X124.908 Y70.214 E997.4182
G1 X113.083 Y58.389 E1004.37085
G1 X112.927 Y58.343 E1004.43847
G1 X112.071 Y58.138 E1004.80442
G1 X111.136 Y57.967 E1005.19959
G1 X110.192 Y57.844 E1005.59538
G1 X109.672 Y57.807 E1005.81212
G1 X125.484 Y73.619 E1015.10897
G1 X125.501 Y73.831 E1015.19739
G1 X125.528 Y74.75 E1015.57963
G1 X125.501 Y75.695 E1015.97267
G1 X125.443 Y76.406 E1016.26926
G1 X119.868 Y70.832 E1019.54685
G1 X119.89 Y70.887 E1019.57148
G1 X120.273 Y72.328 E1020.19137
G1 X120.34 Y72.623 E1020.31714
G1 X120.39 Y72.919 E1020.44195
G1 X120.512 Y74.303 E1021.01958
G1 X125.029 Y78.821 E1023.6757
G1 X124.898 Y79.346 E1023.90066
G1 X124.634 Y80.199 E1024.27189
G1 X124.351 Y80.972 E1024.61413
G1 X120.329 Y76.949 E1026.97921
G1 X120.263 Y77.24 E1027.10326
G1 X119.911 Y78.573 E1027.67646
G1 X119.821 Y78.829 E1027.78927
G1 X119.693 Y79.142 E1027.92986
G1 X123.45 Y82.899 E1030.13884
G1 X123.067 Y83.571 E1030.46041
G1 X122.56 Y84.36 E1030.85033
G1 X122.36 Y84.637 E1030.99237
G1 X118.75 Y81.027 E1033.11491
G1 X118.013 Y82.118 E1033.66229
G1 X117.701 Y82.503 E1033.86832
G1 X117.552 Y82.658 E1033.95771
G1 X121.096 Y86.201 E1036.04115
G1 X120.812 Y86.515 E1036.21717
G1 X120.178 Y87.143 E1036.58818
G1 X119.664 Y87.599 E1036.87385
G1 X116.113 Y84.047 E1038.962
G1 X115.16 Y84.755 E1039.45558
G1 X114.876 Y84.947 E1039.59811
G1 X114.639 Y85.088 E1039.71276
G1 X114.431 Y85.194 E1039.80982
G1 X118.067 Y88.83 E1041.94765
G1 X117.204 Y89.382 E1042.37356
G1 X116.293 Y89.884 E1042.806
G1 X112.482 Y86.073 E1045.04673
G1 X111.456 Y86.389 E1045.49306
G1 X111.181 Y86.464 E1045.61157
G1 X110.887 Y86.526 E1045.73649
G1 X109.452 Y86.717 E1046.33835
G1 X109.08 Y86.751 E1046.49366
G1 X108.634 Y86.753 E1046.67908
G1 X107.454 Y86.702 E1047.17013
G1 X112.127 Y91.374 E1049.91738
G1 X112.934 Y91.18 E1050.26245
G1 X113.826 Y90.913 E1050.64956
G1 X114.317 Y90.737 E1050.86641
G1 X110.198 Y86.618 E1053.28822
G1 X109.845 Y86.265
G1 F2400 E1038.28822
G0 F600 X112.49 Y63.454
G1 F900 E1056.28995
G1 F600 X111.542 Y63.16 E1056.7026
G1 X111.178 Y63.057 E1056.85988
G1 X110.887 Y62.997 E1056.98341
G1 X109.2 Y62.78 E1057.69056
G1 X108.909 Y62.768 E1057.81164
G1 X108.979 Y62.771 E1057.84077
G1 X104.47 Y58.262 E1060.49189
G1 X104.701 Y58.201 E1060.59122
G1 X105.628 Y58.014 E1060.98439
G1 X106.508 Y57.884 E1061.35422
G1 X106.887 Y57.851 E1061.51239
G1 X112.49 Y63.454 E1064.80674
G1 F2400 E1049.80674
G0 F600 X93.819 Y86.789
;TYPE:WALL-INNER
G1 F900 E1067.80846
G1 F600 X94.549 Y87.624 E1068.26958
G1 X95.285 Y88.385 E1068.70973
G1 X96.027 Y89.064 E1069.12789
G1 X96.847 Y89.742 E1069.57024
G1 X97.659 Y90.34 E1069.9895
G1 X98.55 Y90.925 E1070.43265
G1 X99.441 Y91.446 E1070.86176
G1 X100.337 Y91.904 E1071.28012
G1 X101.301 Y92.333 E1071.7188
G1 X102.272 Y92.701 E1072.15051
G1 X103.236 Y93.008 E1072.57113
G1 X104.256 Y93.273 E1073.00928
G1 X105.279 Y93.483 E1073.44346
G1 X106.27 Y93.627 E1073.8598
G1 X107.313 Y93.72 E1074.29515
G1 X108.362 Y93.759 E1074.73157
G1 X109.407 Y93.742 E1075.16609
G1 X110.406 Y93.67 E1075.5825
G1 X111.446 Y93.534 E1076.01857
G1 X112.479 Y93.347 E1076.45502
G1 X113.457 Y93.111 E1076.87329
G1 X114.456 Y92.812 E1077.30683
G1 X115.452 Y92.456 E1077.74658
G1 X116.407 Y92.051 E1078.17785
G1 X117.316 Y91.61 E1078.59789
G1 X118.222 Y91.104 E1079.02933
G1 X119.093 Y90.554 E1079.4576
G1 X119.938 Y89.954 E1079.88847
G1 X120.765 Y89.294 E1080.32837
G1 X121.541 Y88.608 E1080.75898
G1 X122.257 Y87.899 E1081.17791
G1 X122.968 Y87.112 E1081.61886
G1 X123.606 Y86.326 E1082.03974
G1 X124.209 Y85.492 E1082.46761
G1 X124.785 Y84.597 E1082.91011
G1 X125.296 Y83.698 E1083.34003
G1 X125.747 Y82.795 E1083.75968
G1 X126.161 Y81.84 E1084.19242
G1 X126.526 Y80.851 E1084.63071
G1 X126.825 Y79.887 E1085.05033
G1 X127.081 Y78.859 E1085.49077
G1 X127.278 Y77.845 E1085.92023
G1 X127.415 Y76.821 E1086.34975
G1 X127.499 Y75.805 E1086.7736
G1 X127.53 Y74.75 E1087.2124
G1 X127.499 Y73.721 E1087.64041
G1 X127.416 Y72.708 E1088.06297
G1 X127.278 Y71.683 E1088.49297
G1 X127.081 Y70.669 E1088.92242
G1 X126.825 Y69.641 E1089.36287
G1 X126.525 Y68.674 E1089.7838
G1 X126.169 Y67.703 E1090.21377
G1 X125.747 Y66.731 E1090.65433
G1 X125.295 Y65.824 E1091.07564
G1 X124.785 Y64.927 E1091.50463
G1 X124.209 Y64.032 E1091.94713
G1 X123.606 Y63.198 E1092.37501
G1 X122.971 Y62.415 E1092.79414
G1 X122.256 Y61.628 E1093.2362
G1 X121.538 Y60.917 E1093.65631
G1 X120.761 Y60.227 E1094.08833
G1 X119.936 Y59.568 E1094.52732
G1 X119.091 Y58.971 E1094.95747
G1 X118.222 Y58.42 E1095.38526
G1 X117.313 Y57.914 E1095.81778
G1 X116.405 Y57.472 E1096.23764
G1 X115.454 Y57.069 E1096.66705
G1 X114.453 Y56.712 E1097.10889
G1 X113.458 Y56.414 E1097.54072
G1 X112.471 Y56.177 E1097.96273
G1 X111.444 Y55.99 E1098.39673
G1 X110.406 Y55.855 E1098.83192
G1 X109.407 Y55.783 E1099.24833
G1 X108.362 Y55.766 E1099.68285
G1 X107.313 Y55.803 E1100.11924
G1 X106.276 Y55.896 E1100.55211
G1 X105.282 Y56.044 E1100.96992
G1 X104.25 Y56.252 E1101.4076
G1 X103.248 Y56.515 E1101.8383
G1 X102.268 Y56.826 E1102.26576
G1 X101.294 Y57.196 E1102.69893
G1 X100.335 Y57.622 E1103.13521
G1 X99.441 Y58.078 E1103.55245
G1 X98.55 Y58.599 E1103.98156
G1 X97.659 Y59.184 E1104.4247
G1 X96.847 Y59.782 E1104.84396
G1 X96.03 Y60.458 E1105.28483
G1 X95.286 Y61.143 E1105.70529
G1 X94.549 Y61.901 E1106.14483
G1 X93.823 Y62.734 E1106.60423
G1 X93.677 Y62.89 E1106.69306
G1 X93.485 Y63.066 E1106.80134
G1 X93.283 Y63.22 E1106.90695
G1 X92.894 Y63.452 E1107.09525
G1 X92.654 Y63.558 E1107.20433
G1 X92.423 Y63.638 E1107.30597
G1 X92.034 Y63.727 E1107.47188
G1 X91.785 Y63.756 E1107.5761
G1 X91.56 Y63.764 E1107.6697
G1 X46.532 Y63.764 E1126.39017
G1 X46.532 Y85.764 E1135.5367
G1 X91.56 Y85.764 E1154.25717
G1 X91.784 Y85.772 E1154.35036
G1 X92.033 Y85.801 E1154.45458
G1 X92.422 Y85.89 E1154.62049
G1 X92.653 Y85.97 E1154.72212
G1 X92.892 Y86.076 E1154.83082
G1 X93.283 Y86.307 E1155.01963
G1 X93.484 Y86.461 E1155.1249
G1 X93.676 Y86.637 E1155.23319
G1 X93.819 Y86.789 E1155.31996
G1 F2400 E1140.31996
G0 F600 X110.539 Y84.556
G1 F900 E1158.32168
G1 F600 X109.044 Y84.748 E1158.94834
G1 X108.696 Y84.754 E1159.09304
G1 X107.508 Y84.702 E1159.58743
G1 X107.209 Y84.674 E1159.71228
G1 X105.852 Y84.39 E1160.28868
G1 X105.571 Y84.316 E1160.40949
G1 X105.36 Y84.24 E1160.50273
G1 X104.256 Y83.796 E1160.99745
G1 X104.014 Y83.686 E1161.10796
G1 X103.861 Y83.602 E1161.18053
G1 X102.715 Y82.894 E1161.74057
G1 X102.461 Y82.705 E1161.8722
G1 X101.457 Y81.824 E1162.42753
G1 X101.32 Y81.692 E1162.50663
G1 X101.143 Y81.491 E1162.61798
G1 X100.399 Y80.571 E1163.10989
G1 X100.244 Y80.362 E1163.21807
G1 X100.112 Y80.146 E1163.32331
G1 X99.532 Y79.106 E1163.81839
G1 X99.414 Y78.871 E1163.92772
G1 X99.323 Y78.645 E1164.02901
G1 X98.927 Y77.524 E1164.52329
G1 X98.854 Y77.285 E1164.62719
G1 X98.798 Y77.031 E1164.73532
G1 X98.574 Y75.686 E1165.30221
G1 X98.56 Y75.517 E1165.37271
G1 X98.56 Y74.007 E1166.0005
G1 X98.574 Y73.838 E1166.071
G1 X98.805 Y72.458 E1166.65272
G1 X98.853 Y72.239 E1166.74593
G1 X98.927 Y72 E1166.84995
G1 X99.323 Y70.879 E1167.34423
G1 X99.414 Y70.652 E1167.44591
G1 X99.531 Y70.418 E1167.55468
G1 X100.111 Y69.378 E1168.04976
G1 X100.244 Y69.162 E1168.15522
G1 X100.337 Y69.032 E1168.22167
G1 X101.229 Y67.931 E1168.81079
G1 X101.457 Y67.7 E1168.94573
G1 X102.47 Y66.811 E1169.50607
G1 X102.725 Y66.623 E1169.63778
G1 X103.866 Y65.919 E1170.19518
G1 X104.013 Y65.839 E1170.26476
G1 X104.259 Y65.727 E1170.37714
G1 X105.39 Y65.274 E1170.88367
G1 X105.69 Y65.174 E1171.01514
G1 X107.01 Y64.886 E1171.57684
G1 X107.307 Y64.838 E1171.70192
G1 X107.508 Y64.822 E1171.78575
G1 X108.696 Y64.77 E1172.28014
G1 X109.044 Y64.775 E1172.42484
G1 X110.543 Y64.968 E1173.05319
G1 X110.706 Y65.002 E1173.12242
G1 X112.148 Y65.441 E1173.7491
G1 X112.512 Y65.598 E1173.91391
G1 X113.664 Y66.182 E1174.45088
G1 X113.957 Y66.368 E1174.59517
G1 X115.039 Y67.168 E1175.15462
G1 X115.278 Y67.382 E1175.28799
G1 X116.198 Y68.347 E1175.84231
G1 X116.307 Y68.473 E1175.91157
G1 X116.464 Y68.685 E1176.02125
G1 X117.156 Y69.713 E1176.53645
G1 X117.314 Y69.985 E1176.66723
G1 X117.873 Y71.21 E1177.22705
G1 X117.986 Y71.505 E1177.35839
G1 X118.335 Y72.821 E1177.92443
G1 X118.406 Y73.179 E1178.07617
G1 X118.531 Y74.673 E1178.69947
G1 X118.532 Y74.853 E1178.77431
G1 X118.422 Y76.198 E1179.33536
G1 X118.378 Y76.515 E1179.46842
G1 X117.998 Y77.983 E1180.09886
G1 X117.866 Y78.329 E1180.25282
G1 X117.315 Y79.539 E1180.80558
G1 X117.157 Y79.814 E1180.93744
G1 X116.402 Y80.932 E1181.49831
G1 X116.208 Y81.17 E1181.62597
G1 X115.314 Y82.102 E1182.16289
G1 X115.14 Y82.268 E1182.26288
G1 X115.024 Y82.365 E1182.32574
G1 X113.987 Y83.134 E1182.86248
G1 X113.806 Y83.258 E1182.9537
G1 X113.554 Y83.4 E1183.07396
G1 X112.312 Y84.019 E1183.6509
G1 X112.019 Y84.125 E1183.78044
G1 X110.711 Y84.52 E1184.3485
G1 X110.539 Y84.556 E1184.42156
G0 X110.21 Y82.583
;TYPE:WALL-OUTER
G1 X108.879 Y82.755 E1184.97953
G1 X107.496 Y82.694 E1185.55507
G1 X106.177 Y82.41 E1186.11601
G1 X104.922 Y81.904 E1186.6786
G1 X103.819 Y81.226 E1187.21688
G1 X103.711 Y81.143 E1187.27351
G1 X102.803 Y80.344 E1187.77635
G1 X102.723 Y80.263 E1187.82368
G1 X101.902 Y79.244 E1188.36773
G1 X101.278 Y78.132 E1188.89786
G1 X101.209 Y77.978 E1188.96802
G1 X100.788 Y76.778 E1189.49674
G1 X100.557 Y75.41 E1190.07354
G1 X100.557 Y74.114 E1190.61235
G1 X100.57 Y73.999 E1190.66047
G1 X100.788 Y72.746 E1191.18923
G1 X101.239 Y71.47 E1191.75189
G1 X101.858 Y70.352 E1192.28319
G1 X101.933 Y70.237 E1192.34027
G1 X102.759 Y69.222 E1192.88433
G1 X103.738 Y68.358 E1193.42719
G1 X103.823 Y68.295 E1193.47118
G1 X104.872 Y67.647 E1193.9838
G1 X105.003 Y67.583 E1194.04442
G1 X106.119 Y67.136 E1194.54423
G1 X106.23 Y67.1 E1194.59275
G1 X107.492 Y66.83 E1195.1293
G1 X108.784 Y66.768 E1195.66707
G1 X108.9 Y66.77 E1195.7153
G1 X110.238 Y66.947 E1196.27643
G1 X111.476 Y67.325 E1196.81458
G1 X111.612 Y67.384 E1196.87622
G1 X112.7 Y67.935 E1197.38326
G1 X112.797 Y67.998 E1197.43134
G1 X113.784 Y68.725 E1197.94099
G1 X113.864 Y68.796 E1197.98546
G1 X114.753 Y69.733 E1198.52245
G1 X115.479 Y70.803 E1199.06004
G1 X115.536 Y70.902 E1199.10754
G1 X116.084 Y72.123 E1199.66395
G1 X116.4 Y73.327 E1200.18147
G1 X116.424 Y73.446 E1200.23194
G1 X116.532 Y74.733 E1200.76889
G1 X116.529 Y74.849 E1200.81714
G1 X116.424 Y76.078 E1201.32996
G1 X116.389 Y76.24 E1201.39886
G1 X116.084 Y77.401 E1201.89793
G1 X116.044 Y77.505 E1201.94426
G1 X115.532 Y78.633 E1202.45927
G1 X115.479 Y78.725 E1202.50341
G1 X114.788 Y79.751 E1203.0177
G1 X114.701 Y79.854 E1203.07375
G1 X113.815 Y80.77 E1203.60358
G1 X112.738 Y81.566 E1204.16037
G1 X111.497 Y82.191 E1204.73805
G1 X110.21 Y82.583 E1205.29739
G0 X109.219 Y82.711
G1 F2400 E1190.29739
G0 F600 X92.313 Y88.105
G1 F900 E1208.29912
G1 F600 X93.077 Y88.978 E1208.78143
G1 X93.89 Y89.819 E1209.26775
G1 X94.713 Y90.573 E1209.7318
G1 X95.616 Y91.319 E1210.21877
G1 X96.516 Y91.982 E1210.68351
G1 X97.496 Y92.625 E1211.17082
G1 X98.481 Y93.202 E1211.64542
G1 X99.475 Y93.709 E1212.10933
G1 X100.538 Y94.183 E1212.59322
G1 X101.614 Y94.591 E1213.07165
G1 X102.682 Y94.93 E1213.53751
G1 X103.803 Y95.221 E1214.01901
G1 X104.933 Y95.454 E1214.49869
G1 X106.037 Y95.614 E1214.96248
G1 X107.187 Y95.717 E1215.44251
G1 X108.342 Y95.759 E1215.92302
G1 X109.495 Y95.74 E1216.40244
G1 X110.607 Y95.66 E1216.86595
G1 X111.754 Y95.511 E1217.34683
G1 X112.893 Y95.305 E1217.82805
G1 X113.979 Y95.042 E1218.29261
G1 X115.08 Y94.713 E1218.77035
G1 X116.18 Y94.32 E1219.25599
G1 X117.234 Y93.873 E1219.73197
G1 X118.241 Y93.384 E1220.19739
G1 X119.244 Y92.824 E1220.67498
G1 X120.207 Y92.216 E1221.14847
G1 X121.142 Y91.552 E1221.62524
G1 X122.052 Y90.826 E1222.10923
G1 X122.908 Y90.069 E1222.58431
G1 X123.704 Y89.281 E1223.04998
G1 X124.488 Y88.413 E1223.53627
G1 X125.194 Y87.543 E1224.00208
G1 X125.861 Y86.62 E1224.47553
G1 X126.496 Y85.633 E1224.96347
G1 X127.061 Y84.64 E1225.43846
G1 X127.561 Y83.641 E1225.90291
G1 X128.019 Y82.584 E1226.38184
G1 X128.42 Y81.494 E1226.8647
G1 X128.752 Y80.426 E1227.32969
G1 X129.035 Y79.291 E1227.81601
G1 X129.252 Y78.169 E1228.29113
G1 X129.405 Y77.036 E1228.76645
G1 X129.497 Y75.916 E1229.23366
G1 X129.531 Y74.749 E1229.71905
G1 X129.497 Y73.609 E1230.19322
G1 X129.405 Y72.492 E1230.65919
G1 X129.252 Y71.359 E1231.13451
G1 X129.035 Y70.237 E1231.60962
G1 X128.752 Y69.102 E1232.09595
G1 X128.42 Y68.033 E1232.56133
G1 X128.027 Y66.96 E1233.03641
G1 X127.561 Y65.887 E1233.52277
G1 X127.061 Y64.883 E1233.98908
G1 X126.496 Y63.891 E1234.46371
G1 X125.861 Y62.904 E1234.95165
G1 X125.194 Y61.981 E1235.42509
G1 X124.489 Y61.112 E1235.89033
G1 X123.701 Y60.244 E1236.37773
G1 X122.907 Y59.458 E1236.84222
G1 X122.051 Y58.697 E1237.31841
G1 X121.138 Y57.968 E1237.80415
G1 X120.203 Y57.308 E1238.27996
G1 X119.244 Y56.7 E1238.75205
G1 X118.237 Y56.14 E1239.23109
G1 X117.233 Y55.651 E1239.69538
G1 X116.18 Y55.205 E1240.17082
G1 X115.076 Y54.811 E1240.65816
G1 X113.979 Y54.482 E1241.13431
G1 X112.885 Y54.219 E1241.6021
G1 X111.753 Y54.013 E1242.08046
G1 X110.607 Y53.864 E1242.56092
G1 X109.495 Y53.784 E1243.02444
G1 X108.342 Y53.765 E1243.50386
G1 X107.187 Y53.807 E1243.98437
G1 X106.039 Y53.91 E1244.46357
G1 X104.937 Y54.074 E1244.92678
G1 X103.798 Y54.303 E1245.40979
G1 X102.691 Y54.593 E1245.88556
G1 X101.61 Y54.937 E1246.3572
G1 X100.533 Y55.346 E1246.83616
G1 X99.475 Y55.816 E1247.31748
G1 X98.481 Y56.322 E1247.7812
G1 X97.496 Y56.899 E1248.2558
G1 X96.516 Y57.542 E1248.74311
G1 X95.616 Y58.205 E1249.20785
G1 X94.714 Y58.95 E1249.69424
G1 X93.89 Y59.709 E1250.16
G1 X93.077 Y60.546 E1250.64512
G1 X92.266 Y61.473 E1251.1572
G1 X92.135 Y61.583 E1251.22831
G1 X92.005 Y61.66 E1251.29113
G1 X91.848 Y61.722 E1251.36131
G1 X91.635 Y61.762 E1251.45141
G1 X44.532 Y61.764 E1271.03456
G1 X44.532 Y87.764 E1281.84411
G1 X91.635 Y87.766 E1301.42726
G1 X91.848 Y87.806 E1301.51736
G1 X92.004 Y87.868 E1301.58715
G1 X92.135 Y87.945 E1301.65033
G1 X92.202 Y87.996 E1301.68534
G1 X92.313 Y88.105 E1301.75001
G0 X92.971 Y88.857
G1 F2400 E1286.75001
;MESH:NONMESH
G0 F600 Z7
G0 X93.819 Y86.789
;TIME_ELAPSED:2466.847478
;LAYER:9
;TYPE:WALL-INNER
;MESH:single_lug_connector_thickness_5mm.stl
G1 F900 E1304.75174
G1 F600 X94.549 Y87.624 E1305.21286
G1 X95.285 Y88.385 E1305.65301
G1 X96.027 Y89.064 E1306.07116
G1 X96.847 Y89.742 E1306.51352
G1 X97.659 Y90.34 E1306.93278
G1 X98.55 Y90.925 E1307.37592
G1 X99.441 Y91.446 E1307.80504
G1 X100.337 Y91.904 E1308.2234
G1 X101.301 Y92.333 E1308.66208
G1 X102.272 Y92.701 E1309.09379
G1 X103.236 Y93.008 E1309.51441
G1 X104.256 Y93.273 E1309.95255
G1 X105.279 Y93.483 E1310.38674
G1 X106.27 Y93.627 E1310.80307
G1 X107.316 Y93.72 E1311.23967
G1 X108.306 Y93.759 E1311.65158
G1 X109.408 Y93.741 E1312.1098
G1 X110.406 Y93.67 E1312.52577
G1 X111.446 Y93.534 E1312.96183
G1 X112.479 Y93.347 E1313.39828
G1 X113.457 Y93.111 E1313.81656
G1 X114.456 Y92.812 E1314.2501
G1 X115.452 Y92.456 E1314.68984
G1 X116.407 Y92.051 E1315.12111
G1 X117.316 Y91.61 E1315.54116
G1 X118.222 Y91.104 E1315.9726
G1 X119.093 Y90.554 E1316.40087
G1 X119.938 Y89.954 E1316.83173
G1 X120.765 Y89.294 E1317.27163
G1 X121.541 Y88.608 E1317.70224
G1 X122.257 Y87.899 E1318.12117
G1 X122.968 Y87.112 E1318.56212
G1 X123.606 Y86.326 E1318.98301
G1 X124.209 Y85.492 E1319.41088
G1 X124.785 Y84.597 E1319.85338
G1 X125.296 Y83.698 E1320.2833
G1 X125.747 Y82.795 E1320.70294
G1 X126.161 Y81.84 E1321.13569
G1 X126.526 Y80.851 E1321.57397
G1 X126.825 Y79.887 E1321.99359
G1 X127.081 Y78.859 E1322.43404
G1 X127.278 Y77.845 E1322.8635
G1 X127.415 Y76.821 E1323.29302
G1 X127.499 Y75.805 E1323.71686
G1 X127.53 Y74.75 E1324.15567
G1 X127.499 Y73.721 E1324.58367
G1 X127.416 Y72.708 E1325.00624
G1 X127.278 Y71.683 E1325.43623
G1 X127.081 Y70.669 E1325.86569
G1 X126.825 Y69.641 E1326.30613
G1 X126.525 Y68.674 E1326.72707
G1 X126.169 Y67.703 E1327.15704
G1 X125.747 Y66.731 E1327.59759
G1 X125.295 Y65.824 E1328.01891
G1 X124.785 Y64.927 E1328.4479
G1 X124.209 Y64.032 E1328.8904
G1 X123.606 Y63.198 E1329.31827
G1 X122.971 Y62.415 E1329.7374
G1 X122.256 Y61.628 E1330.17947
G1 X121.538 Y60.917 E1330.59957
G1 X120.761 Y60.227 E1331.0316
G1 X119.936 Y59.568 E1331.47059
G1 X119.091 Y58.971 E1331.90073
G1 X118.222 Y58.42 E1332.32852
G1 X117.313 Y57.914 E1332.76105
G1 X116.405 Y57.472 E1333.1809
G1 X115.454 Y57.069 E1333.61032
G1 X114.453 Y56.712 E1334.05216
G1 X113.458 Y56.414 E1334.48399
G1 X112.471 Y56.177 E1334.906
G1 X111.444 Y55.99 E1335.34
G1 X110.406 Y55.855 E1335.77518
G1 X109.407 Y55.783 E1336.19159
G1 X108.362 Y55.766 E1336.62611
G1 X107.313 Y55.803 E1337.06251
G1 X106.276 Y55.896 E1337.49537
G1 X105.282 Y56.044 E1337.91318
G1 X104.25 Y56.252 E1338.35087
G1 X103.248 Y56.515 E1338.78156
G1 X102.268 Y56.826 E1339.20902
G1 X101.294 Y57.196 E1339.6422
G1 X100.335 Y57.622 E1340.07847
G1 X99.441 Y58.078 E1340.49571
G1 X98.55 Y58.599 E1340.92483
G1 X97.659 Y59.184 E1341.36797
G1 X96.847 Y59.782 E1341.78723
G1 X96.03 Y60.458 E1342.2281
G1 X95.286 Y61.143 E1342.64855
G1 X94.549 Y61.901 E1343.0881
G1 X93.823 Y62.734 E1343.54749
G1 X93.677 Y62.89 E1343.63632
G1 X93.485 Y63.066 E1343.74461
G1 X93.283 Y63.22 E1343.85021
G1 X92.894 Y63.452 E1344.03852
G1 X92.654 Y63.558 E1344.1476
G1 X92.423 Y63.638 E1344.24923
G1 X92.034 Y63.727 E1344.41514
G1 X91.785 Y63.756 E1344.51936
G1 X91.56 Y63.764 E1344.61297
G1 X46.532 Y63.764 E1363.33343
G1 X46.532 Y85.764 E1372.47997
G1 X91.56 Y85.764 E1391.20044
G1 X91.784 Y85.772 E1391.29363
G1 X92.033 Y85.801 E1391.39785
G1 X92.422 Y85.89 E1391.56375
G1 X92.653 Y85.97 E1391.66539
G1 X92.892 Y86.076 E1391.77409
G1 X93.283 Y86.307 E1391.9629
G1 X93.484 Y86.461 E1392.06817
G1 X93.676 Y86.637 E1392.17646
G1 X93.819 Y86.789 E1392.26322
G1 F2400 E1377.26322
G0 F600 X110.539 Y84.556
G1 F900 E1395.26495
G1 F600 X109.213 Y84.731 E1395.82102
G1 X108.876 Y84.756 E1395.96151
G1 X107.508 Y84.702 E1396.5307
G1 X107.209 Y84.674 E1396.65555
G1 X105.852 Y84.39 E1397.23195
G1 X105.571 Y84.316 E1397.35276
G1 X105.36 Y84.24 E1397.446
G1 X104.256 Y83.796 E1397.94072
G1 X104.014 Y83.686 E1398.05124
G1 X103.861 Y83.602 E1398.12381
G1 X102.715 Y82.894 E1398.68385
G1 X102.461 Y82.705 E1398.81548
G1 X101.457 Y81.824 E1399.37081
G1 X101.32 Y81.692 E1399.4499
G1 X101.143 Y81.491 E1399.56125
G1 X100.399 Y80.571 E1400.05317
G1 X100.244 Y80.362 E1400.16135
G1 X100.112 Y80.146 E1400.26659
G1 X99.532 Y79.106 E1400.76167
G1 X99.414 Y78.871 E1400.87099
G1 X99.323 Y78.645 E1400.97228
G1 X98.927 Y77.524 E1401.46657
G1 X98.854 Y77.285 E1401.57046
G1 X98.798 Y77.031 E1401.6786
G1 X98.574 Y75.686 E1402.24549
G1 X98.56 Y75.517 E1402.31599
G1 X98.56 Y74.007 E1402.94377
G1 X98.574 Y73.838 E1403.01428
G1 X98.805 Y72.458 E1403.596
G1 X98.853 Y72.239 E1403.68921
G1 X98.927 Y72 E1403.79323
G1 X99.323 Y70.879 E1404.28751
G1 X99.414 Y70.652 E1404.38919
G1 X99.531 Y70.418 E1404.49795
G1 X100.111 Y69.378 E1404.99303
G1 X100.244 Y69.162 E1405.09849
G1 X100.337 Y69.032 E1405.16495
G1 X101.229 Y67.931 E1405.75406
G1 X101.457 Y67.7 E1405.889
G1 X102.47 Y66.811 E1406.44934
G1 X102.725 Y66.623 E1406.58106
G1 X103.866 Y65.919 E1407.13846
G1 X104.013 Y65.839 E1407.20804
G1 X104.259 Y65.727 E1407.32041
G1 X105.39 Y65.274 E1407.82694
G1 X105.69 Y65.174 E1407.95842
G1 X107.01 Y64.886 E1408.52012
G1 X107.307 Y64.838 E1408.6452
G1 X107.508 Y64.822 E1408.72903
G1 X108.696 Y64.77 E1409.22341
G1 X109.044 Y64.775 E1409.36811
G1 X110.543 Y64.968 E1409.99647
G1 X110.706 Y65.002 E1410.06569
G1 X112.148 Y65.441 E1410.69237
G1 X112.512 Y65.598 E1410.85718
G1 X113.664 Y66.182 E1411.39416
G1 X113.957 Y66.368 E1411.53845
G1 X115.039 Y67.168 E1412.09789
G1 X115.278 Y67.382 E1412.23127
G1 X116.198 Y68.347 E1412.78558
G1 X116.307 Y68.473 E1412.85485
G1 X116.464 Y68.685 E1412.96452
G1 X117.156 Y69.713 E1413.47973
G1 X117.314 Y69.985 E1413.61051
G1 X117.873 Y71.21 E1414.17032
G1 X117.986 Y71.505 E1414.30166
G1 X118.335 Y72.821 E1414.8677
G1 X118.406 Y73.179 E1415.01944
G1 X118.531 Y74.673 E1415.64275
G1 X118.532 Y74.853 E1415.71758
G1 X118.422 Y76.198 E1416.27863
G1 X118.378 Y76.515 E1416.41169
G1 X117.998 Y77.983 E1417.04213
G1 X117.866 Y78.329 E1417.19609
G1 X117.315 Y79.539 E1417.74886
G1 X117.157 Y79.814 E1417.88072
G1 X116.402 Y80.932 E1418.44159
G1 X116.208 Y81.17 E1418.56924
G1 X115.314 Y82.102 E1419.10617
G1 X115.14 Y82.268 E1419.20615
G1 X115.024 Y82.365 E1419.26902
G1 X113.987 Y83.134 E1419.80576
G1 X113.806 Y83.258 E1419.89698
G1 X113.554 Y83.4 E1420.01723
G1 X112.312 Y84.019 E1420.59418
G1 X112.019 Y84.125 E1420.72372
G1 X110.711 Y84.52 E1421.29178
G1 X110.539 Y84.556 E1421.36483
G0 X110.21 Y82.583
;TYPE:WALL-OUTER
G1 X108.88 Y82.755 E1421.92239
G1 X107.496 Y82.694 E1422.49835
G1 X106.177 Y82.41 E1423.05929
G1 X104.922 Y81.904 E1423.62187
G1 X103.819 Y81.226 E1424.16015
G1 X103.711 Y81.143 E1424.21678
G1 X102.803 Y80.344 E1424.71963
G1 X102.723 Y80.263 E1424.76696
G1 X101.902 Y79.244 E1425.31101
G1 X101.278 Y78.132 E1425.84114
G1 X101.209 Y77.978 E1425.9113
G1 X100.788 Y76.778 E1426.44002
G1 X100.557 Y75.41 E1427.01681
G1 X100.557 Y74.114 E1427.55563
G1 X100.57 Y73.999 E1427.60375
G1 X100.788 Y72.746 E1428.13251
G1 X101.239 Y71.47 E1428.69517
G1 X101.858 Y70.352 E1429.22647
G1 X101.933 Y70.237 E1429.28355
G1 X102.759 Y69.222 E1429.82761
G1 X103.738 Y68.358 E1430.37047
G1 X103.823 Y68.295 E1430.41446
G1 X104.872 Y67.647 E1430.92708
G1 X105.003 Y67.583 E1430.9877
G1 X106.119 Y67.136 E1431.48751
G1 X106.23 Y67.1 E1431.53603
G1 X107.492 Y66.83 E1432.07258
G1 X108.784 Y66.768 E1432.61035
G1 X108.9 Y66.77 E1432.65858
G1 X110.238 Y66.947 E1433.2197
G1 X111.476 Y67.325 E1433.75786
G1 X111.612 Y67.384 E1433.8195
G1 X112.7 Y67.935 E1434.32653
G1 X112.797 Y67.998 E1434.37462
G1 X113.784 Y68.725 E1434.88427
G1 X113.864 Y68.796 E1434.92874
G1 X114.753 Y69.733 E1435.46573
G1 X115.479 Y70.803 E1436.00332
G1 X115.536 Y70.902 E1436.05081
G1 X116.084 Y72.123 E1436.60723
G1 X116.4 Y73.327 E1437.12475
G1 X116.424 Y73.446 E1437.17522
G1 X116.532 Y74.733 E1437.71217
G1 X116.529 Y74.849 E1437.76042
G1 X116.424 Y76.078 E1438.27324
G1 X116.389 Y76.24 E1438.34214
G1 X116.088 Y77.389 E1438.83596
G1 X116.044 Y77.505 E1438.88754
G1 X115.51 Y78.675 E1439.42224
G1 X114.788 Y79.751 E1439.96096
G1 X114.701 Y79.854 E1440.01702
G1 X113.815 Y80.77 E1440.54684
G1 X112.738 Y81.566 E1441.10363
G1 X111.497 Y82.191 E1441.68132
G1 X110.21 Y82.583 E1442.24066
G0 X109.219 Y82.711
G1 F2400 E1427.24066
G0 F600 X92.313 Y88.105
G1 F900 E1445.24239
G1 F600 X93.077 Y88.978 E1445.7247
G1 X93.89 Y89.819 E1446.21101
G1 X94.713 Y90.573 E1446.67507
G1 X95.616 Y91.319 E1447.16203
G1 X96.516 Y91.982 E1447.62678
G1 X97.496 Y92.625 E1448.11408
G1 X98.481 Y93.202 E1448.58869
G1 X99.475 Y93.709 E1449.0526
G1 X100.538 Y94.183 E1449.53649
G1 X101.614 Y94.591 E1450.01492
G1 X102.682 Y94.93 E1450.48077
G1 X103.803 Y95.221 E1450.96228
G1 X104.933 Y95.454 E1451.44196
G1 X106.037 Y95.614 E1451.90574
G1 X107.188 Y95.717 E1452.38619
G1 X108.284 Y95.759 E1452.84219
G1 X109.496 Y95.74 E1453.34614
G1 X110.607 Y95.66 E1453.80923
G1 X111.754 Y95.511 E1454.29011
G1 X112.893 Y95.305 E1454.77133
G1 X113.979 Y95.042 E1455.23589
G1 X115.08 Y94.713 E1455.71363
G1 X116.18 Y94.32 E1456.19927
G1 X117.234 Y93.873 E1456.67525
G1 X118.241 Y93.384 E1457.14066
G1 X119.244 Y92.824 E1457.61826
G1 X120.207 Y92.216 E1458.09174
G1 X121.142 Y91.552 E1458.56852
G1 X122.052 Y90.826 E1459.05251
G1 X122.908 Y90.069 E1459.52759
G1 X123.704 Y89.281 E1459.99326
G1 X124.488 Y88.413 E1460.47955
G1 X125.194 Y87.543 E1460.94536
G1 X125.861 Y86.62 E1461.41881
G1 X126.496 Y85.633 E1461.90675
G1 X127.061 Y84.64 E1462.38174
G1 X127.561 Y83.641 E1462.84619
G1 X128.019 Y82.584 E1463.32512
G1 X128.42 Y81.494 E1463.80798
G1 X128.752 Y80.426 E1464.27297
G1 X129.035 Y79.291 E1464.75929
G1 X129.252 Y78.169 E1465.23441
G1 X129.405 Y77.036 E1465.70973
G1 X129.497 Y75.916 E1466.17694
G1 X129.531 Y74.749 E1466.66233
G1 X129.497 Y73.609 E1467.1365
G1 X129.405 Y72.492 E1467.60246
G1 X129.252 Y71.359 E1468.07779
G1 X129.035 Y70.237 E1468.5529
G1 X128.752 Y69.102 E1469.03923
G1 X128.42 Y68.033 E1469.50461
G1 X128.027 Y66.96 E1469.97969
G1 X127.561 Y65.887 E1470.46605
G1 X127.061 Y64.883 E1470.93236
G1 X126.496 Y63.891 E1471.40699
G1 X125.861 Y62.904 E1471.89492
G1 X125.194 Y61.981 E1472.36837
G1 X124.489 Y61.112 E1472.8336
G1 X123.701 Y60.244 E1473.321
G1 X122.907 Y59.458 E1473.7855
G1 X122.051 Y58.697 E1474.26169
G1 X121.138 Y57.968 E1474.74743
G1 X120.203 Y57.308 E1475.22324
G1 X119.244 Y56.7 E1475.69533
G1 X118.237 Y56.14 E1476.17437
G1 X117.233 Y55.651 E1476.63866
G1 X116.18 Y55.205 E1477.1141
G1 X115.076 Y54.811 E1477.60144
G1 X113.979 Y54.482 E1478.07759
G1 X112.885 Y54.219 E1478.54538
G1 X111.753 Y54.013 E1479.02374
G1 X110.607 Y53.864 E1479.5042
G1 X109.495 Y53.784 E1479.96772
G1 X108.342 Y53.765 E1480.44714
G1 X107.187 Y53.807 E1480.92765
G1 X106.039 Y53.91 E1481.40685
G1 X104.937 Y54.074 E1481.87006
G1 X103.798 Y54.303 E1482.35307
G1 X102.691 Y54.593 E1482.82884
G1 X101.61 Y54.937 E1483.30048
G1 X100.533 Y55.346 E1483.77944
G1 X99.475 Y55.816 E1484.26076
G1 X98.481 Y56.322 E1484.72448
G1 X97.496 Y56.899 E1485.19908
G1 X96.516 Y57.542 E1485.68639
G1 X95.616 Y58.205 E1486.15113
G1 X94.714 Y58.95 E1486.63752
G1 X93.89 Y59.709 E1487.10328
G1 X93.077 Y60.546 E1487.5884
G1 X92.266 Y61.473 E1488.10047
G1 X92.135 Y61.583 E1488.17159
G1 X92.005 Y61.66 E1488.23441
G1 X91.848 Y61.722 E1488.30459
G1 X91.635 Y61.762 E1488.39469
G1 X44.532 Y61.764 E1507.97784
G1 X44.532 Y87.764 E1518.78739
G1 X91.635 Y87.766 E1538.37054
G1 X91.848 Y87.806 E1538.46064
G1 X92.004 Y87.868 E1538.53043
G1 X92.135 Y87.945 E1538.59361
G1 X92.202 Y87.996 E1538.62862
G1 X92.313 Y88.105 E1538.69329
G0 X92.971 Y88.857
G1 F2400 E1523.69329
G0 F600 X110.198 Y91.78
;TYPE:SKIN
G1 F900 E1541.69502
G1 F600 X109.337 Y91.84 E1542.05385
G1 X108.332 Y91.855 E1542.47173
G1 X107.429 Y91.821 E1542.84742
G1 X106.478 Y91.734 E1543.24445
G1 X105.62 Y91.61 E1543.60487
G1 X104.673 Y91.416 E1544.00676
G1 X103.746 Y91.178 E1544.40466
G1 X102.91 Y90.911 E1544.76953
G1 X102.034 Y90.579 E1545.15901
G1 X101.144 Y90.181 E1545.56434
G1 X100.361 Y89.782 E1545.9297
G1 X99.548 Y89.306 E1546.32138
G1 X98.731 Y88.77 E1546.72762
G1 X98.024 Y88.251 E1547.09226
G1 X97.273 Y87.629 E1547.49767
G1 X96.599 Y87.011 E1547.87785
G1 X95.945 Y86.335 E1548.2689
G1 X95.246 Y85.534 E1548.71089
G1 X95.018 Y85.291 E1548.84942
G1 X94.666 Y84.971 E1549.0472
G1 X94.401 Y84.77 E1549.18548
G1 X93.733 Y84.37 E1549.50919
G1 X93.38 Y84.215 E1549.66947
G1 X92.963 Y84.068 E1549.8533
G1 X92.331 Y83.925 E1550.1227
G1 X91.932 Y83.878 E1550.28973
G1 X91.583 Y83.864 E1550.43494
G1 X48.432 Y83.864 E1568.37504
G1 X48.432 Y65.664 E1575.94172
G1 X91.583 Y65.664 E1593.88182
G1 X91.932 Y65.65 E1594.02704
G1 X92.334 Y65.603 E1594.19531
G1 X93.012 Y65.443 E1594.48493
G1 X93.387 Y65.308 E1594.65063
G1 X93.734 Y65.154 E1594.80847
G1 X94.372 Y64.773 E1595.11742
G1 X94.715 Y64.512 E1595.29661
G1 X95.046 Y64.205 E1595.4843
G1 X95.226 Y64.012 E1595.59402
G1 X95.937 Y63.197 E1596.04368
G1 X96.619 Y62.493 E1596.45119
G1 X97.267 Y61.898 E1596.81694
G1 X98.024 Y61.269 E1597.22613
G1 X98.73 Y60.751 E1597.59018
G1 X99.55 Y60.215 E1597.99747
G1 X100.361 Y59.742 E1598.3878
G1 X101.14 Y59.343 E1598.75168
G1 X102.021 Y58.95 E1599.15275
G1 X102.906 Y58.617 E1599.54587
G1 X103.764 Y58.341 E1599.92059
G1 X104.679 Y58.102 E1600.31377
G1 X105.616 Y57.91 E1600.71142
G1 X106.485 Y57.786 E1601.07637
G1 X107.425 Y57.699 E1601.46884
G1 X108.386 Y57.665 E1601.86863
G1 X109.335 Y57.68 E1602.26323
G1 X110.198 Y57.744 E1602.62301
G1 X111.153 Y57.869 E1603.02344
G1 X112.088 Y58.039 E1603.41854
G1 X112.947 Y58.246 E1603.78589
G1 X113.862 Y58.52 E1604.183
G1 X114.747 Y58.832 E1604.57313
G1 X115.352 Y59.091 E1604.84674
G1 X115.367 Y59.08 E1604.85447
G1 X116.421 Y59.591 E1605.34146
G1 X117.244 Y60.052 E1605.73365
G1 X118.045 Y60.557 E1606.12732
G1 X118.794 Y61.084 E1606.50808
G1 X119.522 Y61.668 E1606.8961
G1 X120.243 Y62.31 E1607.29747
G1 X120.873 Y62.933 E1607.66583
G1 X121.536 Y63.664 E1608.07613
G1 X122.12 Y64.383 E1608.46123
G1 X122.636 Y65.103 E1608.82951
G1 X123.163 Y65.922 E1609.23441
G1 X123.621 Y66.73 E1609.62055
G1 X124.017 Y67.523 E1609.98907
G1 X124.407 Y68.424 E1610.39724
G1 X124.72 Y69.274 E1610.77383
G1 X124.989 Y70.139 E1611.15045
G1 X125.223 Y71.066 E1611.54794
G1 X125.404 Y72.004 E1611.94511
G1 X125.525 Y72.922 E1612.33007
G1 X125.597 Y73.813 E1612.70171
G1 X125.627 Y74.737 E1613.08607
G1 X125.597 Y75.708 E1613.48995
G1 X125.525 Y76.604 E1613.86367
G1 X125.4 Y77.521 E1614.24844
G1 X125.223 Y78.444 E1614.63917
G1 X124.988 Y79.387 E1615.04321
G1 X124.728 Y80.226 E1615.40839
G1 X124.391 Y81.136 E1615.81184
G1 X124.028 Y81.979 E1616.19343
G1 X123.624 Y82.789 E1616.56975
G1 X123.152 Y83.621 E1616.96744
G1 X122.646 Y84.407 E1617.35608
G1 X122.089 Y85.175 E1617.75052
G1 X121.532 Y85.865 E1618.11919
G1 X120.873 Y86.591 E1618.52683
G1 X120.248 Y87.209 E1618.89225
G1 X119.548 Y87.83 E1619.28129
G1 X118.786 Y88.436 E1619.68607
G1 X118.027 Y88.977 E1620.07358
G1 X117.261 Y89.46 E1620.45007
G1 X116.42 Y89.929 E1620.85041
G1 X115.634 Y90.313 E1621.2141
G1 X114.764 Y90.68 E1621.60667
G1 X113.859 Y91.005 E1622.00645
G1 X112.946 Y91.278 E1622.40264
G1 X112.094 Y91.485 E1622.76717
G1 X111.157 Y91.651 E1623.16279
G1 X110.198 Y91.78 E1623.56509
G1 F2400 E1608.56509
G0 F600 X109.455 Y86.616
G1 F900 E1626.56682
G1 F600 X110.984 Y86.413 E1627.20808
G1 X111.35 Y86.316 E1627.3655
G1 X112.803 Y85.866 E1627.99789
G1 X113.045 Y85.77 E1628.10613
G1 X113.342 Y85.632 E1628.24229
G1 X114.562 Y85.012 E1628.81124
G1 X114.814 Y84.867 E1628.93212
G1 X115.096 Y84.675 E1629.07396
G1 X116.207 Y83.851 E1629.64903
G1 X116.375 Y83.708 E1629.74076
G1 X116.626 Y83.474 E1629.88342
G1 X117.61 Y82.452 E1630.47325
G1 X117.94 Y82.048 E1630.69013
G1 X118.735 Y80.866 E1631.28236
G1 X119.012 Y80.386 E1631.51277
G1 X119.614 Y79.068 E1632.11518
G1 X119.714 Y78.824 E1632.22481
G1 X119.824 Y78.511 E1632.36275
G1 X120.16 Y77.23 E1632.91334
G1 X120.243 Y76.866 E1633.06856
G1 X120.288 Y76.595 E1633.18277
G1 X120.428 Y74.908 E1633.88655
G1 X120.416 Y74.401 E1634.0974
G1 X120.27 Y72.754 E1634.78483
G1 X120.182 Y72.373 E1634.9474
G1 X119.792 Y70.91 E1635.57688
G1 X119.634 Y70.497 E1635.76073
G1 X119.006 Y69.118 E1636.3907
G1 X118.749 Y68.677 E1636.60291
G1 X118.038 Y67.621 E1637.13218
G1 X117.808 Y67.309 E1637.29333
G1 X117.629 Y67.092 E1637.41028
G1 X116.639 Y66.056 E1638.00604
G1 X116.409 Y65.836 E1638.13837
G1 X116.241 Y65.695 E1638.22955
G1 X115.112 Y64.856 E1638.81435
G1 X114.814 Y64.653 E1638.96426
G1 X114.55 Y64.498 E1639.09154
G1 X113.374 Y63.906 E1639.63892
G1 X113.012 Y63.736 E1639.80519
G1 X112.789 Y63.652 E1639.90426
G1 X111.163 Y63.155 E1640.61115
G1 X110.876 Y63.095 E1640.73305
G1 X109.19 Y62.878 E1641.43979
G1 X108.914 Y62.868 E1641.55461
G1 X107.427 Y62.92 E1642.17321
G1 X107.097 Y62.95 E1642.31098
G1 X106.607 Y63.029 E1642.51733
G1 X105.21 Y63.335 E1643.1119
G1 X104.738 Y63.49 E1643.31845
G1 X103.508 Y63.978 E1643.8686
G1 X103.144 Y64.145 E1644.0351
G1 X102.927 Y64.265 E1644.13819
G1 X101.689 Y65.03 E1644.74323
G1 X101.268 Y65.336 E1644.95961
G1 X100.183 Y66.288 E1645.55973
G1 X99.807 Y66.665 E1645.78109
G1 X98.791 Y67.919 E1646.45209
G1 X98.671 Y68.091 E1646.53928
G1 X98.465 Y68.425 E1646.70243
G1 X97.853 Y69.52 E1647.22396
G1 X97.697 Y69.833 E1647.36935
G1 X97.559 Y70.168 E1647.51999
G1 X97.132 Y71.372 E1648.0511
G1 X97.016 Y71.749 E1648.21509
G1 X96.932 Y72.128 E1648.37648
G1 X96.689 Y73.583 E1648.98978
G1 X96.66 Y73.952 E1649.14366
G1 X96.663 Y75.647 E1649.84836
G1 X96.689 Y75.937 E1649.96942
G1 X96.933 Y77.397 E1650.58483
G1 X97.013 Y77.765 E1650.7414
G1 X97.133 Y78.152 E1650.90986
G1 X97.524 Y79.264 E1651.39992
G1 X97.699 Y79.691 E1651.59177
G1 X97.862 Y80.02 E1651.74442
G1 X98.442 Y81.06 E1652.2395
G1 X98.638 Y81.383 E1652.39658
G1 X98.876 Y81.712 E1652.5654
G1 X99.67 Y82.694 E1653.09043
G1 X99.945 Y83.004 E1653.26271
G1 X100.181 Y83.232 E1653.39914
G1 X101.246 Y84.167 E1653.98834
G1 X101.65 Y84.47 E1654.1983
G1 X102.905 Y85.244 E1654.81132
G1 X103.344 Y85.474 E1655.01736
G1 X104.665 Y86.008 E1655.60975
G1 X104.95 Y86.11 E1655.7356
G1 X105.41 Y86.238 E1655.93411
G1 X106.592 Y86.491 E1656.43666
G1 X107.086 Y86.57 E1656.64465
G1 X107.42 Y86.6 E1656.78407
G1 X108.62 Y86.652 E1657.28344
G1 X109.081 Y86.647 E1657.47511
G1 X109.455 Y86.616 E1657.63114
G1 F2400 E1642.63114
G0 F600 X119.802 Y81.017
G1 F900 E1660.63286
G1 F600 X124.548 Y76.271 E1663.42333
G0 X124.563 Y73.427
G1 X121.282 Y76.708 E1665.35243
G0 X121.367 Y73.794
G1 X124.172 Y70.989 E1667.00166
G0 X123.495 Y68.838
G1 X120.952 Y71.381 E1668.49685
G0 X120.193 Y69.312
G1 X122.581 Y66.923 E1669.9012
G0 X121.475 Y65.201
G1 X119.167 Y67.509 E1671.25821
G0 X117.91 Y65.938
G1 X120.185 Y63.663 E1672.59582
G0 X118.716 Y62.303
G1 X116.43 Y64.589 E1673.93991
G0 X114.725 Y63.466
G1 X117.068 Y61.123 E1675.3175
G0 X115.236 Y60.127
G1 X112.762 Y62.6 E1676.77182
G0 X110.495 Y62.039
G1 X113.176 Y59.358 E1678.34815
G0 X110.866 Y58.84
G1 X107.798 Y61.907 E1680.15172
G0 X108.204 Y58.673
G1 X104.284 Y62.593 E1682.45653
G0 X104.991 Y59.058
G1 X81.184 Y82.865 E1696.45413
G0 X84.012 Y82.865
G1 X96.38 Y70.497 E1703.72604
G0 X95.66 Y74.046
G1 X86.84 Y82.865 E1708.91157
G0 X89.669 Y82.865
G1 X95.807 Y76.727 E1712.52048
G0 X96.369 Y78.993
G1 X92.433 Y82.929 E1714.8347
G0 X94.518 Y83.673
G1 X97.238 Y80.953 E1716.43395
G0 X98.359 Y82.661
G1 X96.066 Y84.953 E1717.78186
G0 X97.43 Y86.418
G1 X99.705 Y84.143 E1719.11947
G0 X101.268 Y85.408
G1 X98.97 Y87.706 E1720.4706
G0 X100.689 Y88.815
G1 X103.065 Y86.44 E1721.86731
G0 X105.135 Y87.198
G1 X102.606 Y89.727 E1723.35426
G0 X104.756 Y90.405
G1 X107.555 Y87.606 E1724.99997
G0 X110.507 Y87.483
G1 X107.194 Y90.796 E1726.94788
G0 X110.029 Y90.79
G1 X114.816 Y86.003 E1729.76246
G1 X115.169 Y85.65
G1 F2400 E1714.76246
G0 F600 X113.617 Y90.03
G1 F900 E1732.76418
G1 F600 X123.798 Y79.849 E1738.75022
G1 X124.151 Y79.496
G1 F2400 E1723.75022
G0 F600 X100.263 Y60.957
G1 F900 E1741.75195
G1 F600 X78.355 Y82.865 E1754.63301
G0 X75.527 Y82.865
G1 X91.734 Y66.658 E1764.16211
G0 X88.9 Y66.663
G1 X72.698 Y82.865 E1773.68826
G0 X69.871 Y82.864
G1 X86.072 Y66.663 E1783.21383
G0 X83.243 Y66.663
G1 X67.042 Y82.864 E1792.7394
G0 X64.214 Y82.864
G1 X80.415 Y66.663 E1802.26496
G0 X77.587 Y66.663
G1 X61.385 Y82.864 E1811.79083
G0 X58.557 Y82.864
G1 X74.758 Y66.663 E1821.31639
G0 X71.93 Y66.663
G1 X55.728 Y82.864 E1830.84225
G0 X52.9 Y82.864
G1 X69.101 Y66.663 E1840.36782
G0 X66.273 Y66.663
G1 X50.072 Y82.864 E1849.89339
G0 X49.432 Y80.676
G1 X63.444 Y66.663 E1858.1322
G0 X60.616 Y66.663
G1 X49.432 Y77.848 E1864.70826
G0 X49.432 Y75.019
G1 X57.788 Y66.663 E1869.62127
G0 X54.959 Y66.663
G1 X49.432 Y72.191 E1872.87122
G0 X49.432 Y69.362
G1 X52.131 Y66.663 E1874.45813
;TIME_ELAPSED:2632.637593
G1 F2400 E1859.45813
M107
M104 S0 ; turn off temperature
G28 X0  ; home X axis
M84     ; disable motors
M82 ;absolute extrusion mode
M104 S0
;End of Gcode
;SETTING_3 {"global_quality": "[general]\\nversion = 4\\nname = KUKA_raft_45cros
;SETTING_3 s\\ndefinition = custom\\n\\n[metadata]\\ntype = quality_changes\\nqu
;SETTING_3 ality_type = high\\nsetting_version = 27\\n\\n[values]\\nacceleration
;SETTING_3 _enabled = False\\nadhesion_extruder_nr = 1\\nadhesion_type = raft\\n
;SETTING_3 bottom_layers = 1\\nbottom_thickness = 0.5\\nbridge_settings_enabled 
;SETTING_3 = True\\ncool_fan_enabled = True\\ncool_fan_full_at_height = 0\\ncool
;SETTING_3 _fan_full_layer = 1\\ncool_fan_speed = 100\\ncool_fan_speed_0 = 100\\
;SETTING_3 ncool_fan_speed_max = 100\\ncool_fan_speed_min = 100\\nflooring_extru
;SETTING_3 der_nr = 1\\ninfill_angles = [45,-45]\\ninfill_extruder_nr = 1\\ninfi
;SETTING_3 ll_line_width = 2\\ninfill_pattern = lines\\ninfill_sparse_density = 
;SETTING_3 100\\ninfill_start_end_preference = start_closest\\njerk_enabled = Fa
;SETTING_3 lse\\nlayer_height = 0.5\\nlayer_height_0 = 0.5\\nline_width = 2\\nma
;SETTING_3 terial_bed_temperature = 0\\nmaterial_bed_temperature_layer_0 = 0\\nm
;SETTING_3 aterial_diameter = 1.75\\nmaterial_print_temperature = 250\\nmaterial
;SETTING_3 _print_temperature_layer_0 = 250\\nraft_airgap = 0.4\\nraft_base_extr
;SETTING_3 uder_nr = 1\\nraft_base_flow = 100\\nraft_base_line_spacing = 2\\nraf
;SETTING_3 t_base_line_width = 2\\nraft_base_margin = 20\\nraft_base_speed = 10\
;SETTING_3 \nraft_base_thickness = 0.5\\nraft_interface_extruder_nr = 1\\nraft_i
;SETTING_3 nterface_flow = 100\\nraft_interface_layers = 1\\nraft_interface_line
;SETTING_3 _spacing = 2\\nraft_interface_line_width = 2\\nraft_interface_margin 
;SETTING_3 = 13\\nraft_interface_speed = 10\\nraft_interface_thickness = 0.5\\nr
;SETTING_3 aft_margin = 15\\nraft_surface_extruder_nr = 1\\nraft_surface_flow = 
;SETTING_3 100\\nraft_surface_layers = 1\\nraft_surface_line_spacing = 2\\nraft_
;SETTING_3 surface_line_width = 2\\nraft_surface_margin = 6\\nraft_surface_speed
;SETTING_3  = 10\\nraft_surface_thickness = 0.8\\nrelative_extrusion = False\\nr
;SETTING_3 etraction_combing = off\\nroofing_extruder_nr = 1\\nskirt_brim_extrud
;SETTING_3 er_nr = 1\\nsupport_bottom_extruder_nr = 1\\nsupport_enable = False\\
;SETTING_3 nsupport_extruder_nr = 1\\nsupport_infill_extruder_nr = 1\\nsupport_i
;SETTING_3 nterface_extruder_nr = 1\\nsupport_roof_extruder_nr = 1\\nsupport_str
;SETTING_3 ucture = normal\\nsupport_type = everywhere\\ntop_bottom_extruder_nr 
;SETTING_3 = 1\\ntop_bottom_thickness = 0.5\\ntop_layers = 1\\ntop_thickness = 0
;SETTING_3 .5\\nwall_0_extruder_nr = 1\\nwall_extruder_nr = 1\\nwall_line_count 
;SETTING_3 = 2\\nwall_line_width = 2\\nwall_line_width_0 = 2\\nwall_line_width_x
;SETTING_3  = 2\\nwall_thickness = 4\\nwall_x_extruder_nr = 1\\nzig_zaggify_infi
;SETTING_3 ll = True\\n\\n", "extruder_quality": ["[general]\\nversion = 4\\nnam
;SETTING_3 e = KUKA_raft_45cross\\ndefinition = custom\\n\\n[metadata]\\nsetting
;SETTING_3 _version = 27\\ntype = quality_changes\\nquality_type = high\\npositi
;SETTING_3 on = 0\\n\\n[values]\\nbottom_layers = 1\\nbottom_thickness = 0.5\\nb
;SETTING_3 ridge_fan_speed = 100\\nbridge_skin_speed = 10\\nbridge_wall_speed = 
;SETTING_3 10\\nbrim_width = 10\\ncool_fan_enabled = True\\ncool_fan_full_at_hei
;SETTING_3 ght = 0\\ncool_fan_full_layer = 1\\ncool_fan_speed = 100\\ncool_fan_s
;SETTING_3 peed_0 = 100\\ncool_fan_speed_max = 100\\ncool_fan_speed_min = 100\\n
;SETTING_3 cool_min_layer_time = 0\\ncool_min_speed = 10\\ninfill_angles = [45,-
;SETTING_3 45]\\ninfill_line_width = 2\\ninfill_pattern = lines\\ninfill_sparse_
;SETTING_3 density = 100\\ninfill_start_end_preference = start_closest\\nline_wi
;SETTING_3 dth = 2\\nmaterial_diameter = 1.75\\nmaterial_print_temperature = 250
;SETTING_3 \\nmaterial_print_temperature_layer_0 = 250\\nmeshfix_maximum_resolut
;SETTING_3 ion = 0.0125\\nraft_airgap = 0.4\\nraft_base_fan_speed = 100\\nraft_b
;SETTING_3 ase_flow = 100\\nraft_base_line_spacing = 2\\nraft_base_line_width = 
;SETTING_3 2\\nraft_base_margin = 20\\nraft_base_speed = 10\\nraft_base_thicknes
;SETTING_3 s = 0.5\\nraft_interface_fan_speed = 100\\nraft_interface_flow = 100\
;SETTING_3 \nraft_interface_layers = 1\\nraft_interface_line_spacing = 2\\nraft_
;SETTING_3 interface_line_width = 2\\nraft_interface_margin = 13\\nraft_interfac
;SETTING_3 e_speed = 10\\nraft_interface_thickness = 0.5\\nraft_margin = 15\\nra
;SETTING_3 ft_surface_fan_speed = 100\\nraft_surface_flow = 100\\nraft_surface_l
;SETTING_3 ayers = 1\\nraft_surface_line_spacing = 2\\nraft_surface_line_width =
;SETTING_3  2\\nraft_surface_margin = 6\\nraft_surface_speed = 10\\nraft_surface
;SETTING_3 _thickness = 0.8\\nretract_at_layer_change = True\\nskin_line_width =
;SETTING_3  2\\nskirt_line_count = 0\\nspeed_infill = 10\\nspeed_layer_0 = 10\\n
;SETTING_3 speed_print = 10\\nspeed_print_layer_0 = 10\\nspeed_support = 10\\nsp
;SETTING_3 eed_support_infill = 10\\nspeed_topbottom = 10\\nspeed_travel = 10\\n
;SETTING_3 speed_travel_layer_0 = 10\\nspeed_wall = 10\\nspeed_wall_0 = 10\\nspe
;SETTING_3 ed_wall_x = 10\\nsupport_line_width = 2\\nsupport_pattern = grid\\nsu
;SETTING_3 pport_xy_distance = 1\\nsupport_z_distance = 0.2\\ntop_bottom_pattern
;SETTING_3  = lines\\ntop_bottom_thickness = 0.5\\ntop_layers = 1\\ntop_thicknes
;SETTING_3 s = 0.5\\ntravel_avoid_other_parts = False\\ntravel_avoid_supports = 
;SETTING_3 False\\nwall_line_count = 2\\nwall_line_width = 2\\nwall_line_width_0
;SETTING_3  = 2\\nwall_line_width_x = 2\\nwall_thickness = 4\\nzig_zaggify_infil
;SETTING_3 l = True\\n\\n", "[general]\\nversion = 4\\nname = KUKA_raft_45cross\
;SETTING_3 \ndefinition = custom\\n\\n[metadata]\\nsetting_version = 27\\ntype =
;SETTING_3  quality_changes\\nquality_type = high\\nposition = 1\\n\\n[values]\\
;SETTING_3 nbottom_layers = 1\\nbottom_thickness = 0.5\\nbridge_fan_speed = 100\
;SETTING_3 \nbridge_skin_speed = 10\\nbridge_wall_speed = 10\\nbrim_width = 10\\
;SETTING_3 ncool_fan_enabled = True\\ncool_fan_full_at_height = 0\\ncool_fan_ful
;SETTING_3 l_layer = 1\\ncool_fan_speed = 100\\ncool_fan_speed_0 = 100\\ncool_fa
;SETTING_3 n_speed_max = 100\\ncool_fan_speed_min = 100\\ncool_min_layer_time = 
;SETTING_3 0\\ncool_min_speed = 10\\ninfill_angles = [45,-45]\\ninfill_line_widt
;SETTING_3 h = 2\\ninfill_pattern = lines\\ninfill_sparse_density = 100\\ninfill
;SETTING_3 _start_end_preference = start_closest\\nline_width = 2\\nmaterial_dia
;SETTING_3 meter = 1.75\\nmaterial_flow = 100\\nmaterial_print_temperature = 250
;SETTING_3 \\nmaterial_print_temperature_layer_0 = 250\\nmaterial_type = ABS\\nm
;SETTING_3 eshfix_maximum_resolution = 0.0125\\nraft_airgap = 0.4\\nraft_base_fa
;SETTING_3 n_speed = 100\\nraft_base_flow = 100\\nraft_base_line_spacing = 2\\nr
;SETTING_3 aft_base_line_width = 2\\nraft_base_margin = 20\\nraft_base_speed = 1
;SETTING_3 0\\nraft_base_thickness = 0.5\\nraft_interface_fan_speed = 100\\nraft
;SETTING_3 _interface_flow = 100\\nraft_interface_layers = 1\\nraft_interface_li
;SETTING_3 ne_spacing = 2\\nraft_interface_line_width = 2\\nraft_interface_margi
;SETTING_3 n = 13\\nraft_interface_speed = 10\\nraft_interface_thickness = 0.5\\
;SETTING_3 nraft_margin = 15\\nraft_surface_fan_speed = 100\\nraft_surface_flow 
;SETTING_3 = 100\\nraft_surface_layers = 1\\nraft_surface_line_spacing = 2\\nraf
;SETTING_3 t_surface_line_width = 2\\nraft_surface_margin = 6\\nraft_surface_spe
;SETTING_3 ed = 10\\nraft_surface_thickness = 0.8\\nretract_at_layer_change = Tr
;SETTING_3 ue\\nretraction_amount = 15\\nretraction_enable = True\\nretraction_e
;SETTING_3 xtra_prime_amount = 7.22\\nretraction_hop_enabled = False\\nretractio
;SETTING_3 n_min_travel = 0\\nretraction_prime_speed = 15\\nretraction_retract_s
;SETTING_3 peed = 40\\nretraction_speed = 40\\nskin_line_width = 2\\nskirt_line_
;SETTING_3 count = 0\\nspeed_infill = 10\\nspeed_layer_0 = 10\\nspeed_print = 10
;SETTING_3 \\nspeed_print_layer_0 = 10\\nspeed_support = 10\\nspeed_support_infi
;SETTING_3 ll = 10\\nspeed_topbottom = 10\\nspeed_travel = 10\\nspeed_travel_lay
;SETTING_3 er_0 = 10\\nspeed_wall = 10\\nspeed_wall_0 = 10\\nspeed_wall_x = 10\\
;SETTING_3 nsupport_line_width = 2\\nsupport_pattern = grid\\nsupport_xy_distanc
;SETTING_3 e = 1\\nsupport_z_distance = 0.2\\nswitch_extruder_retraction_amount 
;SETTING_3 = 10\\ntop_bottom_pattern = lines\\ntop_bottom_thickness = 0.5\\ntop_
;SETTING_3 layers = 1\\ntop_thickness = 0.5\\ntravel_avoid_other_parts = False\\
;SETTING_3 ntravel_avoid_supports = False\\nwall_line_count = 2\\nwall_line_widt
;SETTING_3 h = 2\\nwall_line_width_0 = 2\\nwall_line_width_x = 2\\nwall_thicknes
;SETTING_3 s = 4\\nzig_zaggify_infill = True\\n\\n"]}
