; generated by PrusaSlicer 2.9.4 on 2026-06-17 at 04:17:40 UTC

; 

; external perimeters extrusion width = 2.25mm
; perimeters extrusion width = 2.25mm
; infill extrusion width = 2.25mm
; solid infill extrusion width = 2.25mm
; top infill extrusion width = 2.00mm

M104 S250 T1 ; set temperature
;TYPE:Custom
G28 ; home all axes
G1 Z5 F5000 ; lift nozzle
M109 S250 T1 ; set temperature and wait for it to be reached
G21 ; set units to millimeters
G90 ; use absolute coordinates
M82 ; use absolute distances for extrusion
G92 E0
T1
G92 E0
; Filament gcode
M107
;LAYER_CHANGE
;Z:0.5
;HEIGHT:0.5
G92 E0
G1 E-15 F4800
G92 E0
G1 Z.5 F600
G1 X205.663 Y203.549
G1 E16 F1800
;TYPE:Skirt/Brim
;WIDTH:2.25
G1 F600
G1 X212.763 Y197.713 E17.54348
G1 X214.315 Y196.642 E17.86016
G1 X222.29 Y192.072 E19.40379
G1 X223.337 Y191.609 E19.59605
G1 X231.237 Y188.612 E21.01503
G1 X233.048 Y188.088 E21.33164
G1 X242.06 Y186.278 E22.87533
G1 X243.199 Y186.17 E23.06747
G1 X251.642 Y185.83 E24.48653
G1 X252.787 Y185.846 E24.67884
G1 X261.915 Y186.924 E26.22244
G1 X263.762 Y187.302 E26.53905
G1 X271.878 Y189.652 E27.95803
G1 X272.959 Y190.03 E28.15035
G1 X281.275 Y193.943 E29.69381
G1 X282.909 Y194.886 E30.01064
G1 X290.456 Y200.132 E31.5542
G1 X291.323 Y200.879 E31.74639
G1 X297.417 Y206.732 E33.16539
G1 X298.198 Y207.569 E33.35764
G1 X303.744 Y214.899 E34.90128
G1 X304.752 Y216.493 E35.21801
G1 X308.678 Y223.974 E36.63686
G1 X309.155 Y225.016 E36.82932
G1 X312.093 Y233.724 E38.37273
G1 X312.545 Y235.555 E38.68946
G1 X313.995 Y244.698 E40.24412
G1 X314.214 Y249.899 E41.11834
G1 X313.995 Y255.302 E42.02646
G1 X312.545 Y264.445 E43.58112
G1 X312.3 Y265.563 E43.77333
G1 X309.418 Y274.291 E45.31694
G1 X308.678 Y276.025 E45.63356
G1 X304.752 Y283.507 E47.05256
G1 X304.165 Y284.49 E47.24484
G1 X298.668 Y291.856 E48.78837
G1 X297.417 Y293.268 E49.10518
G1 X290.768 Y299.613 E50.64865
G1 X289.863 Y300.314 E50.8409
G1 X282.909 Y305.114 E52.25994
G1 X281.933 Y305.712 E52.45217
G1 X273.642 Y309.679 E53.99573
G1 X271.878 Y310.348 E54.31256
G1 X263.042 Y312.876 E55.85601
G1 X261.915 Y313.076 E56.04823
G1 X253.527 Y314.094 E57.46724
G1 X251.642 Y314.17 E57.78406
G1 X243.199 Y313.83 E59.20312
G1 X241.327 Y313.602 E59.51982
G1 X232.328 Y311.735 E61.06329
G1 X231.237 Y311.388 E61.25556
G1 X222.654 Y308.101 E62.79907
G1 X221.633 Y307.583 E62.99134
G1 X214.315 Y303.358 E64.41044
G1 X213.356 Y302.733 E64.60268
G1 X206.218 Y296.943 E66.14621
G1 X204.858 Y295.637 E66.46286
G1 X198.786 Y288.737 E68.00643
G1 X198.122 Y287.804 E68.19875
G1 X193.606 Y280.663 E69.61769
G1 X192.729 Y278.993 E69.93447
G1 X189.417 Y271.219 E71.35357
G1 X188.82 Y269.431 E71.67014
G1 X186.65 Y260.5 E73.21364
G1 X186.496 Y259.365 E73.406
G1 X185.816 Y250.943 E74.82499
G1 X185.816 Y249.057 E75.14172
G1 X186.585 Y239.898 E76.68529
G1 X186.798 Y238.773 E76.87758
G1 X188.724 Y230.96 E78.22897
G1 X189.418 Y228.78 E78.61318
G1 X192.729 Y221.007 E80.03206
G1 X193.606 Y219.337 E80.34884
G1 X198.543 Y211.585 E81.8923
G1 X199.255 Y210.688 E82.08463
G1 X204.591 Y204.665 E83.43599
G1 X205.455 Y203.765 E83.64551
G1 E68.64551 F4800
G92 E0
G1 X206.999 Y205.249 F600
G1 E16 F1800
G1 F600
G1 X207.147 Y205.094 E16.03599
G1 X214.118 Y199.373 E17.55047
G1 X215.387 Y198.497 E17.80943
G1 X223.208 Y194.008 E19.32386
G1 X231.997 Y190.616 E20.90599
G1 X233.477 Y190.187 E21.16477
G1 X242.318 Y188.405 E22.67938
G1 X251.728 Y187.971 E24.26137
G1 X252.701 Y187.987 E24.4248
G1 X261.656 Y189.051 E25.93927
G1 X263.166 Y189.36 E26.19811
G1 X272.199 Y192.034 E27.78018
G1 X280.357 Y195.879 E29.29477
G1 X281.691 Y196.65 E29.55353
G1 X289.101 Y201.792 E31.06823
G1 X295.933 Y208.278 E32.65029
G1 X296.595 Y208.99 E32.81356
G1 X302.031 Y216.186 E34.32811
G1 X302.854 Y217.488 E34.58679
G1 X307.025 Y225.485 E36.1015
G1 X310.061 Y234.403 E37.68359
G1 X310.43 Y235.899 E37.94236
G1 X311.863 Y244.914 E39.47534
G1 X312.071 Y250.101 E40.34714
G1 X311.863 Y255.086 E41.18504
G1 X310.43 Y264.101 E42.71802
G1 X310.219 Y265.05 E42.88129
G1 X307.385 Y273.612 E44.3959
G1 X306.781 Y275.03 E44.65474
G1 X302.354 Y283.345 E46.23674
G1 X296.955 Y290.569 E47.75132
G1 X295.933 Y291.722 E48.01007
G1 X289.413 Y297.953 E49.52465
G1 X288.645 Y298.55 E49.68801
G1 X280.861 Y303.856 E51.27007
G1 X272.723 Y307.743 E52.78465
G1 X271.282 Y308.289 E53.04344
G1 X262.613 Y310.777 E54.55808
G1 X253.268 Y311.967 E56.14014
G1 X251.729 Y312.029 E56.39881
G1 X243.286 Y311.689 E57.81787
G1 X241.756 Y311.503 E58.07671
G1 X232.924 Y309.677 E59.59132
G1 X231.997 Y309.384 E59.75459
G1 X223.572 Y306.165 E61.26923
G1 X215.387 Y301.502 E62.85123
G1 X214.574 Y300.969 E63.01449
G1 X207.573 Y295.283 E64.52915
G1 X206.462 Y294.216 E64.78784
G1 X200.498 Y287.45 E66.30253
G1 X195.417 Y279.518 E67.88449
G1 X194.701 Y278.153 E68.14335
G1 X191.389 Y270.38 E69.5623
G1 X190.901 Y268.918 E69.82114
G1 X188.7 Y259.758 E71.40325
G1 X187.952 Y250.77 E72.9179
G1 X187.952 Y249.229 E73.17669
G1 X188.7 Y240.242 E74.69118
G1 X190.804 Y231.473 E76.20563
G1 X191.389 Y229.62 E76.53196
G1 X194.701 Y221.847 E77.95091
G1 X195.417 Y220.482 E78.20977
G1 X200.256 Y212.872 E79.72428
G1 X206.195 Y206.086 E81.23873
G1 X206.791 Y205.465 E81.38328
G1 E66.38328 F4800
G92 E0
G1 X213.204 Y211.558 F600
G1 E16 F1800
G1 F600
G1 X219.915 Y206.11 E17.45166
G1 X227.271 Y201.885 E18.87629
G1 X235.03 Y198.938 E20.27015
G1 X243.494 Y197.185 E21.72175
G1 X252.235 Y196.833 E23.19089
G1 X260.812 Y197.899 E24.64239
G1 X268.784 Y200.212 E26.03641
G1 X276.456 Y203.832 E27.46106
G1 X283.583 Y208.722 E28.9126
G1 X289.892 Y214.782 E30.38173
G1 X295.065 Y221.707 E31.83336
G1 X298.991 Y229.227 E33.25801
G1 X301.623 Y237.098 E34.6518
G1 X303.047 Y245.782 E36.12966
G1 X303.213 Y249.999 E36.83841
G1 X303.047 Y254.217 E37.54733
G1 X301.645 Y262.824 E39.01183
G1 X298.885 Y271.015 E40.46341
G1 X295.025 Y278.363 E41.85733
G1 X289.943 Y285.156 E43.28206
G1 X283.726 Y291.161 E44.73365
G1 X276.527 Y296.13 E46.20268
G1 X268.708 Y299.814 E47.65425
G1 X260.48 Y302.169 E49.09154
G1 X252.315 Y303.16 E50.47282
G1 X243.757 Y302.843 E51.91103
G1 X235.283 Y301.138 E53.36267
G1 X227.271 Y298.115 E54.80079
G1 X219.695 Y293.742 E56.26984
G1 X213.015 Y288.256 E57.7215
G1 X207.36 Y281.832 E59.15879
G1 X202.965 Y274.881 E60.5399
G1 X199.582 Y267.014 E61.97805
G1 X197.49 Y258.627 E63.42971
G1 X196.789 Y249.828 E64.91209
G1 X197.505 Y241.299 E66.34948
G1 X199.473 Y233.314 E67.7306
G1 X202.804 Y225.425 E69.16873
G1 X207.403 Y218.106 E70.62039
G1 X213.005 Y211.783 E72.03908
G1 E57.03908 F4800
G92 E0
G1 X214.59 Y213.197 F600
G1 E16 F1800
G1 F600
G1 X220.953 Y207.994 E17.38036
G1 X228.145 Y203.841 E18.77509
G1 X235.832 Y200.933 E20.15532
G1 X243.801 Y199.306 E21.52123
G1 X252.013 Y198.968 E22.90151
G1 X260.173 Y199.952 E24.28182
G1 X268.15 Y202.263 E25.67656
G1 X275.498 Y205.749 E27.0424
G1 X282.266 Y210.413 E28.42276
G1 X288.199 Y216.101 E29.80307
G1 X293.142 Y222.668 E31.18343
G1 X297.001 Y230.021 E32.57802
G1 X299.597 Y237.819 E33.95827
G1 X300.908 Y245.933 E35.3386
G1 X301.07 Y249.957 E36.01493
G1 X300.908 Y254.067 E36.7057
G1 X299.597 Y262.181 E38.08603
G1 X297.001 Y269.978 E39.46612
G1 X293.188 Y277.259 E40.84641
G1 X288.199 Y283.899 E42.24121
G1 X282.266 Y289.587 E43.62152
G1 X275.573 Y294.207 E44.98732
G1 X268.15 Y297.737 E46.36771
G1 X260.258 Y300.031 E47.74794
G1 X252.013 Y301.032 E49.14276
G1 X243.801 Y300.694 E50.52304
G1 X235.75 Y299.043 E51.90325
G1 X228.067 Y296.122 E53.28363
G1 X221.024 Y292.055 E54.64946
G1 X214.653 Y286.863 E56.02969
G1 X209.197 Y280.715 E57.41012
G1 X204.758 Y273.696 E58.80483
G1 X201.543 Y266.132 E60.1851
G1 X199.583 Y258.15 E61.56541
G1 X198.929 Y250.043 E62.93131
G1 X199.583 Y241.85 E64.31161
G1 X201.571 Y233.786 E65.70642
G1 X204.799 Y226.228 E67.08662
G1 X209.145 Y219.354 E68.4524
G1 X214.392 Y213.422 E69.78241
G1 E54.78241 F4800
G92 E0
G1 X216.035 Y214.878 F600
G1 E16 F1800
G92 E0
;TYPE:External perimeter
G1 F600
G1 X216.146 Y214.754 E.02795
G1 X222.238 Y209.78 E1.34874
G1 X229.049 Y205.847 E2.66958
G1 X236.403 Y203.058 E3.99044
G1 X244.109 Y201.485 E5.31126
G1 X251.968 Y201.168 E6.63217
G1 X259.666 Y202.103 E7.93447
G1 X259.775 Y202.116 E7.95291
G1 X267.33 Y204.304 E9.27383
G1 X274.436 Y207.676 E10.59475
G1 X280.908 Y212.144 E11.9155
G1 X286.581 Y217.592 E13.2364
G1 X291.306 Y223.88 E14.55731
G1 X294.961 Y230.844 E15.87813
G1 X297.451 Y238.304 E17.1989
G1 X298.716 Y246.09 E18.52362
G1 X298.874 Y250 E19.1808
G1 X298.716 Y253.91 E19.83798
G1 X297.451 Y261.696 E21.1627
G1 X294.961 Y269.156 E22.48347
G1 X291.306 Y276.12 E23.80429
G1 X286.581 Y282.408 E25.1252
G1 X280.908 Y287.856 E26.4461
G1 X274.436 Y292.324 E27.76685
G1 X267.33 Y295.695 E29.0877
G1 X259.775 Y297.884 E30.40866
G1 X251.968 Y298.832 E31.72939
G1 X244.109 Y298.515 E33.0503
G1 X236.403 Y296.942 E34.37112
G1 X229.049 Y294.153 E35.69198
G1 X222.238 Y290.22 E37.01282
G1 X216.231 Y285.316 E38.31511
G1 X216.146 Y285.246 E38.3336
G1 X210.93 Y279.359 E39.6545
G1 X206.727 Y272.712 E40.97523
G1 X203.644 Y265.476 E42.29614
G1 X201.761 Y257.839 E43.6171
G1 X201.137 Y250.11 E44.91932
G1 X201.129 Y250 E44.93784
G1 X201.761 Y242.16 E46.25875
G1 X203.644 Y234.524 E47.57955
G1 X206.727 Y227.288 E48.90046
G1 X210.93 Y220.641 E50.22119
G1 X215.837 Y215.103 E51.4638
G1 X217.344 Y213.788
G1 E36.4638 F4800
G92 E0
G1 X217.44 Y216.524 F600
G1 E16 F1800
;TYPE:Perimeter
G1 F600
G1 X217.635 Y216.304 E16.04937
G1 X223.459 Y211.549 E17.31203
G1 X229.971 Y207.789 E18.57486
G1 X237.001 Y205.123 E19.83752
G1 X244.368 Y203.619 E21.10025
G1 X251.881 Y203.316 E22.363
G1 X259.345 Y204.223 E23.62572
G1 X266.568 Y206.314 E24.88855
G1 X273.361 Y209.538 E26.15132
G1 X279.549 Y213.809 E27.41402
G1 X284.972 Y219.018 E28.67683
G1 X289.489 Y225.029 E29.93956
G1 X292.983 Y231.687 E31.20231
G1 X295.364 Y238.819 E32.46503
G1 X296.581 Y246.306 E33.73889
G1 X296.73 Y250 E34.35976
G1 X296.581 Y253.694 E34.98063
G1 X295.364 Y261.181 E36.25449
G1 X292.983 Y268.313 E37.51721
G1 X289.489 Y274.971 E38.77996
G1 X284.972 Y280.982 E40.04269
G1 X279.549 Y286.191 E41.3055
G1 X273.361 Y290.462 E42.5682
G1 X266.568 Y293.685 E43.8309
G1 X259.345 Y295.777 E45.09378
G1 X251.881 Y296.684 E46.3565
G1 X244.368 Y296.381 E47.61925
G1 X237.001 Y294.877 E48.88198
G1 X229.971 Y292.211 E50.14464
G1 X223.459 Y288.451 E51.40747
G1 X217.635 Y283.696 E52.67013
G1 X212.649 Y278.068 E53.93285
G1 X208.63 Y271.713 E55.19562
G1 X205.683 Y264.795 E56.45844
G1 X203.883 Y257.495 E57.72111
G1 X203.278 Y250 E58.98391
G1 X203.883 Y242.505 E60.24671
G1 X205.683 Y235.205 E61.50938
G1 X208.63 Y228.287 E62.7722
G1 X212.649 Y221.932 E64.03497
G1 X217.241 Y216.748 E65.198
G1 E50.198 F4800
G92 E0
G1 X218.845 Y218.169 F600
G1 E16 F1800
G1 F600
G1 X219.124 Y217.855 E16.07054
G1 X224.68 Y213.318 E17.27518
G1 X230.892 Y209.731 E18.47985
G1 X237.599 Y207.188 E19.68446
G1 X244.627 Y205.753 E20.88909
G1 X251.795 Y205.464 E22.09385
G1 X258.915 Y206.329 E23.29837
G1 X265.805 Y208.324 E24.503
G1 X272.286 Y211.399 E25.70771
G1 X278.189 Y215.474 E26.91233
G1 X283.363 Y220.443 E28.11707
G1 X287.672 Y226.178 E29.32176
G1 X291.005 Y232.529 E30.52629
G1 X293.277 Y239.333 E31.73097
G1 X294.445 Y246.521 E32.95395
G1 X294.585 Y250 E33.53868
G1 X294.445 Y253.478 E34.12324
G1 X293.277 Y260.667 E35.34638
G1 X291.005 Y267.471 E36.55106
G1 X287.672 Y273.822 E37.75559
G1 X283.363 Y279.557 E38.96028
G1 X278.189 Y284.526 E40.16502
G1 X272.286 Y288.6 E41.36954
G1 X265.805 Y291.675 E42.57425
G1 X258.915 Y293.671 E43.77893
G1 X251.795 Y294.536 E44.98345
G1 X244.627 Y294.247 E46.18821
G1 X237.599 Y292.812 E47.39284
G1 X230.892 Y290.269 E48.59745
G1 X224.68 Y286.682 E49.80212
G1 X219.124 Y282.145 E51.00676
G1 X214.367 Y276.776 E52.21142
G1 X210.533 Y270.714 E53.41599
G1 X207.722 Y264.114 E54.62073
G1 X206.005 Y257.15 E55.82528
G1 X205.428 Y250 E57.02995
G1 X206.005 Y242.85 E58.23462
G1 X207.722 Y235.885 E59.43933
G1 X210.533 Y229.286 E60.64392
G1 X214.367 Y223.224 E61.84849
G1 X218.646 Y218.393 E62.93229
G1 E47.93229 F4800
G92 E0
G1 X287.009 Y226.366 F600
G1 E16 F1800
;TYPE:Solid infill
;WIDTH:2.25315
G1 F600
G1 X282.152 Y221.509 E17.15524
G1 X277.17 Y216.723 E18.31714
G1 X271.48 Y212.796 E19.47991
G1 X269.433 Y211.825 E19.86096
G1 X288.144 Y230.535 E24.31127
G1 X289.522 Y233.161 E24.81004
G1 X290.418 Y235.844 E25.28578
G1 X264.068 Y209.494 E31.55315
G1 X259.796 Y208.257 E32.30116
G1 X291.799 Y240.26 E39.9131
G1 X292.388 Y243.884 E40.5306
G1 X256.112 Y207.607 E49.159
G1 X252.658 Y207.188 E49.74417
G1 X292.872 Y247.402 E59.30911
G1 X292.977 Y250 E59.74641
G1 X292.956 Y250.521 E59.83411
G1 X249.596 Y207.161 E70.14733
G1 X246.679 Y207.279 E70.63833
G1 X292.826 Y253.425 E81.61432
G1 X292.401 Y256.036 E82.05923
G1 X243.906 Y207.54 E93.59393
G1 X241.386 Y208.055 E94.02652
G1 X291.977 Y258.646 E106.05964
G1 X291.711 Y260.281 E106.33824
G1 X291.427 Y261.131 E106.48897
G1 X238.866 Y208.569 E118.99077
G1 X238.048 Y208.736 E119.13118
G1 X236.562 Y209.3 E119.3985
G1 X290.668 Y263.406 E132.26767
G1 X289.908 Y265.681 E132.67108
G1 X234.361 Y210.134 E145.88299
G1 X232.161 Y210.969 E146.27875
G1 X289.009 Y267.817 E159.8001
G1 X287.964 Y269.807 E160.17813
G1 X230.165 Y212.007 E173.9258
G1 X228.241 Y213.118 E174.29946
G1 X286.92 Y271.797 E188.25632
G1 X286.309 Y272.96 E188.47727
G1 X285.768 Y273.68 E188.62874
G1 X226.317 Y214.229 E202.76922
G1 X225.596 Y214.645 E202.90922
G1 X224.551 Y215.498 E203.13609
G1 X284.466 Y275.413 E217.38693
G1 X283.164 Y277.145 E217.75136
G1 X222.881 Y216.862 E232.08973
G1 X221.21 Y218.226 E232.45251
G1 X281.807 Y278.823 E246.86557
G1 X280.259 Y280.309 E247.22647
G1 X219.642 Y219.693 E261.64416
G1 X218.217 Y221.302 E262.00564
G1 X278.711 Y281.796 E276.3942
G1 X277.162 Y283.282 E276.75522
G1 X216.791 Y222.911 E291.11452
G1 X215.656 Y224.192 E291.40237
G1 X215.416 Y224.571 E291.47782
G1 X275.367 Y284.521 E305.73711
G1 X273.571 Y285.761 E306.10417
G1 X214.241 Y226.43 E320.21599
G1 X213.065 Y228.289 E320.58596
G1 X271.776 Y287 E334.55043
G1 X271.48 Y287.204 E334.61089
G1 X269.761 Y288.02 E334.93092
G1 X211.906 Y230.165 E348.69179
G1 X210.999 Y232.293 E349.08084
G1 X267.703 Y288.996 E362.56782
G1 X265.645 Y289.973 E362.95097
G1 X210.093 Y234.421 E376.16407
G1 X209.251 Y236.396 E376.52516
G1 X209.208 Y236.571 E376.55547
G1 X263.351 Y290.713 E389.43332
G1 X260.998 Y291.395 E389.84535
G1 X208.608 Y239.005 E402.30636
G1 X208.008 Y241.44 E402.72814
G1 X258.644 Y292.077 E414.77208
G1 X255.946 Y292.413 E415.22935
G1 X207.525 Y243.992 E426.74633
G1 X207.299 Y246.8 E427.22012
G1 X253.24 Y292.741 E438.14723
G1 X251.73 Y292.925 E438.40307
G1 X250.332 Y292.869 E438.63838
G1 X207.072 Y249.608 E448.92793
G1 X207.04 Y250 E448.99408
G1 X207.27 Y252.84 E449.47329
G1 X247.17 Y292.741 E458.96366
G1 X244.822 Y292.646 E459.35888
G1 X243.841 Y292.446 E459.52726
G1 X207.536 Y256.142 E468.16232
G1 X207.597 Y256.891 E468.28871
G1 X208.364 Y260.004 E468.82793
G1 X240.027 Y291.668 E476.35912
G1 X238.048 Y291.264 E476.69882
G1 X235.697 Y290.372 E477.12173
G1 X209.49 Y264.165 E483.35509
G1 X211.743 Y269.453 E484.32182
G1 X232.47 Y290.179 E489.25164
;LAYER_CHANGE
;Z:1
;HEIGHT:0.5
G1 Z1 F600
G1 X232.242 Y290.78
;TYPE:Perimeter
;WIDTH:2.25
G1 X230.892 Y290.269 E489.49406
G1 X224.68 Y286.682 E490.69873
G1 X219.253 Y282.251 E491.87534
G1 X219.124 Y282.145 E491.90338
G1 X214.367 Y276.776 E493.10804
G1 X210.533 Y270.714 E494.31261
G1 X207.722 Y264.114 E495.51735
G1 X206.005 Y257.15 E496.7219
G1 X205.441 Y250.166 E497.8986
G1 X205.428 Y250 E497.92656
G1 X206.005 Y242.85 E499.13123
G1 X207.722 Y235.885 E500.33594
G1 X210.533 Y229.286 E501.54053
G1 X214.367 Y223.224 E502.7451
G1 X219.124 Y217.855 E503.94976
G1 X224.68 Y213.318 E505.1544
G1 X230.892 Y209.731 E506.35907
G1 X237.599 Y207.188 E507.56368
G1 X244.627 Y205.753 E508.76831
G1 X251.795 Y205.464 E509.97307
G1 X258.75 Y206.309 E511.14967
G1 X258.915 Y206.329 E511.17758
G1 X265.805 Y208.324 E512.38221
G1 X272.286 Y211.399 E513.58692
G1 X278.189 Y215.474 E514.79154
G1 X283.363 Y220.443 E515.99628
G1 X287.672 Y226.178 E517.20097
G1 X291.005 Y232.529 E518.4055
G1 X293.277 Y239.333 E519.61018
G1 X294.445 Y246.521 E520.83316
G1 X294.585 Y250 E521.41789
G1 X294.445 Y253.478 E522.00245
G1 X293.277 Y260.667 E523.22559
G1 X291.005 Y267.471 E524.43027
G1 X287.672 Y273.822 E525.6348
G1 X283.463 Y279.423 E526.81141
G1 X283.363 Y279.557 E526.83949
G1 X278.189 Y284.526 E528.04423
G1 X272.286 Y288.6 E529.24875
G1 X265.805 Y291.675 E530.45346
G1 X259.076 Y293.625 E531.63002
G1 X258.915 Y293.671 E531.65814
G1 X251.795 Y294.536 E532.86266
G1 X244.627 Y294.247 E534.06742
G1 X237.599 Y292.812 E535.27205
G1 X232.522 Y290.887 E536.18391
G1 E521.18391 F4800
G92 E0
G1 X231.762 Y292.89 F600
G1 E16 F1800
G1 F600
G1 X229.971 Y292.211 E16.32167
G1 X223.459 Y288.451 E17.5845
G1 X217.635 Y283.696 E18.84716
G1 X212.649 Y278.068 E20.10988
G1 X208.63 Y271.713 E21.37265
G1 X205.683 Y264.795 E22.63547
G1 X203.883 Y257.495 E23.89814
G1 X203.306 Y250.339 E25.10381
G1 X203.278 Y250 E25.16094
G1 X203.883 Y242.505 E26.42374
G1 X205.683 Y235.205 E27.68641
G1 X208.63 Y228.287 E28.94923
G1 X212.649 Y221.932 E30.212
G1 X217.635 Y216.304 E31.47472
G1 X223.459 Y211.549 E32.73738
G1 X229.971 Y207.789 E34.00021
G1 X237.001 Y205.123 E35.26287
G1 X244.368 Y203.619 E36.5256
G1 X251.881 Y203.316 E37.78835
G1 X259.008 Y204.182 E38.99405
G1 X259.345 Y204.223 E39.05106
G1 X266.568 Y206.314 E40.31389
G1 X273.361 Y209.538 E41.57666
G1 X279.549 Y213.809 E42.83936
G1 X284.972 Y219.018 E44.10217
G1 X289.489 Y225.029 E45.3649
G1 X292.983 Y231.687 E46.62765
G1 X295.364 Y238.819 E47.89037
G1 X296.581 Y246.306 E49.16423
G1 X296.73 Y250 E49.7851
G1 X296.581 Y253.694 E50.40597
G1 X295.364 Y261.181 E51.67983
G1 X292.983 Y268.313 E52.94255
G1 X289.489 Y274.971 E54.2053
G1 X285.176 Y280.711 E55.41107
G1 X284.972 Y280.982 E55.46803
G1 X279.549 Y286.191 E56.73084
G1 X273.361 Y290.462 E57.99354
G1 X266.568 Y293.685 E59.25624
G1 X259.345 Y295.777 E60.51912
G1 X251.881 Y296.684 E61.78184
G1 X244.368 Y296.381 E63.04459
G1 X237.001 Y294.877 E64.30732
G1 X232.043 Y292.997 E65.19781
G1 E50.19781 F4800
G92 E0
G1 X231.283 Y295 F600
G1 E16 F1800
;TYPE:External perimeter
G1 F600
G1 X229.049 Y294.153 E16.40124
G1 X222.238 Y290.22 E17.72208
G1 X216.543 Y285.57 E18.95681
G1 X216.146 Y285.246 E19.04287
G1 X210.93 Y279.359 E20.36377
G1 X206.727 Y272.712 E21.6845
G1 X203.644 Y265.476 E23.00541
G1 X201.761 Y257.839 E24.32637
G1 X201.17 Y250.511 E25.56102
G1 X201.129 Y250 E25.64711
G1 X201.761 Y242.16 E26.96802
G1 X203.644 Y234.524 E28.28882
G1 X206.727 Y227.288 E29.60973
G1 X210.93 Y220.641 E30.93046
G1 X215.806 Y215.138 E32.16522
G1 X216.146 Y214.754 E32.25135
G1 X222.238 Y209.78 E33.57214
G1 X229.049 Y205.847 E34.89298
G1 X236.403 Y203.058 E36.21384
G1 X244.109 Y201.485 E37.53466
G1 X251.968 Y201.168 E38.85557
G1 X259.267 Y202.054 E40.09035
G1 X259.775 Y202.116 E40.1763
G1 X267.33 Y204.304 E41.49722
G1 X274.436 Y207.676 E42.81814
G1 X280.908 Y212.144 E44.13889
G1 X286.581 Y217.592 E45.45979
G1 X291.306 Y223.88 E46.7807
G1 X294.961 Y230.844 E48.10152
G1 X297.451 Y238.304 E49.42229
G1 X298.716 Y246.09 E50.74701
G1 X298.874 Y250 E51.40419
G1 X298.716 Y253.91 E52.06137
G1 X297.451 Y261.696 E53.38609
G1 X294.961 Y269.156 E54.70686
G1 X291.306 Y276.12 E56.02768
G1 X286.889 Y281.998 E57.26247
G1 X286.581 Y282.408 E57.34859
G1 X280.908 Y287.856 E58.66949
G1 X274.436 Y292.324 E59.99024
G1 X267.33 Y295.695 E61.31109
G1 X259.775 Y297.884 E62.63205
G1 X251.968 Y298.832 E63.95278
G1 X244.109 Y298.515 E65.27369
G1 X236.403 Y296.942 E66.59451
G1 X231.563 Y295.106 E67.46385
G1 X229.693 Y294.397
G1 E52.46385 F4800
G92 E0
G1 X273.898 Y286.707 F600
G1 E16 F1800
;TYPE:Internal infill
G1 F600
G1 X282.273 Y278.332 E17.98908
G1 X286.309 Y272.96 E19.1175
G1 X289.522 Y266.839 E20.27847
G1 X291.711 Y260.281 E21.43955
G1 X292.843 Y253.317 E22.62443
G1 X292.873 Y252.581 E22.74814
G1 X252.639 Y292.814 E32.30366
G1 X251.73 Y292.925 E32.45745
G1 X244.822 Y292.646 E33.61852
G1 X238.871 Y291.432 E34.63851
G1 X291.429 Y238.873 E47.12124
G1 X289.522 Y233.161 E48.13256
G1 X286.93 Y228.222 E49.0693
G1 X228.259 Y286.892 E63.00364
G1 X225.596 Y285.355 E63.52001
G1 X220.241 Y280.983 E64.68098
G1 X219.666 Y280.334 E64.8266
G1 X280.285 Y219.715 E79.22371
G1 X277.17 Y216.723 E79.94907
G1 X271.819 Y213.03 E81.04095
G1 X213.093 Y271.755 E94.98835
G1 X211.961 Y269.964 E95.34417
G1 X209.251 Y263.604 E96.50518
G1 X208.627 Y261.071 E96.94329
G1 X261.071 Y208.626 E109.39894
G1 X258.593 Y207.908 E109.83221
G1 X251.73 Y207.075 E110.99323
G1 X247.293 Y207.254 E111.73898
G1 X207.259 Y247.287 E121.247
G1 X207.597 Y243.109 E121.95094
G1 X209.251 Y236.396 E123.11203
G1 X211.961 Y230.036 E124.27304
G1 X215.656 Y224.192 E125.43419
G1 X219.175 Y220.221 E126.32525
G1 X226.23 Y213.166 E128.00082
;LAYER_CHANGE
;Z:1.5
;HEIGHT:0.5
G1 Z1.5 F600
G1 X225.908 Y212.609
;TYPE:Perimeter
G1 X230.892 Y209.731 E128.96735
G1 X237.599 Y207.188 E130.17196
G1 X244.627 Y205.753 E131.37659
G1 X251.795 Y205.464 E132.58135
G1 X258.351 Y206.26 E133.69044
G1 X258.915 Y206.329 E133.78586
G1 X265.805 Y208.324 E134.99049
G1 X272.286 Y211.399 E136.1952
G1 X278.189 Y215.474 E137.39982
G1 X283.363 Y220.443 E138.60456
G1 X287.672 Y226.178 E139.80925
G1 X291.005 Y232.529 E141.01378
G1 X293.277 Y239.333 E142.21846
G1 X294.445 Y246.521 E143.44144
G1 X294.585 Y250 E144.02617
G1 X294.445 Y253.478 E144.61073
G1 X293.277 Y260.667 E145.83387
G1 X291.005 Y267.471 E147.03855
G1 X287.672 Y273.822 E148.24308
G1 X283.704 Y279.102 E149.35228
G1 X283.363 Y279.557 E149.44777
G1 X278.189 Y284.526 E150.65251
G1 X272.286 Y288.6 E151.85703
G1 X265.805 Y291.675 E153.06174
G1 X258.915 Y293.671 E154.26642
G1 X251.795 Y294.536 E155.47094
G1 X244.627 Y294.247 E156.6757
G1 X237.599 Y292.812 E157.88033
G1 X230.892 Y290.269 E159.08494
G1 X224.68 Y286.682 E160.28961
G1 X219.565 Y282.505 E161.39865
G1 X219.124 Y282.145 E161.49425
G1 X214.367 Y276.776 E162.69891
G1 X210.533 Y270.714 E163.90348
G1 X207.722 Y264.114 E165.10822
G1 X206.005 Y257.15 E166.31277
G1 X205.428 Y250 E167.51744
G1 X206.005 Y242.85 E168.72211
G1 X207.722 Y235.885 E169.92682
G1 X210.533 Y229.286 E171.13141
G1 X214.367 Y223.224 E172.33598
G1 X219.124 Y217.855 E173.54064
G1 X224.68 Y213.318 E174.74528
G1 X225.648 Y212.759 E174.933
G1 E159.933 F4800
G92 E0
G1 X224.577 Y210.903 F600
G1 E16 F1800
G1 F600
G1 X229.971 Y207.789 E17.04598
G1 X237.001 Y205.123 E18.30864
G1 X244.368 Y203.619 E19.57137
G1 X251.881 Y203.316 E20.83412
G1 X258.609 Y204.133 E21.97231
G1 X259.345 Y204.223 E22.09683
G1 X266.568 Y206.314 E23.35966
G1 X273.361 Y209.538 E24.62243
G1 X279.549 Y213.809 E25.88513
G1 X284.972 Y219.018 E27.14794
G1 X289.489 Y225.029 E28.41067
G1 X292.983 Y231.687 E29.67342
G1 X295.364 Y238.819 E30.93614
G1 X296.581 Y246.306 E32.21
G1 X296.73 Y250 E32.83087
G1 X296.581 Y253.694 E33.45174
G1 X295.364 Y261.181 E34.7256
G1 X292.983 Y268.313 E35.98832
G1 X289.489 Y274.971 E37.25107
G1 X285.417 Y280.389 E38.38929
G1 X284.972 Y280.982 E38.5138
G1 X279.549 Y286.191 E39.77661
G1 X273.361 Y290.462 E41.03931
G1 X266.568 Y293.685 E42.30201
G1 X259.345 Y295.777 E43.56489
G1 X251.881 Y296.684 E44.82761
G1 X244.368 Y296.381 E46.09036
G1 X237.001 Y294.877 E47.35309
G1 X229.971 Y292.211 E48.61575
G1 X223.459 Y288.451 E49.87858
G1 X218.209 Y284.165 E51.01676
G1 X217.635 Y283.696 E51.14124
G1 X212.649 Y278.068 E52.40396
G1 X208.63 Y271.713 E53.66673
G1 X205.683 Y264.795 E54.92955
G1 X203.883 Y257.495 E56.19222
G1 X203.278 Y250 E57.45502
G1 X203.883 Y242.505 E58.71782
G1 X205.683 Y235.205 E59.98049
G1 X208.63 Y228.287 E61.24331
G1 X212.649 Y221.932 E62.50608
G1 X217.635 Y216.304 E63.7688
G1 X223.459 Y211.549 E65.03146
G1 X224.317 Y211.053 E65.1979
G1 E50.1979 F4800
G92 E0
G1 X223.246 Y209.198 F600
G1 E16 F1800
;TYPE:External perimeter
G1 F600
G1 X229.049 Y205.847 E17.12537
G1 X236.403 Y203.058 E18.44623
G1 X244.109 Y201.485 E19.76705
G1 X251.968 Y201.168 E21.08796
G1 X258.867 Y202.006 E22.25509
G1 X259.775 Y202.116 E22.40869
G1 X267.33 Y204.304 E23.72961
G1 X274.436 Y207.676 E25.05053
G1 X280.908 Y212.144 E26.37128
G1 X286.581 Y217.592 E27.69218
G1 X291.306 Y223.88 E29.01309
G1 X294.961 Y230.844 E30.33391
G1 X297.451 Y238.304 E31.65468
G1 X298.716 Y246.09 E32.9794
G1 X298.874 Y250 E33.63658
G1 X298.716 Y253.91 E34.29376
G1 X297.451 Y261.696 E35.61848
G1 X294.961 Y269.156 E36.93925
G1 X291.306 Y276.12 E38.26007
G1 X286.581 Y282.408 E39.58098
G1 X280.908 Y287.856 E40.90188
G1 X274.436 Y292.324 E42.22263
G1 X267.33 Y295.695 E43.54348
G1 X259.775 Y297.884 E44.86444
G1 X251.968 Y298.832 E46.18517
G1 X244.109 Y298.515 E47.50608
G1 X236.403 Y296.942 E48.8269
G1 X229.049 Y294.153 E50.14776
G1 X222.238 Y290.22 E51.4686
G1 X216.854 Y285.825 E52.63579
G1 X216.146 Y285.246 E52.78939
G1 X210.93 Y279.359 E54.11029
G1 X206.727 Y272.712 E55.43102
G1 X203.644 Y265.476 E56.75193
G1 X201.761 Y257.839 E58.07289
G1 X201.129 Y250 E59.39364
G1 X201.761 Y242.16 E60.71455
G1 X203.644 Y234.524 E62.03535
G1 X206.727 Y227.288 E63.35626
G1 X210.93 Y220.641 E64.67699
G1 X216.146 Y214.754 E65.99789
G1 X222.238 Y209.78 E67.31868
G1 X222.986 Y209.348 E67.46374
G1 X224.718 Y208.348
G1 E52.46374 F4800
G92 E0
G1 X213.332 Y273.937 F600
G1 E16 F1800
;TYPE:Internal infill
G1 F600
G1 X220.989 Y281.593 E17.81843
G1 X225.596 Y285.355 E18.81731
G1 X231.583 Y288.812 E19.97834
G1 X238.048 Y291.264 E21.13953
G1 X244.822 Y292.646 E22.30058
G1 X247.293 Y292.746 E22.7159
G1 X207.259 Y252.713 E32.22392
G1 X207.04 Y250 E32.68102
G1 X207.597 Y243.109 E33.84206
G1 X208.627 Y238.929 E34.56504
G1 X261.071 Y291.374 E47.02069
G1 X265.234 Y290.168 E47.74857
G1 X271.48 Y287.204 E48.90963
G1 X271.819 Y286.97 E48.97881
G1 X213.093 Y228.245 E62.92621
G1 X215.656 Y224.192 E63.73154
G1 X219.666 Y219.666 E64.74705
G1 X280.285 Y280.285 E79.14416
G1 X282.156 Y278.488 E79.57983
G1 X286.309 Y272.96 E80.74099
G1 X286.93 Y271.778 E80.96522
G1 X228.259 Y213.108 E94.89956
G1 X231.583 Y211.188 E95.54422
G1 X238.048 Y208.736 E96.70541
G1 X238.871 Y208.568 E96.84647
G1 X291.429 Y261.127 E109.3292
G1 X291.711 Y260.281 E109.47896
G1 X292.843 Y253.317 E110.66384
G1 X292.977 Y250 E111.22135
G1 X292.873 Y247.419 E111.65515
G1 X252.639 Y207.185 E121.21079
G1 X258.593 Y207.908 E122.21804
G1 X265.234 Y209.832 E123.37919
G1 X271.48 Y212.796 E124.54025
G1 X277.17 Y216.723 E125.70131
G1 X281.175 Y220.57 E126.63393
G1 X287.125 Y226.521 E128.04718
;LAYER_CHANGE
;Z:2
;HEIGHT:0.5
G1 Z2 F600
G1 X287.639 Y226.135
;TYPE:Perimeter
G1 X287.672 Y226.178 E128.05628
G1 X291.005 Y232.529 E129.26081
G1 X293.277 Y239.333 E130.46549
G1 X294.445 Y246.521 E131.68847
G1 X294.585 Y250 E132.2732
G1 X294.445 Y253.478 E132.85776
G1 X293.277 Y260.667 E134.0809
G1 X291.005 Y267.471 E135.28558
G1 X287.672 Y273.822 E136.49011
G1 X283.363 Y279.557 E137.6948
G1 X278.189 Y284.526 E138.89954
G1 X272.286 Y288.6 E140.10406
G1 X265.805 Y291.675 E141.30877
G1 X258.915 Y293.671 E142.51345
G1 X251.795 Y294.536 E143.71797
G1 X244.627 Y294.247 E144.92273
G1 X237.599 Y292.812 E146.12736
G1 X230.892 Y290.269 E147.33197
G1 X224.68 Y286.682 E148.53664
G1 X219.124 Y282.145 E149.74128
G1 X214.367 Y276.776 E150.94594
G1 X210.533 Y270.714 E152.15051
G1 X207.722 Y264.114 E153.35525
G1 X206.005 Y257.15 E154.5598
G1 X205.428 Y250 E155.76447
G1 X206.005 Y242.85 E156.96914
G1 X207.722 Y235.885 E158.17385
G1 X210.533 Y229.286 E159.37844
G1 X214.367 Y223.224 E160.58301
G1 X219.124 Y217.855 E161.78767
G1 X224.68 Y213.318 E162.99231
G1 X230.892 Y209.731 E164.19698
G1 X237.599 Y207.188 E165.40159
G1 X244.627 Y205.753 E166.60622
G1 X251.795 Y205.464 E167.81098
G1 X257.951 Y206.212 E168.85242
G1 X258.915 Y206.329 E169.0155
G1 X265.805 Y208.324 E170.22013
G1 X272.286 Y211.399 E171.42484
G1 X278.189 Y215.474 E172.62946
G1 X283.363 Y220.443 E173.8342
G1 X287.459 Y225.895 E174.97941
G1 E159.97941 F4800
G92 E0
G1 X289.172 Y224.608 F600
G1 E16 F1800
G1 F600
G1 X289.489 Y225.029 E16.0885
G1 X292.983 Y231.687 E17.35125
G1 X295.364 Y238.819 E18.61397
G1 X296.581 Y246.306 E19.88783
G1 X296.73 Y250 E20.5087
G1 X296.581 Y253.694 E21.12957
G1 X295.364 Y261.181 E22.40343
G1 X292.983 Y268.313 E23.66615
G1 X289.489 Y274.971 E24.9289
G1 X284.972 Y280.982 E26.19163
G1 X279.549 Y286.191 E27.45444
G1 X273.361 Y290.462 E28.71714
G1 X266.568 Y293.685 E29.97984
G1 X259.345 Y295.777 E31.24272
G1 X251.881 Y296.684 E32.50544
G1 X244.368 Y296.381 E33.76819
G1 X237.001 Y294.877 E35.03092
G1 X229.971 Y292.211 E36.29358
G1 X223.459 Y288.451 E37.55641
G1 X217.635 Y283.696 E38.81907
G1 X212.649 Y278.068 E40.08179
G1 X208.63 Y271.713 E41.34456
G1 X205.683 Y264.795 E42.60738
G1 X203.883 Y257.495 E43.87005
G1 X203.278 Y250 E45.13285
G1 X203.883 Y242.505 E46.39565
G1 X205.683 Y235.205 E47.65832
G1 X208.63 Y228.287 E48.92114
G1 X212.649 Y221.932 E50.18391
G1 X216.876 Y217.161 E51.25438
G1 X217.635 Y216.304 E51.44663
G1 X223.459 Y211.549 E52.70929
G1 X229.971 Y207.789 E53.97212
G1 X237.001 Y205.123 E55.23478
G1 X244.368 Y203.619 E56.49751
G1 X251.881 Y203.316 E57.76026
G1 X258.209 Y204.085 E58.8308
G1 X259.345 Y204.223 E59.02298
G1 X266.568 Y206.314 E60.28581
G1 X273.361 Y209.538 E61.54858
G1 X279.549 Y213.809 E62.81128
G1 X284.972 Y219.018 E64.07409
G1 X288.992 Y224.368 E65.19794
G1 E50.19794 F4800
G92 E0
G1 X290.705 Y223.081 F600
G1 E16 F1800
;TYPE:External perimeter
G1 F600
G1 X291.306 Y223.88 E16.16791
G1 X294.961 Y230.844 E17.48873
G1 X297.451 Y238.304 E18.8095
G1 X298.716 Y246.09 E20.13422
G1 X298.874 Y250 E20.7914
G1 X298.716 Y253.91 E21.44858
G1 X297.451 Y261.696 E22.7733
G1 X294.961 Y269.156 E24.09407
G1 X291.306 Y276.12 E25.41489
G1 X286.581 Y282.408 E26.7358
G1 X280.908 Y287.856 E28.0567
G1 X274.436 Y292.324 E29.37745
G1 X267.33 Y295.695 E30.6983
G1 X259.775 Y297.884 E32.01926
G1 X251.968 Y298.832 E33.33999
G1 X244.109 Y298.515 E34.6609
G1 X236.403 Y296.942 E35.98172
G1 X229.049 Y294.153 E37.30258
G1 X222.238 Y290.22 E38.62342
G1 X216.146 Y285.246 E39.94421
G1 X210.93 Y279.359 E41.26511
G1 X206.727 Y272.712 E42.58584
G1 X203.644 Y265.476 E43.90675
G1 X201.761 Y257.839 E45.22771
G1 X201.129 Y250 E46.54846
G1 X201.761 Y242.16 E47.86937
G1 X203.644 Y234.524 E49.19017
G1 X206.727 Y227.288 E50.51108
G1 X210.93 Y220.641 E51.83181
G1 X215.272 Y215.74 E52.93143
G1 X216.146 Y214.754 E53.15271
G1 X222.238 Y209.78 E54.4735
G1 X229.049 Y205.847 E55.79434
G1 X236.403 Y203.058 E57.1152
G1 X244.109 Y201.485 E58.43602
G1 X251.968 Y201.168 E59.75693
G1 X258.468 Y201.957 E60.85655
G1 X259.775 Y202.116 E61.07766
G1 X267.33 Y204.304 E62.39858
G1 X274.436 Y207.676 E63.7195
G1 X280.908 Y212.144 E65.04025
G1 X286.581 Y217.592 E66.36115
G1 X290.525 Y222.841 E67.46377
G1 X291.611 Y224.52
G1 E52.46377 F4800
G92 E0
G1 X226.23 Y213.166 F600
G1 E16 F1800
;TYPE:Internal infill
G1 F600
G1 X219.175 Y220.22 E17.67546
G1 X215.656 Y224.192 E18.56665
G1 X211.961 Y230.036 E19.7278
G1 X209.251 Y236.396 E20.88881
G1 X207.597 Y243.109 E22.0499
G1 X207.259 Y247.287 E22.75384
G1 X247.293 Y207.254 E32.26186
G1 X251.73 Y207.075 E33.00761
G1 X258.593 Y207.908 E34.16863
G1 X261.071 Y208.626 E34.6019
G1 X208.627 Y261.071 E47.05755
G1 X209.251 Y263.604 E47.49566
G1 X211.961 Y269.964 E48.65667
G1 X213.093 Y271.755 E49.01249
G1 X271.819 Y213.03 E62.95989
G1 X277.17 Y216.723 E64.05177
G1 X280.285 Y219.715 E64.77713
G1 X219.666 Y280.334 E79.17424
G1 X220.241 Y280.983 E79.31986
G1 X225.596 Y285.355 E80.48083
G1 X228.259 Y286.892 E80.9972
G1 X286.93 Y228.222 E94.93154
G1 X289.522 Y233.161 E95.86828
G1 X291.429 Y238.873 E96.8796
G1 X238.871 Y291.432 E109.36233
G1 X244.822 Y292.646 E110.38232
G1 X251.73 Y292.925 E111.54339
G1 X252.639 Y292.814 E111.69718
G1 X292.873 Y252.581 E121.2527
G1 X292.843 Y253.317 E121.37641
G1 X291.711 Y260.281 E122.56129
G1 X289.522 Y266.839 E123.72237
G1 X286.309 Y272.96 E124.88334
G1 X282.273 Y278.332 E126.01176
G1 X273.898 Y286.707 E128.00084
;LAYER_CHANGE
;Z:2.5
;HEIGHT:0.5
G1 Z2.5 F600
G1 X274.263 Y287.236
;TYPE:Perimeter
G1 X272.286 Y288.6 E128.40421
G1 X265.805 Y291.675 E129.60892
G1 X258.915 Y293.671 E130.8136
G1 X251.795 Y294.536 E132.01812
G1 X244.627 Y294.247 E133.22288
G1 X237.599 Y292.812 E134.42751
G1 X230.892 Y290.269 E135.63212
G1 X224.68 Y286.682 E136.83679
G1 X220.188 Y283.014 E137.81072
G1 X219.124 Y282.145 E138.04143
G1 X214.367 Y276.776 E139.24609
G1 X210.533 Y270.714 E140.45066
G1 X207.722 Y264.114 E141.6554
G1 X206.005 Y257.15 E142.85995
G1 X205.428 Y250 E144.06462
G1 X206.005 Y242.85 E145.26929
G1 X207.722 Y235.885 E146.474
G1 X210.533 Y229.286 E147.67859
G1 X214.367 Y223.224 E148.88316
G1 X219.124 Y217.855 E150.08782
G1 X224.68 Y213.318 E151.29246
G1 X230.892 Y209.731 E152.49713
G1 X237.599 Y207.188 E153.70174
G1 X244.627 Y205.753 E154.90637
G1 X251.795 Y205.464 E156.11113
G1 X257.552 Y206.163 E157.08506
G1 X258.915 Y206.329 E157.31565
G1 X265.805 Y208.324 E158.52028
G1 X272.286 Y211.399 E159.72499
G1 X278.189 Y215.474 E160.92961
G1 X283.363 Y220.443 E162.13435
G1 X287.672 Y226.178 E163.33904
G1 X291.005 Y232.529 E164.54357
G1 X293.277 Y239.333 E165.74825
G1 X294.445 Y246.521 E166.97123
G1 X294.585 Y250 E167.55596
G1 X294.445 Y253.478 E168.14052
G1 X293.277 Y260.667 E169.36366
G1 X291.005 Y267.471 E170.56834
G1 X287.672 Y273.822 E171.77287
G1 X283.363 Y279.557 E172.97756
G1 X278.189 Y284.526 E174.1823
G1 X274.51 Y287.065 E174.933
G1 E159.933 F4800
G92 E0
G1 X275.727 Y288.829 F600
G1 E16 F1800
G1 F600
G1 X273.361 Y290.462 E16.4828
G1 X266.568 Y293.685 E17.7455
G1 X259.345 Y295.777 E19.00838
G1 X251.881 Y296.684 E20.2711
G1 X244.368 Y296.381 E21.53385
G1 X237.001 Y294.877 E22.79658
G1 X229.971 Y292.211 E24.05924
G1 X223.459 Y288.451 E25.32207
G1 X218.833 Y284.674 E26.32501
G1 X217.635 Y283.696 E26.58473
G1 X212.649 Y278.068 E27.84745
G1 X208.63 Y271.713 E29.11022
G1 X205.683 Y264.795 E30.37304
G1 X203.883 Y257.495 E31.63571
G1 X203.278 Y250 E32.89851
G1 X203.883 Y242.505 E34.16131
G1 X205.683 Y235.205 E35.42398
G1 X208.63 Y228.287 E36.6868
G1 X212.649 Y221.932 E37.94957
G1 X217.635 Y216.304 E39.21229
G1 X223.459 Y211.549 E40.47495
G1 X229.971 Y207.789 E41.73778
G1 X237.001 Y205.123 E43.00044
G1 X244.368 Y203.619 E44.26317
G1 X251.881 Y203.316 E45.52592
G1 X257.81 Y204.036 E46.52895
G1 X259.345 Y204.223 E46.78864
G1 X266.568 Y206.314 E48.05147
G1 X273.361 Y209.538 E49.31424
G1 X279.549 Y213.809 E50.57694
G1 X284.972 Y219.018 E51.83975
G1 X289.489 Y225.029 E53.10248
G1 X292.983 Y231.687 E54.36523
G1 X295.364 Y238.819 E55.62795
G1 X296.581 Y246.306 E56.90181
G1 X296.73 Y250 E57.52268
G1 X296.581 Y253.694 E58.14355
G1 X295.364 Y261.181 E59.41741
G1 X292.983 Y268.313 E60.68013
G1 X289.489 Y274.971 E61.94288
G1 X284.972 Y280.982 E63.20561
G1 X279.549 Y286.191 E64.46842
G1 X275.974 Y288.658 E65.19788
G1 E50.19788 F4800
G92 E0
G1 X277.191 Y290.422 F600
G1 E16 F1800
;TYPE:External perimeter
G1 F600
G1 X274.436 Y292.324 E16.56222
G1 X267.33 Y295.695 E17.88307
G1 X259.775 Y297.884 E19.20403
G1 X251.968 Y298.832 E20.52476
G1 X244.109 Y298.515 E21.84567
G1 X236.403 Y296.942 E23.16649
G1 X229.049 Y294.153 E24.48735
G1 X222.238 Y290.22 E25.80819
G1 X217.478 Y286.334 E26.84014
G1 X216.146 Y285.246 E27.12897
G1 X210.93 Y279.359 E28.44987
G1 X206.727 Y272.712 E29.7706
G1 X203.644 Y265.476 E31.09151
G1 X201.761 Y257.839 E32.41247
G1 X201.129 Y250 E33.73322
G1 X201.761 Y242.16 E35.05413
G1 X203.644 Y234.524 E36.37493
G1 X206.727 Y227.288 E37.69584
G1 X210.93 Y220.641 E39.01657
G1 X216.146 Y214.754 E40.33747
G1 X222.238 Y209.78 E41.65826
G1 X229.049 Y205.847 E42.9791
G1 X236.403 Y203.058 E44.29996
G1 X244.109 Y201.485 E45.62078
G1 X251.968 Y201.168 E46.94169
G1 X258.068 Y201.909 E47.97365
G1 X259.775 Y202.116 E48.26242
G1 X267.33 Y204.304 E49.58334
G1 X274.436 Y207.676 E50.90426
G1 X280.908 Y212.144 E52.22501
G1 X286.581 Y217.592 E53.54591
G1 X291.306 Y223.88 E54.86682
G1 X294.961 Y230.844 E56.18764
G1 X297.451 Y238.304 E57.50841
G1 X298.716 Y246.09 E58.83313
G1 X298.874 Y250 E59.49031
G1 X298.716 Y253.91 E60.14749
G1 X297.451 Y261.696 E61.47221
G1 X294.961 Y269.156 E62.79298
G1 X291.306 Y276.12 E64.1138
G1 X286.581 Y282.408 E65.43471
G1 X280.908 Y287.856 E66.75561
G1 X277.438 Y290.251 E67.46369
G1 X275.792 Y291.388
G1 E52.46369 F4800
G92 E0
G1 X287.125 Y226.521 F600
G1 E16 F1800
;TYPE:Internal infill
G1 F600
G1 X281.175 Y220.57 E17.41325
G1 X277.17 Y216.723 E18.34587
G1 X271.48 Y212.796 E19.50693
G1 X265.234 Y209.832 E20.66799
G1 X258.593 Y207.908 E21.82914
G1 X252.639 Y207.185 E22.83639
G1 X292.873 Y247.419 E32.39203
G1 X292.977 Y250 E32.82583
G1 X292.843 Y253.317 E33.38334
G1 X291.711 Y260.281 E34.56822
G1 X291.429 Y261.127 E34.71798
G1 X238.871 Y208.568 E47.20071
G1 X238.048 Y208.736 E47.34177
G1 X231.583 Y211.188 E48.50296
G1 X228.259 Y213.108 E49.14762
G1 X286.93 Y271.778 E63.08196
G1 X286.309 Y272.96 E63.30619
G1 X282.156 Y278.488 E64.46735
G1 X280.285 Y280.285 E64.90302
G1 X219.666 Y219.666 E79.30013
G1 X215.656 Y224.192 E80.31564
G1 X213.093 Y228.245 E81.12097
G1 X271.819 Y286.97 E95.06837
G1 X271.48 Y287.204 E95.13755
G1 X265.234 Y290.168 E96.29861
G1 X261.071 Y291.374 E97.02649
G1 X208.627 Y238.929 E109.48214
G1 X207.597 Y243.109 E110.20512
G1 X207.04 Y250 E111.36616
G1 X207.259 Y252.713 E111.82326
G1 X247.293 Y292.746 E121.33128
G1 X244.822 Y292.646 E121.7466
G1 X238.048 Y291.264 E122.90765
G1 X231.583 Y288.812 E124.06884
G1 X225.596 Y285.355 E125.22987
G1 X220.989 Y281.593 E126.22875
G1 X213.332 Y273.937 E128.04718
;LAYER_CHANGE
;Z:3
;HEIGHT:0.5
G1 Z3 F600
G1 X212.789 Y274.281
;TYPE:Perimeter
G1 X210.533 Y270.714 E128.75597
G1 X207.722 Y264.114 E129.96071
G1 X206.005 Y257.15 E131.16526
G1 X205.428 Y250 E132.36993
G1 X206.005 Y242.85 E133.5746
G1 X207.722 Y235.885 E134.77931
G1 X210.533 Y229.286 E135.9839
G1 X214.367 Y223.224 E137.18847
G1 X219.124 Y217.855 E138.39313
G1 X224.68 Y213.318 E139.59777
G1 X230.892 Y209.731 E140.80244
G1 X237.599 Y207.188 E142.00705
G1 X244.627 Y205.753 E143.21168
G1 X251.795 Y205.464 E144.41644
G1 X257.152 Y206.115 E145.32271
G1 X258.915 Y206.329 E145.62096
G1 X265.805 Y208.324 E146.82559
G1 X272.286 Y211.399 E148.0303
G1 X278.189 Y215.474 E149.23492
G1 X283.363 Y220.443 E150.43966
G1 X287.672 Y226.178 E151.64435
G1 X291.005 Y232.529 E152.84888
G1 X293.277 Y239.333 E154.05356
G1 X294.445 Y246.521 E155.27654
G1 X294.585 Y250 E155.86127
G1 X294.445 Y253.478 E156.44583
G1 X293.277 Y260.667 E157.66897
G1 X291.005 Y267.471 E158.87365
G1 X287.672 Y273.822 E160.07818
G1 X283.363 Y279.557 E161.28287
G1 X278.189 Y284.526 E162.48761
G1 X272.286 Y288.6 E163.69213
G1 X265.805 Y291.675 E164.89684
G1 X258.915 Y293.671 E166.10152
G1 X251.795 Y294.536 E167.30604
G1 X244.627 Y294.247 E168.5108
G1 X237.599 Y292.812 E169.71543
G1 X230.892 Y290.269 E170.92004
G1 X224.68 Y286.682 E172.12471
G1 X219.124 Y282.145 E173.32935
G1 X214.367 Y276.776 E174.53401
G1 X212.949 Y274.534 E174.97952
G1 E159.97952 F4800
G92 E0
G1 X211.138 Y275.679 F600
G1 E16 F1800
G1 F600
G1 X208.63 Y271.713 E16.78805
G1 X205.683 Y264.795 E18.05087
G1 X203.883 Y257.495 E19.31354
G1 X203.278 Y250 E20.57634
G1 X203.883 Y242.505 E21.83914
G1 X205.683 Y235.205 E23.10181
G1 X208.63 Y228.287 E24.36463
G1 X212.649 Y221.932 E25.6274
G1 X217.635 Y216.304 E26.89012
G1 X223.459 Y211.549 E28.15278
G1 X229.971 Y207.789 E29.41561
G1 X237.001 Y205.123 E30.67827
G1 X244.368 Y203.619 E31.941
G1 X251.881 Y203.316 E33.20375
G1 X257.411 Y203.988 E34.13928
G1 X259.345 Y204.223 E34.46646
G1 X266.568 Y206.314 E35.72929
G1 X273.361 Y209.538 E36.99206
G1 X279.549 Y213.809 E38.25476
G1 X284.972 Y219.018 E39.51757
G1 X289.489 Y225.029 E40.7803
G1 X292.983 Y231.687 E42.04305
G1 X295.364 Y238.819 E43.30577
G1 X296.581 Y246.306 E44.57963
G1 X296.73 Y250 E45.2005
G1 X296.581 Y253.694 E45.82137
G1 X295.364 Y261.181 E47.09523
G1 X292.983 Y268.313 E48.35795
G1 X289.489 Y274.971 E49.6207
G1 X284.972 Y280.982 E50.88343
G1 X279.549 Y286.191 E52.14624
G1 X273.361 Y290.462 E53.40894
G1 X266.568 Y293.685 E54.67164
G1 X259.345 Y295.777 E55.93452
G1 X251.881 Y296.684 E57.19724
G1 X244.368 Y296.381 E58.45999
G1 X237.001 Y294.877 E59.72272
G1 X229.971 Y292.211 E60.98538
G1 X223.459 Y288.451 E62.24821
G1 X217.635 Y283.696 E63.51087
G1 X212.649 Y278.068 E64.77359
G1 X211.299 Y275.933 E65.19781
G1 E50.19781 F4800
G92 E0
G1 X209.488 Y277.078 F600
G1 E16 F1800
;TYPE:External perimeter
G1 F600
G1 X206.727 Y272.712 E16.86753
G1 X203.644 Y265.476 E18.18844
G1 X201.761 Y257.839 E19.5094
G1 X201.129 Y250 E20.83015
G1 X201.761 Y242.16 E22.15106
G1 X203.644 Y234.524 E23.47186
G1 X206.727 Y227.288 E24.79277
G1 X210.93 Y220.641 E26.1135
G1 X216.146 Y214.754 E27.4344
G1 X222.238 Y209.78 E28.75519
G1 X229.049 Y205.847 E30.07603
G1 X236.403 Y203.058 E31.39689
G1 X244.109 Y201.485 E32.71771
G1 X251.968 Y201.168 E34.03862
G1 X257.669 Y201.86 E35.00307
G1 X259.775 Y202.116 E35.35935
G1 X267.33 Y204.304 E36.68027
G1 X274.436 Y207.676 E38.00119
G1 X280.908 Y212.144 E39.32194
G1 X286.581 Y217.592 E40.64284
G1 X291.306 Y223.88 E41.96375
G1 X294.961 Y230.844 E43.28457
G1 X297.451 Y238.304 E44.60534
G1 X298.716 Y246.09 E45.93006
G1 X298.874 Y250 E46.58724
G1 X298.716 Y253.91 E47.24442
G1 X297.451 Y261.696 E48.56914
G1 X294.961 Y269.156 E49.88991
G1 X291.306 Y276.12 E51.21073
G1 X286.581 Y282.408 E52.53164
G1 X280.908 Y287.856 E53.85254
G1 X274.436 Y292.324 E55.17329
G1 X267.33 Y295.695 E56.49414
G1 X259.775 Y297.884 E57.8151
G1 X251.968 Y298.832 E59.13583
G1 X244.109 Y298.515 E60.45674
G1 X236.403 Y296.942 E61.77756
G1 X229.049 Y294.153 E63.09842
G1 X222.238 Y290.22 E64.41926
G1 X216.146 Y285.246 E65.74005
G1 X210.93 Y279.359 E67.06095
G1 X209.648 Y277.332 E67.46373
G1 X208.579 Y275.641
G1 E52.46373 F4800
G92 E0
G1 X273.898 Y286.707 F600
G1 E16 F1800
;TYPE:Internal infill
G1 F600
G1 X282.273 Y278.332 E17.98908
G1 X286.309 Y272.96 E19.1175
G1 X289.522 Y266.839 E20.27847
G1 X291.711 Y260.281 E21.43955
G1 X292.843 Y253.317 E22.62443
G1 X292.873 Y252.581 E22.74814
G1 X252.639 Y292.814 E32.30366
G1 X251.73 Y292.925 E32.45745
G1 X244.822 Y292.646 E33.61852
G1 X238.871 Y291.432 E34.63851
G1 X291.429 Y238.873 E47.12124
G1 X289.522 Y233.161 E48.13256
G1 X286.93 Y228.222 E49.0693
G1 X228.259 Y286.892 E63.00364
G1 X225.596 Y285.355 E63.52001
G1 X220.241 Y280.983 E64.68098
G1 X219.666 Y280.334 E64.8266
G1 X280.285 Y219.715 E79.22371
G1 X277.17 Y216.723 E79.94907
G1 X271.819 Y213.03 E81.04095
G1 X213.093 Y271.755 E94.98835
G1 X211.961 Y269.964 E95.34417
G1 X209.251 Y263.604 E96.50518
G1 X208.627 Y261.071 E96.94329
G1 X261.071 Y208.626 E109.39894
G1 X258.593 Y207.908 E109.83221
G1 X251.73 Y207.075 E110.99323
G1 X247.293 Y207.254 E111.73898
G1 X207.259 Y247.287 E121.247
G1 X207.597 Y243.109 E121.95094
G1 X209.251 Y236.396 E123.11203
G1 X211.961 Y230.036 E124.27304
G1 X215.656 Y224.192 E125.43419
G1 X219.175 Y220.221 E126.32525
G1 X226.23 Y213.166 E128.00082
;LAYER_CHANGE
;Z:3.5
;HEIGHT:0.5
G1 Z3.5 F600
G1 X225.908 Y212.609
;TYPE:Perimeter
G1 X230.892 Y209.731 E128.96735
G1 X237.599 Y207.188 E130.17196
G1 X244.627 Y205.753 E131.37659
G1 X251.795 Y205.464 E132.58135
G1 X256.753 Y206.066 E133.42011
G1 X258.915 Y206.329 E133.78587
G1 X265.805 Y208.324 E134.9905
G1 X272.286 Y211.399 E136.19521
G1 X278.189 Y215.474 E137.39983
G1 X283.363 Y220.443 E138.60457
G1 X287.672 Y226.178 E139.80926
G1 X291.005 Y232.529 E141.01379
G1 X293.277 Y239.333 E142.21847
G1 X294.445 Y246.521 E143.44145
G1 X294.585 Y250 E144.02618
G1 X294.445 Y253.478 E144.61074
G1 X293.277 Y260.667 E145.83388
G1 X291.005 Y267.471 E147.03856
G1 X287.672 Y273.822 E148.24309
G1 X283.363 Y279.557 E149.44778
G1 X278.189 Y284.526 E150.65252
G1 X272.286 Y288.6 E151.85704
G1 X265.805 Y291.675 E153.06175
G1 X258.915 Y293.671 E154.26643
G1 X251.795 Y294.536 E155.47095
G1 X244.627 Y294.247 E156.67571
G1 X237.599 Y292.812 E157.88034
G1 X230.892 Y290.269 E159.08495
G1 X224.68 Y286.682 E160.28962
G1 X220.811 Y283.523 E161.12845
G1 X219.124 Y282.145 E161.49427
G1 X214.367 Y276.776 E162.69893
G1 X210.533 Y270.714 E163.9035
G1 X207.722 Y264.114 E165.10824
G1 X206.005 Y257.15 E166.31279
G1 X205.428 Y250 E167.51746
G1 X206.005 Y242.85 E168.72213
G1 X207.722 Y235.885 E169.92684
G1 X210.533 Y229.286 E171.13143
G1 X214.367 Y223.224 E172.336
G1 X219.124 Y217.855 E173.54066
G1 X224.68 Y213.318 E174.7453
G1 X225.648 Y212.759 E174.93302
G1 E159.93302 F4800
G92 E0
G1 X224.577 Y210.903 F600
G1 E16 F1800
G1 F600
G1 X229.971 Y207.789 E17.04598
G1 X237.001 Y205.123 E18.30864
G1 X244.368 Y203.619 E19.57137
G1 X251.881 Y203.316 E20.83412
G1 X257.011 Y203.939 E21.70198
G1 X259.345 Y204.223 E22.09684
G1 X266.568 Y206.314 E23.35967
G1 X273.361 Y209.538 E24.62244
G1 X279.549 Y213.809 E25.88514
G1 X284.972 Y219.018 E27.14795
G1 X289.489 Y225.029 E28.41068
G1 X292.983 Y231.687 E29.67343
G1 X295.364 Y238.819 E30.93615
G1 X296.581 Y246.306 E32.21001
G1 X296.73 Y250 E32.83088
G1 X296.581 Y253.694 E33.45175
G1 X295.364 Y261.181 E34.72561
G1 X292.983 Y268.313 E35.98833
G1 X289.489 Y274.971 E37.25108
G1 X284.972 Y280.982 E38.51381
G1 X279.549 Y286.191 E39.77662
G1 X273.361 Y290.462 E41.03932
G1 X266.568 Y293.685 E42.30202
G1 X259.345 Y295.777 E43.5649
G1 X251.881 Y296.684 E44.82762
G1 X244.368 Y296.381 E46.09037
G1 X237.001 Y294.877 E47.3531
G1 X229.971 Y292.211 E48.61576
G1 X223.459 Y288.451 E49.87859
G1 X219.456 Y285.183 E50.74643
G1 X217.635 Y283.696 E51.14125
G1 X212.649 Y278.068 E52.40397
G1 X208.63 Y271.713 E53.66674
G1 X205.683 Y264.795 E54.92956
G1 X203.883 Y257.495 E56.19223
G1 X203.278 Y250 E57.45503
G1 X203.883 Y242.505 E58.71783
G1 X205.683 Y235.205 E59.9805
G1 X208.63 Y228.287 E61.24332
G1 X212.649 Y221.932 E62.50609
G1 X217.635 Y216.304 E63.76881
G1 X223.459 Y211.549 E65.03147
G1 X224.317 Y211.053 E65.19791
G1 E50.19791 F4800
G92 E0
G1 X223.246 Y209.198 F600
G1 E16 F1800
;TYPE:External perimeter
G1 F600
G1 X229.049 Y205.847 E17.12537
G1 X236.403 Y203.058 E18.44623
G1 X244.109 Y201.485 E19.76705
G1 X251.968 Y201.168 E21.08796
G1 X257.27 Y201.812 E21.98492
G1 X259.775 Y202.116 E22.40869
G1 X267.33 Y204.304 E23.72961
G1 X274.436 Y207.676 E25.05053
G1 X280.908 Y212.144 E26.37128
G1 X286.581 Y217.592 E27.69218
G1 X291.306 Y223.88 E29.01309
G1 X294.961 Y230.844 E30.33391
G1 X297.451 Y238.304 E31.65468
G1 X298.716 Y246.09 E32.9794
G1 X298.874 Y250 E33.63658
G1 X298.716 Y253.91 E34.29376
G1 X297.451 Y261.696 E35.61848
G1 X294.961 Y269.156 E36.93925
G1 X291.306 Y276.12 E38.26007
G1 X286.581 Y282.408 E39.58098
G1 X280.908 Y287.856 E40.90188
G1 X274.436 Y292.324 E42.22263
G1 X267.33 Y295.695 E43.54348
G1 X259.775 Y297.884 E44.86444
G1 X251.968 Y298.832 E46.18517
G1 X244.109 Y298.515 E47.50608
G1 X236.403 Y296.942 E48.8269
G1 X229.049 Y294.153 E50.14776
G1 X222.238 Y290.22 E51.4686
G1 X216.146 Y285.246 E52.78939
G1 X210.93 Y279.359 E54.11029
G1 X206.727 Y272.712 E55.43102
G1 X203.644 Y265.476 E56.75193
G1 X201.761 Y257.839 E58.07289
G1 X201.129 Y250 E59.39364
G1 X201.761 Y242.16 E60.71455
G1 X203.644 Y234.524 E62.03535
G1 X206.727 Y227.288 E63.35626
G1 X210.93 Y220.641 E64.67699
G1 X216.146 Y214.754 E65.99789
G1 X222.238 Y209.78 E67.31868
G1 X222.986 Y209.348 E67.46374
G1 X224.718 Y208.348
G1 E52.46374 F4800
G92 E0
G1 X213.332 Y273.937 F600
G1 E16 F1800
;TYPE:Internal infill
G1 F600
G1 X220.989 Y281.593 E17.81843
G1 X225.596 Y285.355 E18.81731
G1 X231.583 Y288.812 E19.97834
G1 X238.048 Y291.264 E21.13953
G1 X244.822 Y292.646 E22.30058
G1 X247.293 Y292.746 E22.7159
G1 X207.259 Y252.713 E32.22392
G1 X207.04 Y250 E32.68102
G1 X207.597 Y243.109 E33.84206
G1 X208.627 Y238.929 E34.56504
G1 X261.071 Y291.374 E47.02069
G1 X265.234 Y290.168 E47.74857
G1 X271.48 Y287.204 E48.90963
G1 X271.819 Y286.97 E48.97881
G1 X213.093 Y228.245 E62.92621
G1 X215.656 Y224.192 E63.73154
G1 X219.666 Y219.666 E64.74705
G1 X280.285 Y280.285 E79.14416
G1 X282.156 Y278.488 E79.57983
G1 X286.309 Y272.96 E80.74099
G1 X286.93 Y271.778 E80.96522
G1 X228.259 Y213.108 E94.89956
G1 X231.583 Y211.188 E95.54422
G1 X238.048 Y208.736 E96.70541
G1 X238.871 Y208.568 E96.84647
G1 X291.429 Y261.127 E109.3292
G1 X291.711 Y260.281 E109.47896
G1 X292.843 Y253.317 E110.66384
G1 X292.977 Y250 E111.22135
G1 X292.873 Y247.419 E111.65515
G1 X252.639 Y207.185 E121.21079
G1 X258.593 Y207.908 E122.21804
G1 X265.234 Y209.832 E123.37919
G1 X271.48 Y212.796 E124.54025
G1 X277.17 Y216.723 E125.70131
G1 X281.175 Y220.57 E126.63393
G1 X287.125 Y226.521 E128.04718
;LAYER_CHANGE
;Z:4
;HEIGHT:0.5
G1 Z4 F600
G1 X287.639 Y226.135
;TYPE:Perimeter
G1 X287.672 Y226.178 E128.05628
G1 X291.005 Y232.529 E129.26081
G1 X293.277 Y239.333 E130.46549
G1 X294.445 Y246.521 E131.68847
G1 X294.585 Y250 E132.2732
G1 X294.445 Y253.478 E132.85776
G1 X293.277 Y260.667 E134.0809
G1 X291.005 Y267.471 E135.28558
G1 X287.672 Y273.822 E136.49011
G1 X283.363 Y279.557 E137.6948
G1 X278.189 Y284.526 E138.89954
G1 X272.286 Y288.6 E140.10406
G1 X265.805 Y291.675 E141.30877
G1 X258.915 Y293.671 E142.51345
G1 X251.795 Y294.536 E143.71797
G1 X244.627 Y294.247 E144.92273
G1 X237.599 Y292.812 E146.12736
G1 X230.892 Y290.269 E147.33197
G1 X224.68 Y286.682 E148.53664
G1 X221.123 Y283.778 E149.3078
G1 X219.124 Y282.145 E149.74129
G1 X214.367 Y276.776 E150.94595
G1 X210.533 Y270.714 E152.15052
G1 X207.722 Y264.114 E153.35526
G1 X206.005 Y257.15 E154.55981
G1 X205.428 Y250 E155.76448
G1 X206.005 Y242.85 E156.96915
G1 X207.722 Y235.885 E158.17386
G1 X210.533 Y229.286 E159.37845
G1 X214.367 Y223.224 E160.58302
G1 X219.124 Y217.855 E161.78768
G1 X224.68 Y213.318 E162.99232
G1 X230.892 Y209.731 E164.19699
G1 X237.599 Y207.188 E165.4016
G1 X244.627 Y205.753 E166.60623
G1 X251.795 Y205.464 E167.81099
G1 X256.354 Y206.018 E168.58226
G1 X258.915 Y206.329 E169.01551
G1 X265.805 Y208.324 E170.22014
G1 X272.286 Y211.399 E171.42485
G1 X278.189 Y215.474 E172.62947
G1 X283.363 Y220.443 E173.83421
G1 X287.459 Y225.895 E174.97942
G1 E159.97942 F4800
G92 E0
G1 X289.172 Y224.608 F600
G1 E16 F1800
G1 F600
G1 X289.489 Y225.029 E16.0885
G1 X292.983 Y231.687 E17.35125
G1 X295.364 Y238.819 E18.61397
G1 X296.581 Y246.306 E19.88783
G1 X296.73 Y250 E20.5087
G1 X296.581 Y253.694 E21.12957
G1 X295.364 Y261.181 E22.40343
G1 X292.983 Y268.313 E23.66615
G1 X289.489 Y274.971 E24.9289
G1 X284.972 Y280.982 E26.19163
G1 X279.549 Y286.191 E27.45444
G1 X273.361 Y290.462 E28.71714
G1 X266.568 Y293.685 E29.97984
G1 X259.345 Y295.777 E31.24272
G1 X251.881 Y296.684 E32.50544
G1 X244.368 Y296.381 E33.76819
G1 X237.001 Y294.877 E35.03092
G1 X229.971 Y292.211 E36.29358
G1 X223.459 Y288.451 E37.55641
G1 X217.635 Y283.696 E38.81907
G1 X212.649 Y278.068 E40.08179
G1 X208.63 Y271.713 E41.34456
G1 X205.683 Y264.795 E42.60738
G1 X203.883 Y257.495 E43.87005
G1 X203.278 Y250 E45.13285
G1 X203.883 Y242.505 E46.39565
G1 X205.683 Y235.205 E47.65832
G1 X208.63 Y228.287 E48.92114
G1 X212.649 Y221.932 E50.18391
G1 X217.635 Y216.304 E51.44663
G1 X223.459 Y211.549 E52.70929
G1 X229.971 Y207.789 E53.97212
G1 X237.001 Y205.123 E55.23478
G1 X244.368 Y203.619 E56.49751
G1 X251.881 Y203.316 E57.76026
G1 X256.612 Y203.891 E58.56063
G1 X259.345 Y204.223 E59.02298
G1 X266.568 Y206.314 E60.28581
G1 X273.361 Y209.538 E61.54858
G1 X279.549 Y213.809 E62.81128
G1 X284.972 Y219.018 E64.07409
G1 X288.992 Y224.368 E65.19794
G1 E50.19794 F4800
G92 E0
G1 X290.705 Y223.081 F600
G1 E16 F1800
;TYPE:External perimeter
G1 F600
G1 X291.306 Y223.88 E16.16791
G1 X294.961 Y230.844 E17.48873
G1 X297.451 Y238.304 E18.8095
G1 X298.716 Y246.09 E20.13422
G1 X298.874 Y250 E20.7914
G1 X298.716 Y253.91 E21.44858
G1 X297.451 Y261.696 E22.7733
G1 X294.961 Y269.156 E24.09407
G1 X291.306 Y276.12 E25.41489
G1 X286.581 Y282.408 E26.7358
G1 X280.908 Y287.856 E28.0567
G1 X274.436 Y292.324 E29.37745
G1 X267.33 Y295.695 E30.6983
G1 X259.775 Y297.884 E32.01926
G1 X251.968 Y298.832 E33.33999
G1 X244.109 Y298.515 E34.6609
G1 X236.403 Y296.942 E35.98172
G1 X229.049 Y294.153 E37.30258
G1 X222.238 Y290.22 E38.62342
G1 X216.146 Y285.246 E39.94421
G1 X210.93 Y279.359 E41.26511
G1 X206.727 Y272.712 E42.58584
G1 X203.644 Y265.476 E43.90675
G1 X201.761 Y257.839 E45.22771
G1 X201.129 Y250 E46.54846
G1 X201.761 Y242.16 E47.86937
G1 X203.644 Y234.524 E49.19017
G1 X206.727 Y227.288 E50.51108
G1 X210.93 Y220.641 E51.83181
G1 X216.146 Y214.754 E53.15271
G1 X222.238 Y209.78 E54.4735
G1 X229.049 Y205.847 E55.79434
G1 X236.403 Y203.058 E57.1152
G1 X244.109 Y201.485 E58.43602
G1 X251.968 Y201.168 E59.75693
G1 X256.87 Y201.764 E60.58623
G1 X259.775 Y202.116 E61.07766
G1 X267.33 Y204.304 E62.39858
G1 X274.436 Y207.676 E63.7195
G1 X280.908 Y212.144 E65.04025
G1 X286.581 Y217.592 E66.36115
G1 X290.525 Y222.841 E67.46377
G1 X291.611 Y224.52
G1 E52.46377 F4800
G92 E0
G1 X226.23 Y213.166 F600
G1 E16 F1800
;TYPE:Internal infill
G1 F600
G1 X219.175 Y220.221 E17.67557
G1 X215.656 Y224.192 E18.56663
G1 X211.961 Y230.036 E19.72778
G1 X209.251 Y236.396 E20.88879
G1 X207.597 Y243.109 E22.04988
G1 X207.259 Y247.287 E22.75382
G1 X247.293 Y207.254 E32.26184
G1 X251.73 Y207.075 E33.00759
G1 X258.593 Y207.908 E34.16861
G1 X261.071 Y208.626 E34.60188
G1 X208.627 Y261.071 E47.05753
G1 X209.251 Y263.604 E47.49564
G1 X211.961 Y269.964 E48.65665
G1 X213.093 Y271.755 E49.01247
G1 X271.819 Y213.03 E62.95987
G1 X277.17 Y216.723 E64.05175
G1 X280.285 Y219.715 E64.77711
G1 X219.666 Y280.334 E79.17422
G1 X220.241 Y280.983 E79.31984
G1 X225.596 Y285.355 E80.48081
G1 X228.259 Y286.892 E80.99718
G1 X286.93 Y228.222 E94.93152
G1 X289.522 Y233.161 E95.86826
G1 X291.429 Y238.873 E96.87958
G1 X238.871 Y291.432 E109.36231
G1 X244.822 Y292.646 E110.3823
G1 X251.73 Y292.925 E111.54337
G1 X252.639 Y292.814 E111.69716
G1 X292.873 Y252.581 E121.25268
G1 X292.843 Y253.317 E121.37639
G1 X291.711 Y260.281 E122.56127
G1 X289.522 Y266.839 E123.72235
G1 X286.309 Y272.96 E124.88332
G1 X282.273 Y278.332 E126.01174
G1 X273.898 Y286.707 E128.00082
;LAYER_CHANGE
;Z:4.5
;HEIGHT:0.5
G1 Z4.5 F600
G1 X274.263 Y287.236
;TYPE:Perimeter
G1 X272.286 Y288.6 E128.40419
G1 X265.805 Y291.675 E129.6089
G1 X258.915 Y293.671 E130.81358
G1 X251.795 Y294.536 E132.0181
G1 X244.627 Y294.247 E133.22286
G1 X237.599 Y292.812 E134.42749
G1 X230.892 Y290.269 E135.6321
G1 X224.68 Y286.682 E136.83677
G1 X219.124 Y282.145 E138.04141
G1 X214.367 Y276.776 E139.24607
G1 X210.533 Y270.714 E140.45064
G1 X207.722 Y264.114 E141.65538
G1 X206.005 Y257.15 E142.85993
G1 X205.428 Y250 E144.0646
G1 X206.005 Y242.85 E145.26927
G1 X207.722 Y235.885 E146.47398
G1 X210.533 Y229.286 E147.67857
G1 X214.367 Y223.224 E148.88314
G1 X219.124 Y217.855 E150.0878
G1 X224.68 Y213.318 E151.29244
G1 X230.892 Y209.731 E152.49711
G1 X237.599 Y207.188 E153.70172
G1 X244.627 Y205.753 E154.90635
G1 X251.795 Y205.464 E156.11111
G1 X255.954 Y205.969 E156.8147
G1 X258.915 Y206.329 E157.31563
G1 X265.805 Y208.324 E158.52026
G1 X272.286 Y211.399 E159.72497
G1 X278.189 Y215.474 E160.92959
G1 X283.363 Y220.443 E162.13433
G1 X287.672 Y226.178 E163.33902
G1 X291.005 Y232.529 E164.54355
G1 X293.277 Y239.333 E165.74823
G1 X294.445 Y246.521 E166.97121
G1 X294.585 Y250 E167.55594
G1 X294.445 Y253.478 E168.1405
G1 X293.277 Y260.667 E169.36364
G1 X291.005 Y267.471 E170.56832
G1 X287.672 Y273.822 E171.77285
G1 X283.363 Y279.557 E172.97754
G1 X278.189 Y284.526 E174.18228
G1 X274.51 Y287.065 E174.93298
G1 E159.93298 F4800
G92 E0
G1 X275.727 Y288.829 F600
G1 E16 F1800
G1 F600
G1 X273.361 Y290.462 E16.4828
G1 X266.568 Y293.685 E17.7455
G1 X259.345 Y295.777 E19.00838
G1 X251.881 Y296.684 E20.2711
G1 X244.368 Y296.381 E21.53385
G1 X237.001 Y294.877 E22.79658
G1 X229.971 Y292.211 E24.05924
G1 X223.459 Y288.451 E25.32207
G1 X217.635 Y283.696 E26.58473
G1 X212.649 Y278.068 E27.84745
G1 X208.63 Y271.713 E29.11022
G1 X205.683 Y264.795 E30.37304
G1 X203.883 Y257.495 E31.63571
G1 X203.278 Y250 E32.89851
G1 X203.883 Y242.505 E34.16131
G1 X205.683 Y235.205 E35.42398
G1 X208.63 Y228.287 E36.6868
G1 X212.649 Y221.932 E37.94957
G1 X217.635 Y216.304 E39.21229
G1 X223.459 Y211.549 E40.47495
G1 X229.971 Y207.789 E41.73778
G1 X237.001 Y205.123 E43.00044
G1 X244.368 Y203.619 E44.26317
G1 X251.881 Y203.316 E45.52592
G1 X256.212 Y203.842 E46.25861
G1 X259.345 Y204.223 E46.78864
G1 X266.568 Y206.314 E48.05147
G1 X273.361 Y209.538 E49.31424
G1 X279.549 Y213.809 E50.57694
G1 X284.972 Y219.018 E51.83975
G1 X289.489 Y225.029 E53.10248
G1 X292.983 Y231.687 E54.36523
G1 X295.364 Y238.819 E55.62795
G1 X296.581 Y246.306 E56.90181
G1 X296.73 Y250 E57.52268
G1 X296.581 Y253.694 E58.14355
G1 X295.364 Y261.181 E59.41741
G1 X292.983 Y268.313 E60.68013
G1 X289.489 Y274.971 E61.94288
G1 X284.972 Y280.982 E63.20561
G1 X279.549 Y286.191 E64.46842
G1 X275.974 Y288.658 E65.19788
G1 E50.19788 F4800
G92 E0
G1 X277.191 Y290.422 F600
G1 E16 F1800
;TYPE:External perimeter
G1 F600
G1 X274.436 Y292.324 E16.56222
G1 X267.33 Y295.695 E17.88307
G1 X259.775 Y297.884 E19.20403
G1 X251.968 Y298.832 E20.52476
G1 X244.109 Y298.515 E21.84567
G1 X236.403 Y296.942 E23.16649
G1 X229.049 Y294.153 E24.48735
G1 X222.238 Y290.22 E25.80819
G1 X216.146 Y285.246 E27.12898
G1 X210.93 Y279.359 E28.44988
G1 X206.727 Y272.712 E29.77061
G1 X203.644 Y265.476 E31.09152
G1 X201.761 Y257.839 E32.41248
G1 X201.129 Y250 E33.73323
G1 X201.761 Y242.16 E35.05414
G1 X203.644 Y234.524 E36.37494
G1 X206.727 Y227.288 E37.69585
G1 X210.93 Y220.641 E39.01658
G1 X216.146 Y214.754 E40.33748
G1 X222.238 Y209.78 E41.65827
G1 X229.049 Y205.847 E42.97911
G1 X236.403 Y203.058 E44.29997
G1 X244.109 Y201.485 E45.62079
G1 X251.968 Y201.168 E46.9417
G1 X256.471 Y201.715 E47.70349
G1 X259.775 Y202.116 E48.26243
G1 X267.33 Y204.304 E49.58335
G1 X274.436 Y207.676 E50.90427
G1 X280.908 Y212.144 E52.22502
G1 X286.581 Y217.592 E53.54592
G1 X291.306 Y223.88 E54.86683
G1 X294.961 Y230.844 E56.18765
G1 X297.451 Y238.304 E57.50842
G1 X298.716 Y246.09 E58.83314
G1 X298.874 Y250 E59.49032
G1 X298.716 Y253.91 E60.1475
G1 X297.451 Y261.696 E61.47222
G1 X294.961 Y269.156 E62.79299
G1 X291.306 Y276.12 E64.11381
G1 X286.581 Y282.408 E65.43472
G1 X280.908 Y287.856 E66.75562
G1 X277.438 Y290.251 E67.4637
G1 X275.792 Y291.388
G1 E52.4637 F4800
G92 E0
G1 X287.125 Y226.521 F600
G1 E16 F1800
;TYPE:Internal infill
G1 F600
G1 X281.175 Y220.57 E17.41325
G1 X277.17 Y216.723 E18.34587
G1 X271.48 Y212.796 E19.50693
G1 X265.234 Y209.832 E20.66799
G1 X258.593 Y207.908 E21.82914
G1 X252.639 Y207.185 E22.83639
G1 X292.873 Y247.419 E32.39203
G1 X292.977 Y250 E32.82583
G1 X292.843 Y253.317 E33.38334
G1 X291.711 Y260.281 E34.56822
G1 X291.429 Y261.127 E34.71798
G1 X238.871 Y208.568 E47.20071
G1 X238.048 Y208.736 E47.34177
G1 X231.583 Y211.188 E48.50296
G1 X228.259 Y213.108 E49.14762
G1 X286.93 Y271.778 E63.08196
G1 X286.309 Y272.96 E63.30619
G1 X282.156 Y278.488 E64.46735
G1 X280.285 Y280.285 E64.90302
G1 X219.666 Y219.666 E79.30013
G1 X215.656 Y224.192 E80.31564
G1 X213.093 Y228.245 E81.12097
G1 X271.819 Y286.97 E95.06837
G1 X271.48 Y287.204 E95.13755
G1 X265.234 Y290.168 E96.29861
G1 X261.071 Y291.374 E97.02649
G1 X208.627 Y238.929 E109.48214
G1 X207.597 Y243.109 E110.20512
G1 X207.04 Y250 E111.36616
G1 X207.259 Y252.713 E111.82326
G1 X247.293 Y292.746 E121.33128
G1 X244.822 Y292.646 E121.7466
G1 X238.048 Y291.264 E122.90765
G1 X231.583 Y288.812 E124.06884
G1 X225.596 Y285.355 E125.22987
G1 X220.989 Y281.593 E126.22875
G1 X213.332 Y273.937 E128.04718
;LAYER_CHANGE
;Z:5
;HEIGHT:0.5
G1 Z5 F600
G1 X212.789 Y274.281
;TYPE:Perimeter
G1 X210.533 Y270.714 E128.75597
G1 X207.722 Y264.114 E129.96071
G1 X206.005 Y257.15 E131.16526
G1 X205.428 Y250 E132.36993
G1 X206.005 Y242.85 E133.5746
G1 X207.722 Y235.885 E134.77931
G1 X210.533 Y229.286 E135.9839
G1 X214.367 Y223.224 E137.18847
G1 X219.124 Y217.855 E138.39313
G1 X224.68 Y213.318 E139.59777
G1 X230.892 Y209.731 E140.80244
G1 X237.599 Y207.188 E142.00705
G1 X244.627 Y205.753 E143.21168
G1 X251.795 Y205.464 E144.41644
G1 X255.555 Y205.921 E145.05254
G1 X258.915 Y206.329 E145.62096
G1 X265.805 Y208.324 E146.82559
G1 X272.286 Y211.399 E148.0303
G1 X278.189 Y215.474 E149.23492
G1 X283.363 Y220.443 E150.43966
G1 X287.672 Y226.178 E151.64435
G1 X291.005 Y232.529 E152.84888
G1 X293.277 Y239.333 E154.05356
G1 X294.445 Y246.521 E155.27654
G1 X294.585 Y250 E155.86127
G1 X294.445 Y253.478 E156.44583
G1 X293.277 Y260.667 E157.66897
G1 X291.005 Y267.471 E158.87365
G1 X287.672 Y273.822 E160.07818
G1 X283.363 Y279.557 E161.28287
G1 X278.189 Y284.526 E162.48761
G1 X272.286 Y288.6 E163.69213
G1 X265.805 Y291.675 E164.89684
G1 X258.915 Y293.671 E166.10152
G1 X251.795 Y294.536 E167.30604
G1 X244.627 Y294.247 E168.5108
G1 X237.599 Y292.812 E169.71543
G1 X230.892 Y290.269 E170.92004
G1 X224.68 Y286.682 E172.12471
G1 X219.124 Y282.145 E173.32935
G1 X214.367 Y276.776 E174.53401
G1 X212.949 Y274.534 E174.97952
G1 E159.97952 F4800
G92 E0
G1 X211.138 Y275.679 F600
G1 E16 F1800
G1 F600
G1 X208.63 Y271.713 E16.78805
G1 X205.683 Y264.795 E18.05087
G1 X203.883 Y257.495 E19.31354
G1 X203.278 Y250 E20.57634
G1 X203.883 Y242.505 E21.83914
G1 X205.683 Y235.205 E23.10181
G1 X208.63 Y228.287 E24.36463
G1 X212.649 Y221.932 E25.6274
G1 X217.635 Y216.304 E26.89012
G1 X223.459 Y211.549 E28.15278
G1 X229.971 Y207.789 E29.41561
G1 X237.001 Y205.123 E30.67827
G1 X244.368 Y203.619 E31.941
G1 X251.881 Y203.316 E33.20375
G1 X255.813 Y203.794 E33.86895
G1 X259.345 Y204.223 E34.46647
G1 X266.568 Y206.314 E35.7293
G1 X273.361 Y209.538 E36.99207
G1 X279.549 Y213.809 E38.25477
G1 X284.972 Y219.018 E39.51758
G1 X289.489 Y225.029 E40.78031
G1 X292.983 Y231.687 E42.04306
G1 X295.364 Y238.819 E43.30578
G1 X296.581 Y246.306 E44.57964
G1 X296.73 Y250 E45.20051
G1 X296.581 Y253.694 E45.82138
G1 X295.364 Y261.181 E47.09524
G1 X292.983 Y268.313 E48.35796
G1 X289.489 Y274.971 E49.62071
G1 X284.972 Y280.982 E50.88344
G1 X279.549 Y286.191 E52.14625
G1 X273.361 Y290.462 E53.40895
G1 X266.568 Y293.685 E54.67165
G1 X259.345 Y295.777 E55.93453
G1 X251.881 Y296.684 E57.19725
G1 X244.368 Y296.381 E58.46
G1 X237.001 Y294.877 E59.72273
G1 X229.971 Y292.211 E60.98539
G1 X223.459 Y288.451 E62.24822
G1 X217.635 Y283.696 E63.51088
G1 X212.649 Y278.068 E64.7736
G1 X211.299 Y275.933 E65.19782
G1 E50.19782 F4800
G92 E0
G1 X209.488 Y277.078 F600
G1 E16 F1800
;TYPE:External perimeter
G1 F600
G1 X206.727 Y272.712 E16.86753
G1 X203.644 Y265.476 E18.18844
G1 X201.761 Y257.839 E19.5094
G1 X201.129 Y250 E20.83015
G1 X201.761 Y242.16 E22.15106
G1 X203.644 Y234.524 E23.47186
G1 X206.727 Y227.288 E24.79277
G1 X210.93 Y220.641 E26.1135
G1 X216.146 Y214.754 E27.4344
G1 X222.238 Y209.78 E28.75519
G1 X229.049 Y205.847 E30.07603
G1 X236.403 Y203.058 E31.39689
G1 X244.109 Y201.485 E32.71771
G1 X251.968 Y201.168 E34.03862
G1 X256.071 Y201.667 E34.73275
G1 X259.775 Y202.116 E35.35935
G1 X267.33 Y204.304 E36.68027
G1 X274.436 Y207.676 E38.00119
G1 X280.908 Y212.144 E39.32194
G1 X286.581 Y217.592 E40.64284
G1 X291.306 Y223.88 E41.96375
G1 X294.961 Y230.844 E43.28457
G1 X297.451 Y238.304 E44.60534
G1 X298.716 Y246.09 E45.93006
G1 X298.874 Y250 E46.58724
G1 X298.716 Y253.91 E47.24442
G1 X297.451 Y261.696 E48.56914
G1 X294.961 Y269.156 E49.88991
G1 X291.306 Y276.12 E51.21073
G1 X286.581 Y282.408 E52.53164
G1 X280.908 Y287.856 E53.85254
G1 X274.436 Y292.324 E55.17329
G1 X267.33 Y295.695 E56.49414
G1 X259.775 Y297.884 E57.8151
G1 X251.968 Y298.832 E59.13583
G1 X244.109 Y298.515 E60.45674
G1 X236.403 Y296.942 E61.77756
G1 X229.049 Y294.153 E63.09842
G1 X222.238 Y290.22 E64.41926
G1 X216.146 Y285.246 E65.74005
G1 X210.93 Y279.359 E67.06095
G1 X209.648 Y277.332 E67.46373
G1 X208.579 Y275.641
G1 E52.46373 F4800
G92 E0
G1 X273.898 Y286.707 F600
G1 E16 F1800
;TYPE:Internal infill
G1 F600
G1 X282.273 Y278.332 E17.98908
G1 X286.309 Y272.96 E19.1175
G1 X289.522 Y266.839 E20.27847
G1 X291.711 Y260.281 E21.43955
G1 X292.843 Y253.317 E22.62443
G1 X292.873 Y252.581 E22.74814
G1 X252.639 Y292.814 E32.30366
G1 X251.73 Y292.925 E32.45745
G1 X244.822 Y292.646 E33.61852
G1 X238.871 Y291.432 E34.63851
G1 X291.429 Y238.873 E47.12124
G1 X289.522 Y233.161 E48.13256
G1 X286.93 Y228.222 E49.0693
G1 X228.259 Y286.892 E63.00364
G1 X225.596 Y285.355 E63.52001
G1 X220.241 Y280.983 E64.68098
G1 X219.666 Y280.334 E64.8266
G1 X280.285 Y219.715 E79.22371
G1 X277.17 Y216.723 E79.94907
G1 X271.819 Y213.03 E81.04095
G1 X213.093 Y271.755 E94.98835
G1 X211.961 Y269.964 E95.34417
G1 X209.251 Y263.604 E96.50518
G1 X208.627 Y261.071 E96.94329
G1 X261.071 Y208.626 E109.39894
G1 X258.593 Y207.908 E109.83221
G1 X251.73 Y207.075 E110.99323
G1 X247.293 Y207.254 E111.73898
G1 X207.259 Y247.287 E121.247
G1 X207.597 Y243.109 E121.95094
G1 X209.251 Y236.396 E123.11203
G1 X211.961 Y230.036 E124.27304
G1 X215.656 Y224.192 E125.43419
G1 X219.175 Y220.221 E126.32525
G1 X226.23 Y213.166 E128.00082
;LAYER_CHANGE
;Z:5.5
;HEIGHT:0.5
G1 Z5.5 F600
G1 X225.908 Y212.609
;TYPE:Perimeter
G1 X230.892 Y209.731 E128.96735
G1 X237.599 Y207.188 E130.17196
G1 X244.627 Y205.753 E131.37659
G1 X251.795 Y205.464 E132.58135
G1 X255.155 Y205.872 E133.14977
G1 X258.915 Y206.329 E133.78587
G1 X265.805 Y208.324 E134.9905
G1 X272.286 Y211.399 E136.19521
G1 X278.189 Y215.474 E137.39983
G1 X283.363 Y220.443 E138.60457
G1 X287.672 Y226.178 E139.80926
G1 X291.005 Y232.529 E141.01379
G1 X293.277 Y239.333 E142.21847
G1 X294.445 Y246.521 E143.44145
G1 X294.585 Y250 E144.02618
G1 X294.445 Y253.478 E144.61074
G1 X293.277 Y260.667 E145.83388
G1 X291.005 Y267.471 E147.03856
G1 X287.672 Y273.822 E148.24309
G1 X283.363 Y279.557 E149.44778
G1 X278.189 Y284.526 E150.65252
G1 X272.286 Y288.6 E151.85704
G1 X265.805 Y291.675 E153.06175
G1 X258.915 Y293.671 E154.26643
G1 X251.795 Y294.536 E155.47095
G1 X244.627 Y294.247 E156.67571
G1 X237.599 Y292.812 E157.88034
G1 X230.892 Y290.269 E159.08495
G1 X224.68 Y286.682 E160.28962
G1 X219.124 Y282.145 E161.49426
G1 X214.367 Y276.776 E162.69892
G1 X210.533 Y270.714 E163.90349
G1 X207.722 Y264.114 E165.10823
G1 X206.005 Y257.15 E166.31278
G1 X205.428 Y250 E167.51745
G1 X206.005 Y242.85 E168.72212
G1 X207.722 Y235.885 E169.92683
G1 X210.533 Y229.286 E171.13142
G1 X214.367 Y223.224 E172.33599
G1 X219.124 Y217.855 E173.54065
G1 X224.68 Y213.318 E174.74529
G1 X225.648 Y212.759 E174.93301
G1 E159.93301 F4800
G92 E0
G1 X224.577 Y210.903 F600
G1 E16 F1800
G1 F600
G1 X229.971 Y207.789 E17.04598
G1 X237.001 Y205.123 E18.30864
G1 X244.368 Y203.619 E19.57137
G1 X251.881 Y203.316 E20.83412
G1 X255.414 Y203.745 E21.43181
G1 X259.345 Y204.223 E22.09684
G1 X266.568 Y206.314 E23.35967
G1 X273.361 Y209.538 E24.62244
G1 X279.549 Y213.809 E25.88514
G1 X284.972 Y219.018 E27.14795
G1 X289.489 Y225.029 E28.41068
G1 X292.983 Y231.687 E29.67343
G1 X295.364 Y238.819 E30.93615
G1 X296.581 Y246.306 E32.21001
G1 X296.73 Y250 E32.83088
G1 X296.581 Y253.694 E33.45175
G1 X295.364 Y261.181 E34.72561
G1 X292.983 Y268.313 E35.98833
G1 X289.489 Y274.971 E37.25108
G1 X284.972 Y280.982 E38.51381
G1 X279.549 Y286.191 E39.77662
G1 X273.361 Y290.462 E41.03932
G1 X266.568 Y293.685 E42.30202
G1 X259.345 Y295.777 E43.5649
G1 X251.881 Y296.684 E44.82762
G1 X244.368 Y296.381 E46.09037
G1 X237.001 Y294.877 E47.3531
G1 X229.971 Y292.211 E48.61576
G1 X223.459 Y288.451 E49.87859
G1 X217.635 Y283.696 E51.14125
G1 X212.649 Y278.068 E52.40397
G1 X208.63 Y271.713 E53.66674
G1 X205.683 Y264.795 E54.92956
G1 X203.883 Y257.495 E56.19223
G1 X203.278 Y250 E57.45503
G1 X203.883 Y242.505 E58.71783
G1 X205.683 Y235.205 E59.9805
G1 X208.63 Y228.287 E61.24332
G1 X212.649 Y221.932 E62.50609
G1 X217.635 Y216.304 E63.76881
G1 X223.459 Y211.549 E65.03147
G1 X224.317 Y211.053 E65.19791
G1 E50.19791 F4800
G92 E0
G1 X223.246 Y209.198 F600
G1 E16 F1800
;TYPE:External perimeter
G1 F600
G1 X229.049 Y205.847 E17.12537
G1 X236.403 Y203.058 E18.44623
G1 X244.109 Y201.485 E19.76705
G1 X251.968 Y201.168 E21.08796
G1 X255.672 Y201.618 E21.71458
G1 X259.775 Y202.116 E22.40869
G1 X267.33 Y204.304 E23.72961
G1 X274.436 Y207.676 E25.05053
G1 X280.908 Y212.144 E26.37128
G1 X286.581 Y217.592 E27.69218
G1 X291.306 Y223.88 E29.01309
G1 X294.961 Y230.844 E30.33391
G1 X297.451 Y238.304 E31.65468
G1 X298.716 Y246.09 E32.9794
G1 X298.874 Y250 E33.63658
G1 X298.716 Y253.91 E34.29376
G1 X297.451 Y261.696 E35.61848
G1 X294.961 Y269.156 E36.93925
G1 X291.306 Y276.12 E38.26007
G1 X286.581 Y282.408 E39.58098
G1 X280.908 Y287.856 E40.90188
G1 X274.436 Y292.324 E42.22263
G1 X267.33 Y295.695 E43.54348
G1 X259.775 Y297.884 E44.86444
G1 X251.968 Y298.832 E46.18517
G1 X244.109 Y298.515 E47.50608
G1 X236.403 Y296.942 E48.8269
G1 X229.049 Y294.153 E50.14776
G1 X222.238 Y290.22 E51.4686
G1 X216.146 Y285.246 E52.78939
G1 X210.93 Y279.359 E54.11029
G1 X206.727 Y272.712 E55.43102
G1 X203.644 Y265.476 E56.75193
G1 X201.761 Y257.839 E58.07289
G1 X201.129 Y250 E59.39364
G1 X201.761 Y242.16 E60.71455
G1 X203.644 Y234.524 E62.03535
G1 X206.727 Y227.288 E63.35626
G1 X210.93 Y220.641 E64.67699
G1 X216.146 Y214.754 E65.99789
G1 X222.238 Y209.78 E67.31868
G1 X222.986 Y209.348 E67.46374
G1 X224.718 Y208.348
G1 E52.46374 F4800
G92 E0
G1 X213.332 Y273.937 F600
G1 E16 F1800
;TYPE:Internal infill
G1 F600
G1 X220.989 Y281.593 E17.81843
G1 X225.596 Y285.355 E18.81731
G1 X231.583 Y288.812 E19.97834
G1 X238.048 Y291.264 E21.13953
G1 X244.822 Y292.646 E22.30058
G1 X247.293 Y292.746 E22.7159
G1 X207.259 Y252.713 E32.22392
G1 X207.04 Y250 E32.68102
G1 X207.597 Y243.109 E33.84206
G1 X208.627 Y238.929 E34.56504
G1 X261.071 Y291.374 E47.02069
G1 X265.234 Y290.168 E47.74857
G1 X271.48 Y287.204 E48.90963
G1 X271.819 Y286.97 E48.97881
G1 X213.093 Y228.245 E62.92621
G1 X215.656 Y224.192 E63.73154
G1 X219.666 Y219.666 E64.74705
G1 X280.285 Y280.285 E79.14416
G1 X282.156 Y278.488 E79.57983
G1 X286.309 Y272.96 E80.74099
G1 X286.93 Y271.778 E80.96522
G1 X228.259 Y213.108 E94.89956
G1 X231.583 Y211.188 E95.54422
G1 X238.048 Y208.736 E96.70541
G1 X238.871 Y208.568 E96.84647
G1 X291.429 Y261.127 E109.3292
G1 X291.711 Y260.281 E109.47896
G1 X292.843 Y253.317 E110.66384
G1 X292.977 Y250 E111.22135
G1 X292.873 Y247.419 E111.65515
G1 X252.639 Y207.185 E121.21079
G1 X258.593 Y207.908 E122.21804
G1 X265.234 Y209.832 E123.37919
G1 X271.48 Y212.796 E124.54025
G1 X277.17 Y216.723 E125.70131
G1 X281.175 Y220.57 E126.63393
G1 X287.125 Y226.521 E128.04718
;LAYER_CHANGE
;Z:6
;HEIGHT:0.5
G1 Z6 F600
G1 X287.639 Y226.135
;TYPE:Perimeter
G1 X287.672 Y226.178 E128.05628
G1 X291.005 Y232.529 E129.26081
G1 X293.277 Y239.333 E130.46549
G1 X294.445 Y246.521 E131.68847
G1 X294.585 Y250 E132.2732
G1 X294.445 Y253.478 E132.85776
G1 X293.277 Y260.667 E134.0809
G1 X291.005 Y267.471 E135.28558
G1 X287.672 Y273.822 E136.49011
G1 X283.363 Y279.557 E137.6948
G1 X278.189 Y284.526 E138.89954
G1 X272.286 Y288.6 E140.10406
G1 X265.805 Y291.675 E141.30877
G1 X258.915 Y293.671 E142.51345
G1 X251.795 Y294.536 E143.71797
G1 X244.627 Y294.247 E144.92273
G1 X237.599 Y292.812 E146.12736
G1 X230.892 Y290.269 E147.33197
G1 X224.68 Y286.682 E148.53664
G1 X219.124 Y282.145 E149.74128
G1 X214.367 Y276.776 E150.94594
G1 X210.533 Y270.714 E152.15051
G1 X207.722 Y264.114 E153.35525
G1 X206.005 Y257.15 E154.5598
G1 X205.428 Y250 E155.76447
G1 X206.005 Y242.85 E156.96914
G1 X207.722 Y235.885 E158.17385
G1 X210.533 Y229.286 E159.37844
G1 X214.367 Y223.224 E160.58301
G1 X219.124 Y217.855 E161.78767
G1 X224.68 Y213.318 E162.99231
G1 X230.892 Y209.731 E164.19698
G1 X237.599 Y207.188 E165.40159
G1 X244.627 Y205.753 E166.60622
G1 X251.795 Y205.464 E167.81098
G1 X254.756 Y205.824 E168.31191
G1 X258.915 Y206.329 E169.0155
G1 X265.805 Y208.324 E170.22013
G1 X272.286 Y211.399 E171.42484
G1 X278.189 Y215.474 E172.62946
G1 X283.363 Y220.443 E173.8342
G1 X287.459 Y225.895 E174.97941
G1 E159.97941 F4800
G92 E0
G1 X289.172 Y224.608 F600
G1 E16 F1800
G1 F600
G1 X289.489 Y225.029 E16.0885
G1 X292.983 Y231.687 E17.35125
G1 X295.364 Y238.819 E18.61397
G1 X296.581 Y246.306 E19.88783
G1 X296.73 Y250 E20.5087
G1 X296.581 Y253.694 E21.12957
G1 X295.364 Y261.181 E22.40343
G1 X292.983 Y268.313 E23.66615
G1 X289.489 Y274.971 E24.9289
G1 X284.972 Y280.982 E26.19163
G1 X279.549 Y286.191 E27.45444
G1 X273.361 Y290.462 E28.71714
G1 X266.568 Y293.685 E29.97984
G1 X259.345 Y295.777 E31.24272
G1 X251.881 Y296.684 E32.50544
G1 X244.368 Y296.381 E33.76819
G1 X237.001 Y294.877 E35.03092
G1 X229.971 Y292.211 E36.29358
G1 X223.459 Y288.451 E37.55641
G1 X217.635 Y283.696 E38.81907
G1 X212.649 Y278.068 E40.08179
G1 X208.63 Y271.713 E41.34456
G1 X205.683 Y264.795 E42.60738
G1 X203.883 Y257.495 E43.87005
G1 X203.278 Y250 E45.13285
G1 X203.883 Y242.505 E46.39565
G1 X205.683 Y235.205 E47.65832
G1 X208.63 Y228.287 E48.92114
G1 X212.649 Y221.932 E50.18391
G1 X217.635 Y216.304 E51.44663
G1 X223.459 Y211.549 E52.70929
G1 X229.971 Y207.789 E53.97212
G1 X237.001 Y205.123 E55.23478
G1 X244.368 Y203.619 E56.49751
G1 X251.881 Y203.316 E57.76026
G1 X255.014 Y203.697 E58.29029
G1 X259.345 Y204.223 E59.02298
G1 X266.568 Y206.314 E60.28581
G1 X273.361 Y209.538 E61.54858
G1 X279.549 Y213.809 E62.81128
G1 X284.972 Y219.018 E64.07409
G1 X288.992 Y224.368 E65.19794
G1 E50.19794 F4800
G92 E0
G1 X290.705 Y223.081 F600
G1 E16 F1800
;TYPE:External perimeter
G1 F600
G1 X291.306 Y223.88 E16.16791
G1 X294.961 Y230.844 E17.48873
G1 X297.451 Y238.304 E18.8095
G1 X298.716 Y246.09 E20.13422
G1 X298.874 Y250 E20.7914
G1 X298.716 Y253.91 E21.44858
G1 X297.451 Y261.696 E22.7733
G1 X294.961 Y269.156 E24.09407
G1 X291.306 Y276.12 E25.41489
G1 X286.581 Y282.408 E26.7358
G1 X280.908 Y287.856 E28.0567
G1 X274.436 Y292.324 E29.37745
G1 X267.33 Y295.695 E30.6983
G1 X259.775 Y297.884 E32.01926
G1 X251.968 Y298.832 E33.33999
G1 X244.109 Y298.515 E34.6609
G1 X236.403 Y296.942 E35.98172
G1 X229.049 Y294.153 E37.30258
G1 X222.238 Y290.22 E38.62342
G1 X216.146 Y285.246 E39.94421
G1 X210.93 Y279.359 E41.26511
G1 X206.727 Y272.712 E42.58584
G1 X203.644 Y265.476 E43.90675
G1 X201.761 Y257.839 E45.22771
G1 X201.129 Y250 E46.54846
G1 X201.761 Y242.16 E47.86937
G1 X203.644 Y234.524 E49.19017
G1 X206.727 Y227.288 E50.51108
G1 X210.93 Y220.641 E51.83181
G1 X216.146 Y214.754 E53.15271
G1 X222.238 Y209.78 E54.4735
G1 X229.049 Y205.847 E55.79434
G1 X236.403 Y203.058 E57.1152
G1 X244.109 Y201.485 E58.43602
G1 X251.968 Y201.168 E59.75693
G1 X255.273 Y201.57 E60.31606
G1 X259.775 Y202.116 E61.07766
G1 X267.33 Y204.304 E62.39858
G1 X274.436 Y207.676 E63.7195
G1 X280.908 Y212.144 E65.04025
G1 X286.581 Y217.592 E66.36115
G1 X290.525 Y222.841 E67.46377
G1 X291.611 Y224.52
G1 E52.46377 F4800
G92 E0
G1 X226.23 Y213.166 F600
G1 E16 F1800
;TYPE:Internal infill
G1 F600
G1 X219.175 Y220.221 E17.67557
G1 X215.656 Y224.192 E18.56663
G1 X211.961 Y230.036 E19.72778
G1 X209.251 Y236.396 E20.88879
G1 X207.597 Y243.109 E22.04988
G1 X207.259 Y247.287 E22.75382
G1 X247.293 Y207.254 E32.26184
G1 X251.73 Y207.075 E33.00759
G1 X258.593 Y207.908 E34.16861
G1 X261.071 Y208.626 E34.60188
G1 X208.627 Y261.071 E47.05753
G1 X209.251 Y263.604 E47.49564
G1 X211.961 Y269.964 E48.65665
G1 X213.093 Y271.755 E49.01247
G1 X271.819 Y213.03 E62.95987
G1 X277.17 Y216.723 E64.05175
G1 X280.285 Y219.715 E64.77711
G1 X219.666 Y280.334 E79.17422
G1 X220.241 Y280.983 E79.31984
G1 X225.596 Y285.355 E80.48081
G1 X228.259 Y286.892 E80.99718
G1 X286.93 Y228.222 E94.93152
G1 X289.522 Y233.161 E95.86826
G1 X291.429 Y238.873 E96.87958
G1 X238.871 Y291.432 E109.36231
G1 X244.822 Y292.646 E110.3823
G1 X251.73 Y292.925 E111.54337
G1 X252.639 Y292.814 E111.69716
G1 X292.873 Y252.581 E121.25268
G1 X292.843 Y253.317 E121.37639
G1 X291.711 Y260.281 E122.56127
G1 X289.522 Y266.839 E123.72235
G1 X286.309 Y272.96 E124.88332
G1 X282.273 Y278.332 E126.01174
G1 X273.898 Y286.707 E128.00082
;LAYER_CHANGE
;Z:6.5
;HEIGHT:0.5
G1 Z6.5 F600
G1 X274.263 Y287.236
;TYPE:Perimeter
G1 X272.286 Y288.6 E128.40419
G1 X265.805 Y291.675 E129.6089
G1 X258.915 Y293.671 E130.81358
G1 X251.795 Y294.536 E132.0181
G1 X244.627 Y294.247 E133.22286
G1 X237.599 Y292.812 E134.42749
G1 X230.892 Y290.269 E135.6321
G1 X224.68 Y286.682 E136.83677
G1 X219.124 Y282.145 E138.04141
G1 X214.367 Y276.776 E139.24607
G1 X210.533 Y270.714 E140.45064
G1 X207.722 Y264.114 E141.65538
G1 X206.005 Y257.15 E142.85993
G1 X205.428 Y250 E144.0646
G1 X206.005 Y242.85 E145.26927
G1 X207.722 Y235.885 E146.47398
G1 X210.533 Y229.286 E147.67857
G1 X214.367 Y223.224 E148.88314
G1 X219.124 Y217.855 E150.0878
G1 X224.68 Y213.318 E151.29244
G1 X230.892 Y209.731 E152.49711
G1 X237.599 Y207.188 E153.70172
G1 X244.627 Y205.753 E154.90635
G1 X251.795 Y205.464 E156.11111
G1 X254.357 Y205.775 E156.54453
G1 X258.915 Y206.329 E157.31563
G1 X265.805 Y208.324 E158.52026
G1 X272.286 Y211.399 E159.72497
G1 X278.189 Y215.474 E160.92959
G1 X283.363 Y220.443 E162.13433
G1 X287.672 Y226.178 E163.33902
G1 X291.005 Y232.529 E164.54355
G1 X293.277 Y239.333 E165.74823
G1 X294.445 Y246.521 E166.97121
G1 X294.585 Y250 E167.55594
G1 X294.445 Y253.478 E168.1405
G1 X293.277 Y260.667 E169.36364
G1 X291.005 Y267.471 E170.56832
G1 X287.672 Y273.822 E171.77285
G1 X283.363 Y279.557 E172.97754
G1 X278.189 Y284.526 E174.18228
G1 X274.51 Y287.065 E174.93298
G1 E159.93298 F4800
G92 E0
G1 X275.727 Y288.829 F600
G1 E16 F1800
G1 F600
G1 X273.361 Y290.462 E16.4828
G1 X266.568 Y293.685 E17.7455
G1 X259.345 Y295.777 E19.00838
G1 X251.881 Y296.684 E20.2711
G1 X244.368 Y296.381 E21.53385
G1 X237.001 Y294.877 E22.79658
G1 X229.971 Y292.211 E24.05924
G1 X223.459 Y288.451 E25.32207
G1 X217.635 Y283.696 E26.58473
G1 X212.649 Y278.068 E27.84745
G1 X208.63 Y271.713 E29.11022
G1 X205.683 Y264.795 E30.37304
G1 X203.883 Y257.495 E31.63571
G1 X203.278 Y250 E32.89851
G1 X203.883 Y242.505 E34.16131
G1 X205.683 Y235.205 E35.42398
G1 X208.63 Y228.287 E36.6868
G1 X212.649 Y221.932 E37.94957
G1 X217.635 Y216.304 E39.21229
G1 X223.459 Y211.549 E40.47495
G1 X229.971 Y207.789 E41.73778
G1 X237.001 Y205.123 E43.00044
G1 X244.368 Y203.619 E44.26317
G1 X251.881 Y203.316 E45.52592
G1 X254.615 Y203.648 E45.98844
G1 X259.345 Y204.223 E46.78864
G1 X266.568 Y206.314 E48.05147
G1 X273.361 Y209.538 E49.31424
G1 X279.549 Y213.809 E50.57694
G1 X284.972 Y219.018 E51.83975
G1 X289.489 Y225.029 E53.10248
G1 X292.983 Y231.687 E54.36523
G1 X295.364 Y238.819 E55.62795
G1 X296.581 Y246.306 E56.90181
G1 X296.73 Y250 E57.52268
G1 X296.581 Y253.694 E58.14355
G1 X295.364 Y261.181 E59.41741
G1 X292.983 Y268.313 E60.68013
G1 X289.489 Y274.971 E61.94288
G1 X284.972 Y280.982 E63.20561
G1 X279.549 Y286.191 E64.46842
G1 X275.974 Y288.658 E65.19788
G1 E50.19788 F4800
G92 E0
G1 X277.191 Y290.422 F600
G1 E16 F1800
;TYPE:External perimeter
G1 F600
G1 X274.436 Y292.324 E16.56222
G1 X267.33 Y295.695 E17.88307
G1 X259.775 Y297.884 E19.20403
G1 X251.968 Y298.832 E20.52476
G1 X244.109 Y298.515 E21.84567
G1 X236.403 Y296.942 E23.16649
G1 X229.049 Y294.153 E24.48735
G1 X222.238 Y290.22 E25.80819
G1 X216.146 Y285.246 E27.12898
G1 X210.93 Y279.359 E28.44988
G1 X206.727 Y272.712 E29.77061
G1 X203.644 Y265.476 E31.09152
G1 X201.761 Y257.839 E32.41248
G1 X201.129 Y250 E33.73323
G1 X201.761 Y242.16 E35.05414
G1 X203.644 Y234.524 E36.37494
G1 X206.727 Y227.288 E37.69585
G1 X210.93 Y220.641 E39.01658
G1 X216.146 Y214.754 E40.33748
G1 X222.238 Y209.78 E41.65827
G1 X229.049 Y205.847 E42.97911
G1 X236.403 Y203.058 E44.29997
G1 X244.109 Y201.485 E45.62079
G1 X251.968 Y201.168 E46.9417
G1 X254.873 Y201.521 E47.43315
G1 X259.775 Y202.116 E48.26243
G1 X267.33 Y204.304 E49.58335
G1 X274.436 Y207.676 E50.90427
G1 X280.908 Y212.144 E52.22502
G1 X286.581 Y217.592 E53.54592
G1 X291.306 Y223.88 E54.86683
G1 X294.961 Y230.844 E56.18765
G1 X297.451 Y238.304 E57.50842
G1 X298.716 Y246.09 E58.83314
G1 X298.874 Y250 E59.49032
G1 X298.716 Y253.91 E60.1475
G1 X297.451 Y261.696 E61.47222
G1 X294.961 Y269.156 E62.79299
G1 X291.306 Y276.12 E64.11381
G1 X286.581 Y282.408 E65.43472
G1 X280.908 Y287.856 E66.75562
G1 X277.438 Y290.251 E67.4637
G1 X275.792 Y291.388
G1 E52.4637 F4800
G92 E0
G1 X287.125 Y226.521 F600
G1 E16 F1800
;TYPE:Internal infill
G1 F600
G1 X281.175 Y220.57 E17.41325
G1 X277.17 Y216.723 E18.34587
G1 X271.48 Y212.796 E19.50693
G1 X265.234 Y209.832 E20.66799
G1 X258.593 Y207.908 E21.82914
G1 X252.639 Y207.185 E22.83639
G1 X292.873 Y247.419 E32.39203
G1 X292.977 Y250 E32.82583
G1 X292.843 Y253.317 E33.38334
G1 X291.711 Y260.281 E34.56822
G1 X291.429 Y261.127 E34.71798
G1 X238.871 Y208.568 E47.20071
G1 X238.048 Y208.736 E47.34177
G1 X231.583 Y211.188 E48.50296
G1 X228.259 Y213.108 E49.14762
G1 X286.93 Y271.778 E63.08196
G1 X286.309 Y272.96 E63.30619
G1 X282.156 Y278.488 E64.46735
G1 X280.285 Y280.285 E64.90302
G1 X219.666 Y219.666 E79.30013
G1 X215.656 Y224.192 E80.31564
G1 X213.093 Y228.245 E81.12097
G1 X271.819 Y286.97 E95.06837
G1 X271.48 Y287.204 E95.13755
G1 X265.234 Y290.168 E96.29861
G1 X261.071 Y291.374 E97.02649
G1 X208.627 Y238.929 E109.48214
G1 X207.597 Y243.109 E110.20512
G1 X207.04 Y250 E111.36616
G1 X207.259 Y252.713 E111.82326
G1 X247.293 Y292.746 E121.33128
G1 X244.822 Y292.646 E121.7466
G1 X238.048 Y291.264 E122.90765
G1 X231.583 Y288.812 E124.06884
G1 X225.596 Y285.355 E125.22987
G1 X220.989 Y281.593 E126.22875
G1 X213.332 Y273.937 E128.04718
;LAYER_CHANGE
;Z:7
;HEIGHT:0.5
G1 Z7 F600
G1 X212.789 Y274.281
;TYPE:Perimeter
G1 X210.533 Y270.714 E128.75597
G1 X207.722 Y264.114 E129.96071
G1 X206.005 Y257.15 E131.16526
G1 X205.428 Y250 E132.36993
G1 X206.005 Y242.85 E133.5746
G1 X207.722 Y235.885 E134.77931
G1 X210.533 Y229.286 E135.9839
G1 X214.367 Y223.224 E137.18847
G1 X219.124 Y217.855 E138.39313
G1 X224.68 Y213.318 E139.59777
G1 X230.892 Y209.731 E140.80244
G1 X237.599 Y207.188 E142.00705
G1 X244.627 Y205.753 E143.21168
G1 X251.795 Y205.464 E144.41644
G1 X253.957 Y205.727 E144.7822
G1 X258.915 Y206.329 E145.62096
G1 X265.805 Y208.324 E146.82559
G1 X272.286 Y211.399 E148.0303
G1 X278.189 Y215.474 E149.23492
G1 X283.363 Y220.443 E150.43966
G1 X287.672 Y226.178 E151.64435
G1 X291.005 Y232.529 E152.84888
G1 X293.277 Y239.333 E154.05356
G1 X294.445 Y246.521 E155.27654
G1 X294.585 Y250 E155.86127
G1 X294.445 Y253.478 E156.44583
G1 X293.277 Y260.667 E157.66897
G1 X291.005 Y267.471 E158.87365
G1 X287.672 Y273.822 E160.07818
G1 X283.363 Y279.557 E161.28287
G1 X278.189 Y284.526 E162.48761
G1 X272.286 Y288.6 E163.69213
G1 X265.805 Y291.675 E164.89684
G1 X258.915 Y293.671 E166.10152
G1 X251.795 Y294.536 E167.30604
G1 X244.627 Y294.247 E168.5108
G1 X237.599 Y292.812 E169.71543
G1 X230.892 Y290.269 E170.92004
G1 X224.68 Y286.682 E172.12471
G1 X219.124 Y282.145 E173.32935
G1 X214.367 Y276.776 E174.53401
G1 X212.949 Y274.534 E174.97952
G1 E159.97952 F4800
G92 E0
G1 X211.138 Y275.679 F600
G1 E16 F1800
G1 F600
G1 X208.63 Y271.713 E16.78805
G1 X205.683 Y264.795 E18.05087
G1 X203.883 Y257.495 E19.31354
G1 X203.278 Y250 E20.57634
G1 X203.883 Y242.505 E21.83914
G1 X205.683 Y235.205 E23.10181
G1 X208.63 Y228.287 E24.36463
G1 X212.649 Y221.932 E25.6274
G1 X217.635 Y216.304 E26.89012
G1 X223.459 Y211.549 E28.15278
G1 X229.971 Y207.789 E29.41561
G1 X237.001 Y205.123 E30.67827
G1 X244.368 Y203.619 E31.941
G1 X251.881 Y203.316 E33.20375
G1 X254.215 Y203.6 E33.59861
G1 X259.345 Y204.223 E34.46647
G1 X266.568 Y206.314 E35.7293
G1 X273.361 Y209.538 E36.99207
G1 X279.549 Y213.809 E38.25477
G1 X284.972 Y219.018 E39.51758
G1 X289.489 Y225.029 E40.78031
G1 X292.983 Y231.687 E42.04306
G1 X295.364 Y238.819 E43.30578
G1 X296.581 Y246.306 E44.57964
G1 X296.73 Y250 E45.20051
G1 X296.581 Y253.694 E45.82138
G1 X295.364 Y261.181 E47.09524
G1 X292.983 Y268.313 E48.35796
G1 X289.489 Y274.971 E49.62071
G1 X284.972 Y280.982 E50.88344
G1 X279.549 Y286.191 E52.14625
G1 X273.361 Y290.462 E53.40895
G1 X266.568 Y293.685 E54.67165
G1 X259.345 Y295.777 E55.93453
G1 X251.881 Y296.684 E57.19725
G1 X244.368 Y296.381 E58.46
G1 X237.001 Y294.877 E59.72273
G1 X229.971 Y292.211 E60.98539
G1 X223.459 Y288.451 E62.24822
G1 X217.635 Y283.696 E63.51088
G1 X212.649 Y278.068 E64.7736
G1 X211.299 Y275.933 E65.19782
G1 E50.19782 F4800
G92 E0
G1 X209.488 Y277.078 F600
G1 E16 F1800
;TYPE:External perimeter
G1 F600
G1 X206.727 Y272.712 E16.86753
G1 X203.644 Y265.476 E18.18844
G1 X201.761 Y257.839 E19.5094
G1 X201.129 Y250 E20.83015
G1 X201.761 Y242.16 E22.15106
G1 X203.644 Y234.524 E23.47186
G1 X206.727 Y227.288 E24.79277
G1 X210.93 Y220.641 E26.1135
G1 X216.146 Y214.754 E27.4344
G1 X222.238 Y209.78 E28.75519
G1 X229.049 Y205.847 E30.07603
G1 X236.403 Y203.058 E31.39689
G1 X244.109 Y201.485 E32.71771
G1 X251.968 Y201.168 E34.03862
G1 X254.474 Y201.473 E34.46258
G1 X259.775 Y202.116 E35.35935
G1 X267.33 Y204.304 E36.68027
G1 X274.436 Y207.676 E38.00119
G1 X280.908 Y212.144 E39.32194
G1 X286.581 Y217.592 E40.64284
G1 X291.306 Y223.88 E41.96375
G1 X294.961 Y230.844 E43.28457
G1 X297.451 Y238.304 E44.60534
G1 X298.716 Y246.09 E45.93006
G1 X298.874 Y250 E46.58724
G1 X298.716 Y253.91 E47.24442
G1 X297.451 Y261.696 E48.56914
G1 X294.961 Y269.156 E49.88991
G1 X291.306 Y276.12 E51.21073
G1 X286.581 Y282.408 E52.53164
G1 X280.908 Y287.856 E53.85254
G1 X274.436 Y292.324 E55.17329
G1 X267.33 Y295.695 E56.49414
G1 X259.775 Y297.884 E57.8151
G1 X251.968 Y298.832 E59.13583
G1 X244.109 Y298.515 E60.45674
G1 X236.403 Y296.942 E61.77756
G1 X229.049 Y294.153 E63.09842
G1 X222.238 Y290.22 E64.41926
G1 X216.146 Y285.246 E65.74005
G1 X210.93 Y279.359 E67.06095
G1 X209.648 Y277.332 E67.46373
G1 X208.579 Y275.641
G1 E52.46373 F4800
G92 E0
G1 X273.898 Y286.707 F600
G1 E16 F1800
;TYPE:Internal infill
G1 F600
G1 X282.273 Y278.332 E17.98908
G1 X286.309 Y272.96 E19.1175
G1 X289.522 Y266.839 E20.27847
G1 X291.711 Y260.281 E21.43955
G1 X292.843 Y253.317 E22.62443
G1 X292.873 Y252.581 E22.74814
G1 X252.639 Y292.814 E32.30366
G1 X251.73 Y292.925 E32.45745
G1 X244.822 Y292.646 E33.61852
G1 X238.871 Y291.432 E34.63851
G1 X291.429 Y238.873 E47.12124
G1 X289.522 Y233.161 E48.13256
G1 X286.93 Y228.222 E49.0693
G1 X228.259 Y286.892 E63.00364
G1 X225.596 Y285.355 E63.52001
G1 X220.241 Y280.983 E64.68098
G1 X219.666 Y280.334 E64.8266
G1 X280.285 Y219.715 E79.22371
G1 X277.17 Y216.723 E79.94907
G1 X271.819 Y213.03 E81.04095
G1 X213.093 Y271.755 E94.98835
G1 X211.961 Y269.964 E95.34417
G1 X209.251 Y263.604 E96.50518
G1 X208.627 Y261.071 E96.94329
G1 X261.071 Y208.626 E109.39894
G1 X258.593 Y207.908 E109.83221
G1 X251.73 Y207.075 E110.99323
G1 X247.293 Y207.254 E111.73898
G1 X207.259 Y247.287 E121.247
G1 X207.597 Y243.109 E121.95094
G1 X209.251 Y236.396 E123.11203
G1 X211.961 Y230.036 E124.27304
G1 X215.656 Y224.192 E125.43419
G1 X219.175 Y220.221 E126.32525
G1 X226.23 Y213.166 E128.00082
;LAYER_CHANGE
;Z:7.5
;HEIGHT:0.5
G1 Z7.5 F600
G1 X225.908 Y212.609
;TYPE:Perimeter
G1 X230.892 Y209.731 E128.96735
G1 X237.599 Y207.188 E130.17196
G1 X244.627 Y205.753 E131.37659
G1 X251.795 Y205.464 E132.58135
G1 X253.558 Y205.678 E132.8796
G1 X258.915 Y206.329 E133.78587
G1 X265.805 Y208.324 E134.9905
G1 X272.286 Y211.399 E136.19521
G1 X278.189 Y215.474 E137.39983
G1 X283.363 Y220.443 E138.60457
G1 X287.672 Y226.178 E139.80926
G1 X291.005 Y232.529 E141.01379
G1 X293.277 Y239.333 E142.21847
G1 X294.445 Y246.521 E143.44145
G1 X294.585 Y250 E144.02618
G1 X294.445 Y253.478 E144.61074
G1 X293.277 Y260.667 E145.83388
G1 X291.005 Y267.471 E147.03856
G1 X287.672 Y273.822 E148.24309
G1 X283.363 Y279.557 E149.44778
G1 X278.189 Y284.526 E150.65252
G1 X272.286 Y288.6 E151.85704
G1 X265.805 Y291.675 E153.06175
G1 X258.915 Y293.671 E154.26643
G1 X251.795 Y294.536 E155.47095
G1 X244.627 Y294.247 E156.67571
G1 X237.599 Y292.812 E157.88034
G1 X230.892 Y290.269 E159.08495
G1 X224.68 Y286.682 E160.28962
G1 X219.124 Y282.145 E161.49426
G1 X214.367 Y276.776 E162.69892
G1 X210.533 Y270.714 E163.90349
G1 X207.722 Y264.114 E165.10823
G1 X207.297 Y262.39 E165.40642
G1 X206.005 Y257.15 E166.31278
G1 X205.428 Y250 E167.51745
G1 X206.005 Y242.85 E168.72212
G1 X207.722 Y235.885 E169.92683
G1 X210.533 Y229.286 E171.13142
G1 X214.367 Y223.224 E172.33599
G1 X219.124 Y217.855 E173.54065
G1 X224.68 Y213.318 E174.74529
G1 X225.648 Y212.759 E174.93301
G1 E159.93301 F4800
G92 E0
G1 X224.577 Y210.903 F600
G1 E16 F1800
G1 F600
G1 X229.971 Y207.789 E17.04598
G1 X237.001 Y205.123 E18.30864
G1 X244.368 Y203.619 E19.57137
G1 X251.881 Y203.316 E20.83412
G1 X253.816 Y203.551 E21.16147
G1 X259.345 Y204.223 E22.09684
G1 X266.568 Y206.314 E23.35967
G1 X273.361 Y209.538 E24.62244
G1 X279.549 Y213.809 E25.88514
G1 X284.972 Y219.018 E27.14795
G1 X289.489 Y225.029 E28.41068
G1 X292.983 Y231.687 E29.67343
G1 X295.364 Y238.819 E30.93615
G1 X296.581 Y246.306 E32.21001
G1 X296.73 Y250 E32.83088
G1 X296.581 Y253.694 E33.45175
G1 X295.364 Y261.181 E34.72561
G1 X292.983 Y268.313 E35.98833
G1 X289.489 Y274.971 E37.25108
G1 X284.972 Y280.982 E38.51381
G1 X279.549 Y286.191 E39.77662
G1 X273.361 Y290.462 E41.03932
G1 X266.568 Y293.685 E42.30202
G1 X259.345 Y295.777 E43.5649
G1 X251.881 Y296.684 E44.82762
G1 X244.368 Y296.381 E46.09037
G1 X237.001 Y294.877 E47.3531
G1 X229.971 Y292.211 E48.61576
G1 X223.459 Y288.451 E49.87859
G1 X217.635 Y283.696 E51.14125
G1 X212.649 Y278.068 E52.40397
G1 X208.63 Y271.713 E53.66674
G1 X205.683 Y264.795 E54.92956
G1 X205.216 Y262.903 E55.25684
G1 X203.883 Y257.495 E56.19224
G1 X203.278 Y250 E57.45504
G1 X203.883 Y242.505 E58.71784
G1 X205.683 Y235.205 E59.98051
G1 X208.63 Y228.287 E61.24333
G1 X212.649 Y221.932 E62.5061
G1 X217.635 Y216.304 E63.76882
G1 X223.459 Y211.549 E65.03148
G1 X224.317 Y211.053 E65.19792
G1 E50.19792 F4800
G92 E0
G1 X223.246 Y209.198 F600
G1 E16 F1800
;TYPE:External perimeter
G1 F600
G1 X229.049 Y205.847 E17.12537
G1 X236.403 Y203.058 E18.44623
G1 X244.109 Y201.485 E19.76705
G1 X251.968 Y201.168 E21.08796
G1 X254.074 Y201.424 E21.44424
G1 X259.775 Y202.116 E22.40869
G1 X267.33 Y204.304 E23.72961
G1 X274.436 Y207.676 E25.05053
G1 X280.908 Y212.144 E26.37128
G1 X286.581 Y217.592 E27.69218
G1 X291.306 Y223.88 E29.01309
G1 X294.961 Y230.844 E30.33391
G1 X297.451 Y238.304 E31.65468
G1 X298.716 Y246.09 E32.9794
G1 X298.874 Y250 E33.63658
G1 X298.716 Y253.91 E34.29376
G1 X297.451 Y261.696 E35.61848
G1 X294.961 Y269.156 E36.93925
G1 X291.306 Y276.12 E38.26007
G1 X286.581 Y282.408 E39.58098
G1 X280.908 Y287.856 E40.90188
G1 X274.436 Y292.324 E42.22263
G1 X267.33 Y295.695 E43.54348
G1 X259.775 Y297.884 E44.86444
G1 X251.968 Y298.832 E46.18517
G1 X244.109 Y298.515 E47.50608
G1 X236.403 Y296.942 E48.8269
G1 X229.049 Y294.153 E50.14776
G1 X222.238 Y290.22 E51.4686
G1 X216.146 Y285.246 E52.78939
G1 X210.93 Y279.359 E54.11029
G1 X206.727 Y272.712 E55.43102
G1 X203.644 Y265.476 E56.75193
G1 X201.761 Y257.839 E58.07289
G1 X201.129 Y250 E59.39364
G1 X201.761 Y242.16 E60.71455
G1 X203.644 Y234.524 E62.03535
G1 X206.727 Y227.288 E63.35626
G1 X210.93 Y220.641 E64.67699
G1 X216.146 Y214.754 E65.99789
G1 X222.238 Y209.78 E67.31868
G1 X222.986 Y209.348 E67.46374
G1 X224.718 Y208.348
G1 E52.46374 F4800
G92 E0
G1 X213.332 Y273.937 F600
G1 E16 F1800
;TYPE:Internal infill
G1 F600
G1 X220.989 Y281.593 E17.81843
G1 X225.596 Y285.355 E18.81731
G1 X231.583 Y288.812 E19.97834
G1 X238.048 Y291.264 E21.13953
G1 X244.822 Y292.646 E22.30058
G1 X247.293 Y292.746 E22.7159
G1 X207.259 Y252.713 E32.22392
G1 X207.04 Y250 E32.68102
G1 X207.597 Y243.109 E33.84206
G1 X208.627 Y238.929 E34.56504
G1 X261.071 Y291.374 E47.02069
G1 X265.234 Y290.168 E47.74857
G1 X271.48 Y287.204 E48.90963
G1 X271.819 Y286.97 E48.97881
G1 X213.093 Y228.245 E62.92621
G1 X215.656 Y224.192 E63.73154
G1 X219.666 Y219.666 E64.74705
G1 X280.285 Y280.285 E79.14416
G1 X282.156 Y278.488 E79.57983
G1 X286.309 Y272.96 E80.74099
G1 X286.93 Y271.778 E80.96522
G1 X228.259 Y213.108 E94.89956
G1 X231.583 Y211.188 E95.54422
G1 X238.048 Y208.736 E96.70541
G1 X238.871 Y208.568 E96.84647
G1 X291.429 Y261.127 E109.3292
G1 X291.711 Y260.281 E109.47896
G1 X292.843 Y253.317 E110.66384
G1 X292.977 Y250 E111.22135
G1 X292.873 Y247.419 E111.65515
G1 X252.639 Y207.185 E121.21079
G1 X258.593 Y207.908 E122.21804
G1 X265.234 Y209.832 E123.37919
G1 X271.48 Y212.796 E124.54025
G1 X277.17 Y216.723 E125.70131
G1 X281.175 Y220.57 E126.63393
G1 X287.125 Y226.521 E128.04718
;LAYER_CHANGE
;Z:8
;HEIGHT:0.5
G1 Z8 F600
G1 X287.639 Y226.135
;TYPE:Perimeter
G1 X287.672 Y226.178 E128.05628
G1 X291.005 Y232.529 E129.26081
G1 X293.277 Y239.333 E130.46549
G1 X294.445 Y246.521 E131.68847
G1 X294.585 Y250 E132.2732
G1 X294.445 Y253.478 E132.85776
G1 X293.277 Y260.667 E134.0809
G1 X291.005 Y267.471 E135.28558
G1 X287.672 Y273.822 E136.49011
G1 X283.363 Y279.557 E137.6948
G1 X278.189 Y284.526 E138.89954
G1 X272.286 Y288.6 E140.10406
G1 X265.805 Y291.675 E141.30877
G1 X258.915 Y293.671 E142.51345
G1 X251.795 Y294.536 E143.71797
G1 X244.627 Y294.247 E144.92273
G1 X237.599 Y292.812 E146.12736
G1 X230.892 Y290.269 E147.33197
G1 X224.68 Y286.682 E148.53664
G1 X219.124 Y282.145 E149.74128
G1 X214.367 Y276.776 E150.94594
G1 X210.533 Y270.714 E152.15051
G1 X207.722 Y264.114 E153.35525
G1 X206.005 Y257.15 E154.5598
G1 X205.428 Y250 E155.76447
G1 X206.005 Y242.85 E156.96914
G1 X207.722 Y235.885 E158.17385
G1 X210.533 Y229.286 E159.37844
G1 X214.367 Y223.224 E160.58301
G1 X219.124 Y217.855 E161.78767
G1 X224.68 Y213.318 E162.99231
G1 X230.892 Y209.731 E164.19698
G1 X237.599 Y207.188 E165.40159
G1 X244.627 Y205.753 E166.60622
G1 X251.795 Y205.464 E167.81098
G1 X253.158 Y205.63 E168.04157
G1 X258.915 Y206.329 E169.0155
G1 X265.805 Y208.324 E170.22013
G1 X272.286 Y211.399 E171.42484
G1 X278.189 Y215.474 E172.62946
G1 X283.363 Y220.443 E173.8342
G1 X287.459 Y225.895 E174.97941
G1 E159.97941 F4800
G92 E0
G1 X289.172 Y224.608 F600
G1 E16 F1800
G1 F600
G1 X289.489 Y225.029 E16.0885
G1 X292.983 Y231.687 E17.35125
G1 X295.364 Y238.819 E18.61397
G1 X296.581 Y246.306 E19.88783
G1 X296.73 Y250 E20.5087
G1 X296.581 Y253.694 E21.12957
G1 X295.364 Y261.181 E22.40343
G1 X292.983 Y268.313 E23.66615
G1 X289.489 Y274.971 E24.9289
G1 X284.972 Y280.982 E26.19163
G1 X279.549 Y286.191 E27.45444
G1 X273.361 Y290.462 E28.71714
G1 X266.568 Y293.685 E29.97984
G1 X259.345 Y295.777 E31.24272
G1 X251.881 Y296.684 E32.50544
G1 X244.368 Y296.381 E33.76819
G1 X237.001 Y294.877 E35.03092
G1 X229.971 Y292.211 E36.29358
G1 X223.459 Y288.451 E37.55641
G1 X217.635 Y283.696 E38.81907
G1 X212.649 Y278.068 E40.08179
G1 X208.63 Y271.713 E41.34456
G1 X205.683 Y264.795 E42.60738
G1 X203.883 Y257.495 E43.87005
G1 X203.278 Y250 E45.13285
G1 X203.883 Y242.505 E46.39565
G1 X205.683 Y235.205 E47.65832
G1 X208.63 Y228.287 E48.92114
G1 X212.649 Y221.932 E50.18391
G1 X217.635 Y216.304 E51.44663
G1 X223.459 Y211.549 E52.70929
G1 X229.971 Y207.789 E53.97212
G1 X237.001 Y205.123 E55.23478
G1 X244.368 Y203.619 E56.49751
G1 X251.881 Y203.316 E57.76026
G1 X253.417 Y203.503 E58.02012
G1 X259.345 Y204.223 E59.02298
G1 X266.568 Y206.314 E60.28581
G1 X273.361 Y209.538 E61.54858
G1 X279.549 Y213.809 E62.81128
G1 X284.972 Y219.018 E64.07409
G1 X288.992 Y224.368 E65.19794
G1 E50.19794 F4800
G92 E0
G1 X290.705 Y223.081 F600
G1 E16 F1800
;TYPE:External perimeter
G1 F600
G1 X291.306 Y223.88 E16.16791
G1 X294.961 Y230.844 E17.48873
G1 X297.451 Y238.304 E18.8095
G1 X298.716 Y246.09 E20.13422
G1 X298.874 Y250 E20.7914
G1 X298.716 Y253.91 E21.44858
G1 X297.451 Y261.696 E22.7733
G1 X294.961 Y269.156 E24.09407
G1 X291.306 Y276.12 E25.41489
G1 X286.581 Y282.408 E26.7358
G1 X280.908 Y287.856 E28.0567
G1 X274.436 Y292.324 E29.37745
G1 X267.33 Y295.695 E30.6983
G1 X259.775 Y297.884 E32.01926
G1 X251.968 Y298.832 E33.33999
G1 X244.109 Y298.515 E34.6609
G1 X236.403 Y296.942 E35.98172
G1 X229.049 Y294.153 E37.30258
G1 X222.238 Y290.22 E38.62342
G1 X216.146 Y285.246 E39.94421
G1 X210.93 Y279.359 E41.26511
G1 X206.727 Y272.712 E42.58584
G1 X203.644 Y265.476 E43.90675
G1 X201.761 Y257.839 E45.22771
G1 X201.129 Y250 E46.54846
G1 X201.761 Y242.16 E47.86937
G1 X203.644 Y234.524 E49.19017
G1 X206.727 Y227.288 E50.51108
G1 X210.93 Y220.641 E51.83181
G1 X216.146 Y214.754 E53.15271
G1 X222.238 Y209.78 E54.4735
G1 X229.049 Y205.847 E55.79434
G1 X236.403 Y203.058 E57.1152
G1 X244.109 Y201.485 E58.43602
G1 X251.968 Y201.168 E59.75693
G1 X253.675 Y201.376 E60.04572
G1 X259.775 Y202.116 E61.07766
G1 X267.33 Y204.304 E62.39858
G1 X274.436 Y207.676 E63.7195
G1 X280.908 Y212.144 E65.04025
G1 X286.581 Y217.592 E66.36115
G1 X290.525 Y222.841 E67.46377
G1 X291.611 Y224.52
G1 E52.46377 F4800
G92 E0
G1 X226.23 Y213.166 F600
G1 E16 F1800
;TYPE:Internal infill
G1 F600
G1 X219.175 Y220.221 E17.67557
G1 X215.656 Y224.192 E18.56663
G1 X211.961 Y230.036 E19.72778
G1 X209.251 Y236.396 E20.88879
G1 X207.597 Y243.109 E22.04988
G1 X207.259 Y247.287 E22.75382
G1 X247.293 Y207.254 E32.26184
G1 X251.73 Y207.075 E33.00759
G1 X258.593 Y207.908 E34.16861
G1 X261.071 Y208.626 E34.60188
G1 X208.627 Y261.071 E47.05753
G1 X209.251 Y263.604 E47.49564
G1 X211.961 Y269.964 E48.65665
G1 X213.093 Y271.755 E49.01247
G1 X271.819 Y213.03 E62.95987
G1 X277.17 Y216.723 E64.05175
G1 X280.285 Y219.715 E64.77711
G1 X219.666 Y280.334 E79.17422
G1 X220.241 Y280.983 E79.31984
G1 X225.596 Y285.355 E80.48081
G1 X228.259 Y286.892 E80.99718
G1 X286.93 Y228.222 E94.93152
G1 X289.522 Y233.161 E95.86826
G1 X291.429 Y238.873 E96.87958
G1 X238.871 Y291.432 E109.36231
G1 X244.822 Y292.646 E110.3823
G1 X251.73 Y292.925 E111.54337
G1 X252.639 Y292.814 E111.69716
G1 X292.873 Y252.581 E121.25268
G1 X292.843 Y253.317 E121.37639
G1 X291.711 Y260.281 E122.56127
G1 X289.522 Y266.839 E123.72235
G1 X286.309 Y272.96 E124.88332
G1 X282.273 Y278.332 E126.01174
G1 X273.898 Y286.707 E128.00082
;LAYER_CHANGE
;Z:8.5
;HEIGHT:0.5
G1 Z8.5 F600
G1 X274.263 Y287.236
;TYPE:Perimeter
G1 X272.286 Y288.6 E128.40419
G1 X265.805 Y291.675 E129.6089
G1 X258.915 Y293.671 E130.81358
G1 X251.795 Y294.536 E132.0181
G1 X244.627 Y294.247 E133.22286
G1 X237.599 Y292.812 E134.42749
G1 X230.892 Y290.269 E135.6321
G1 X224.68 Y286.682 E136.83677
G1 X219.124 Y282.145 E138.04141
G1 X214.367 Y276.776 E139.24607
G1 X210.533 Y270.714 E140.45064
G1 X207.722 Y264.114 E141.65538
G1 X206.005 Y257.15 E142.85993
G1 X205.428 Y250 E144.0646
G1 X206.005 Y242.85 E145.26927
G1 X207.722 Y235.885 E146.47398
G1 X210.533 Y229.286 E147.67857
G1 X214.367 Y223.224 E148.88314
G1 X219.124 Y217.855 E150.0878
G1 X224.68 Y213.318 E151.29244
G1 X230.892 Y209.731 E152.49711
G1 X237.599 Y207.188 E153.70172
G1 X244.627 Y205.753 E154.90635
G1 X251.795 Y205.464 E156.11111
G1 X252.759 Y205.581 E156.27419
G1 X258.915 Y206.329 E157.31563
G1 X265.805 Y208.324 E158.52026
G1 X272.286 Y211.399 E159.72497
G1 X278.189 Y215.474 E160.92959
G1 X283.363 Y220.443 E162.13433
G1 X287.672 Y226.178 E163.33902
G1 X291.005 Y232.529 E164.54355
G1 X293.277 Y239.333 E165.74823
G1 X294.445 Y246.521 E166.97121
G1 X294.585 Y250 E167.55594
G1 X294.445 Y253.478 E168.1405
G1 X293.277 Y260.667 E169.36364
G1 X291.005 Y267.471 E170.56832
G1 X287.672 Y273.822 E171.77285
G1 X283.363 Y279.557 E172.97754
G1 X278.189 Y284.526 E174.18228
G1 X274.51 Y287.065 E174.93298
G1 E159.93298 F4800
G92 E0
G1 X275.727 Y288.829 F600
G1 E16 F1800
G1 F600
G1 X273.361 Y290.462 E16.4828
G1 X266.568 Y293.685 E17.7455
G1 X259.345 Y295.777 E19.00838
G1 X251.881 Y296.684 E20.2711
G1 X244.368 Y296.381 E21.53385
G1 X237.001 Y294.877 E22.79658
G1 X229.971 Y292.211 E24.05924
G1 X223.459 Y288.451 E25.32207
G1 X217.635 Y283.696 E26.58473
G1 X212.649 Y278.068 E27.84745
G1 X208.63 Y271.713 E29.11022
G1 X205.683 Y264.795 E30.37304
G1 X203.883 Y257.495 E31.63571
G1 X203.278 Y250 E32.89851
G1 X203.883 Y242.505 E34.16131
G1 X205.683 Y235.205 E35.42398
G1 X208.63 Y228.287 E36.6868
G1 X212.649 Y221.932 E37.94957
G1 X217.635 Y216.304 E39.21229
G1 X223.459 Y211.549 E40.47495
G1 X229.971 Y207.789 E41.73778
G1 X237.001 Y205.123 E43.00044
G1 X244.368 Y203.619 E44.26317
G1 X251.881 Y203.316 E45.52592
G1 X253.017 Y203.454 E45.7181
G1 X259.345 Y204.223 E46.78864
G1 X266.568 Y206.314 E48.05147
G1 X273.361 Y209.538 E49.31424
G1 X279.549 Y213.809 E50.57694
G1 X284.972 Y219.018 E51.83975
G1 X289.489 Y225.029 E53.10248
G1 X292.983 Y231.687 E54.36523
G1 X295.364 Y238.819 E55.62795
G1 X296.581 Y246.306 E56.90181
G1 X296.73 Y250 E57.52268
G1 X296.581 Y253.694 E58.14355
G1 X295.364 Y261.181 E59.41741
G1 X292.983 Y268.313 E60.68013
G1 X289.489 Y274.971 E61.94288
G1 X284.972 Y280.982 E63.20561
G1 X279.549 Y286.191 E64.46842
G1 X275.974 Y288.658 E65.19788
G1 E50.19788 F4800
G92 E0
G1 X277.191 Y290.422 F600
G1 E16 F1800
;TYPE:External perimeter
G1 F600
G1 X274.436 Y292.324 E16.56222
G1 X267.33 Y295.695 E17.88307
G1 X259.775 Y297.884 E19.20403
G1 X251.968 Y298.832 E20.52476
G1 X244.109 Y298.515 E21.84567
G1 X236.403 Y296.942 E23.16649
G1 X229.049 Y294.153 E24.48735
G1 X222.238 Y290.22 E25.80819
G1 X216.146 Y285.246 E27.12898
G1 X210.93 Y279.359 E28.44988
G1 X206.727 Y272.712 E29.77061
G1 X203.644 Y265.476 E31.09152
G1 X201.761 Y257.839 E32.41248
G1 X201.129 Y250 E33.73323
G1 X201.761 Y242.16 E35.05414
G1 X203.644 Y234.524 E36.37494
G1 X206.727 Y227.288 E37.69585
G1 X210.93 Y220.641 E39.01658
G1 X216.146 Y214.754 E40.33748
G1 X222.238 Y209.78 E41.65827
G1 X229.049 Y205.847 E42.97911
G1 X236.403 Y203.058 E44.29997
G1 X244.109 Y201.485 E45.62079
G1 X251.968 Y201.168 E46.9417
G1 X253.276 Y201.327 E47.16298
G1 X259.775 Y202.116 E48.26243
G1 X267.33 Y204.304 E49.58335
G1 X274.436 Y207.676 E50.90427
G1 X280.908 Y212.144 E52.22502
G1 X286.581 Y217.592 E53.54592
G1 X291.306 Y223.88 E54.86683
G1 X294.961 Y230.844 E56.18765
G1 X297.451 Y238.304 E57.50842
G1 X298.716 Y246.09 E58.83314
G1 X298.874 Y250 E59.49032
G1 X298.716 Y253.91 E60.1475
G1 X297.451 Y261.696 E61.47222
G1 X294.961 Y269.156 E62.79299
G1 X291.306 Y276.12 E64.11381
G1 X286.581 Y282.408 E65.43472
G1 X280.908 Y287.856 E66.75562
G1 X277.438 Y290.251 E67.4637
G1 X275.792 Y291.388
G1 E52.4637 F4800
G92 E0
G1 X287.125 Y226.521 F600
G1 E16 F1800
;TYPE:Internal infill
G1 F600
G1 X281.175 Y220.57 E17.41325
G1 X277.17 Y216.723 E18.34587
G1 X271.48 Y212.796 E19.50693
G1 X265.234 Y209.832 E20.66799
G1 X258.593 Y207.908 E21.82914
G1 X252.639 Y207.185 E22.83639
G1 X292.873 Y247.419 E32.39203
G1 X292.977 Y250 E32.82583
G1 X292.843 Y253.317 E33.38334
G1 X291.711 Y260.281 E34.56822
G1 X291.429 Y261.127 E34.71798
G1 X238.871 Y208.568 E47.20071
G1 X238.048 Y208.736 E47.34177
G1 X231.583 Y211.188 E48.50296
G1 X228.259 Y213.108 E49.14762
G1 X286.93 Y271.778 E63.08196
G1 X286.309 Y272.96 E63.30619
G1 X282.156 Y278.488 E64.46735
G1 X280.285 Y280.285 E64.90302
G1 X219.666 Y219.666 E79.30013
G1 X215.656 Y224.192 E80.31564
G1 X213.093 Y228.245 E81.12097
G1 X271.819 Y286.97 E95.06837
G1 X271.48 Y287.204 E95.13755
G1 X265.234 Y290.168 E96.29861
G1 X261.071 Y291.374 E97.02649
G1 X208.627 Y238.929 E109.48214
G1 X207.597 Y243.109 E110.20512
G1 X207.04 Y250 E111.36616
G1 X207.259 Y252.713 E111.82326
G1 X247.293 Y292.746 E121.33128
G1 X244.822 Y292.646 E121.7466
G1 X238.048 Y291.264 E122.90765
G1 X231.583 Y288.812 E124.06884
G1 X225.596 Y285.355 E125.22987
G1 X220.989 Y281.593 E126.22875
G1 X213.332 Y273.937 E128.04718
;LAYER_CHANGE
;Z:9
;HEIGHT:0.5
G1 Z9 F600
G1 X212.789 Y274.281
;TYPE:Perimeter
G1 X210.533 Y270.714 E128.75597
G1 X207.722 Y264.114 E129.96071
G1 X206.005 Y257.15 E131.16526
G1 X205.428 Y250 E132.36993
G1 X206.005 Y242.85 E133.5746
G1 X207.722 Y235.885 E134.77931
G1 X210.533 Y229.286 E135.9839
G1 X214.367 Y223.224 E137.18847
G1 X219.124 Y217.855 E138.39313
G1 X224.68 Y213.318 E139.59777
G1 X230.892 Y209.731 E140.80244
G1 X237.599 Y207.188 E142.00705
G1 X244.627 Y205.753 E143.21168
G1 X251.795 Y205.464 E144.41644
G1 X252.36 Y205.533 E144.51203
G1 X258.915 Y206.329 E145.62096
G1 X265.805 Y208.324 E146.82559
G1 X272.286 Y211.399 E148.0303
G1 X278.189 Y215.474 E149.23492
G1 X283.363 Y220.443 E150.43966
G1 X287.672 Y226.178 E151.64435
G1 X291.005 Y232.529 E152.84888
G1 X293.277 Y239.333 E154.05356
G1 X294.445 Y246.521 E155.27654
G1 X294.585 Y250 E155.86127
G1 X294.445 Y253.478 E156.44583
G1 X293.277 Y260.667 E157.66897
G1 X291.005 Y267.471 E158.87365
G1 X287.672 Y273.822 E160.07818
G1 X283.363 Y279.557 E161.28287
G1 X278.189 Y284.526 E162.48761
G1 X272.286 Y288.6 E163.69213
G1 X265.805 Y291.675 E164.89684
G1 X258.915 Y293.671 E166.10152
G1 X251.795 Y294.536 E167.30604
G1 X244.627 Y294.247 E168.5108
G1 X237.599 Y292.812 E169.71543
G1 X230.892 Y290.269 E170.92004
G1 X224.68 Y286.682 E172.12471
G1 X219.124 Y282.145 E173.32935
G1 X214.367 Y276.776 E174.53401
G1 X212.949 Y274.534 E174.97952
G1 E159.97952 F4800
G92 E0
G1 X211.138 Y275.679 F600
G1 E16 F1800
G1 F600
G1 X208.63 Y271.713 E16.78805
G1 X205.683 Y264.795 E18.05087
G1 X203.883 Y257.495 E19.31354
G1 X203.278 Y250 E20.57634
G1 X203.883 Y242.505 E21.83914
G1 X205.683 Y235.205 E23.10181
G1 X208.63 Y228.287 E24.36463
G1 X212.649 Y221.932 E25.6274
G1 X217.635 Y216.304 E26.89012
G1 X223.459 Y211.549 E28.15278
G1 X229.971 Y207.789 E29.41561
G1 X237.001 Y205.123 E30.67827
G1 X244.368 Y203.619 E31.941
G1 X251.881 Y203.316 E33.20375
G1 X252.618 Y203.406 E33.32844
G1 X259.345 Y204.223 E34.46647
G1 X266.568 Y206.314 E35.7293
G1 X273.361 Y209.538 E36.99207
G1 X279.549 Y213.809 E38.25477
G1 X284.972 Y219.018 E39.51758
G1 X289.489 Y225.029 E40.78031
G1 X292.983 Y231.687 E42.04306
G1 X295.364 Y238.819 E43.30578
G1 X296.581 Y246.306 E44.57964
G1 X296.73 Y250 E45.20051
G1 X296.581 Y253.694 E45.82138
G1 X295.364 Y261.181 E47.09524
G1 X292.983 Y268.313 E48.35796
G1 X289.489 Y274.971 E49.62071
G1 X284.972 Y280.982 E50.88344
G1 X279.549 Y286.191 E52.14625
G1 X273.361 Y290.462 E53.40895
G1 X266.568 Y293.685 E54.67165
G1 X259.345 Y295.777 E55.93453
G1 X251.881 Y296.684 E57.19725
G1 X244.368 Y296.381 E58.46
G1 X237.001 Y294.877 E59.72273
G1 X229.971 Y292.211 E60.98539
G1 X223.459 Y288.451 E62.24822
G1 X217.635 Y283.696 E63.51088
G1 X212.649 Y278.068 E64.7736
G1 X211.299 Y275.933 E65.19782
G1 E50.19782 F4800
G92 E0
G1 X209.488 Y277.078 F600
G1 E16 F1800
;TYPE:External perimeter
G1 F600
G1 X206.727 Y272.712 E16.86753
G1 X203.644 Y265.476 E18.18844
G1 X201.761 Y257.839 E19.5094
G1 X201.129 Y250 E20.83015
G1 X201.761 Y242.16 E22.15106
G1 X203.644 Y234.524 E23.47186
G1 X206.727 Y227.288 E24.79277
G1 X210.93 Y220.641 E26.1135
G1 X216.146 Y214.754 E27.4344
G1 X222.238 Y209.78 E28.75519
G1 X229.049 Y205.847 E30.07603
G1 X236.403 Y203.058 E31.39689
G1 X244.109 Y201.485 E32.71771
G1 X251.968 Y201.168 E34.03862
G1 X252.876 Y201.279 E34.19224
G1 X259.775 Y202.116 E35.35935
G1 X267.33 Y204.304 E36.68027
G1 X274.436 Y207.676 E38.00119
G1 X280.908 Y212.144 E39.32194
G1 X286.581 Y217.592 E40.64284
G1 X291.306 Y223.88 E41.96375
G1 X294.961 Y230.844 E43.28457
G1 X297.451 Y238.304 E44.60534
G1 X298.716 Y246.09 E45.93006
G1 X298.874 Y250 E46.58724
G1 X298.716 Y253.91 E47.24442
G1 X297.451 Y261.696 E48.56914
G1 X294.961 Y269.156 E49.88991
G1 X291.306 Y276.12 E51.21073
G1 X286.581 Y282.408 E52.53164
G1 X280.908 Y287.856 E53.85254
G1 X274.436 Y292.324 E55.17329
G1 X267.33 Y295.695 E56.49414
G1 X259.775 Y297.884 E57.8151
G1 X251.968 Y298.832 E59.13583
G1 X244.109 Y298.515 E60.45674
G1 X236.403 Y296.942 E61.77756
G1 X229.049 Y294.153 E63.09842
G1 X222.238 Y290.22 E64.41926
G1 X216.146 Y285.246 E65.74005
G1 X210.93 Y279.359 E67.06095
G1 X209.648 Y277.332 E67.46373
G1 X208.579 Y275.641
G1 E52.46373 F4800
G92 E0
G1 X273.898 Y286.707 F600
G1 E16 F1800
;TYPE:Internal infill
G1 F600
G1 X282.273 Y278.332 E17.98908
G1 X286.309 Y272.96 E19.1175
G1 X289.522 Y266.839 E20.27847
G1 X291.711 Y260.281 E21.43955
G1 X292.843 Y253.317 E22.62443
G1 X292.873 Y252.581 E22.74814
G1 X252.639 Y292.814 E32.30366
G1 X251.73 Y292.925 E32.45745
G1 X244.822 Y292.646 E33.61852
G1 X238.871 Y291.432 E34.63851
G1 X291.429 Y238.873 E47.12124
G1 X289.522 Y233.161 E48.13256
G1 X286.93 Y228.222 E49.0693
G1 X228.259 Y286.892 E63.00364
G1 X225.596 Y285.355 E63.52001
G1 X220.241 Y280.983 E64.68098
G1 X219.666 Y280.334 E64.8266
G1 X280.285 Y219.715 E79.22371
G1 X277.17 Y216.723 E79.94907
G1 X271.819 Y213.03 E81.04095
G1 X213.093 Y271.755 E94.98835
G1 X211.961 Y269.964 E95.34417
G1 X209.251 Y263.604 E96.50518
G1 X208.627 Y261.071 E96.94329
G1 X261.071 Y208.626 E109.39894
G1 X258.593 Y207.908 E109.83221
G1 X251.73 Y207.075 E110.99323
G1 X247.293 Y207.254 E111.73898
G1 X207.259 Y247.287 E121.247
G1 X207.597 Y243.109 E121.95094
G1 X209.251 Y236.396 E123.11203
G1 X211.961 Y230.036 E124.27304
G1 X215.656 Y224.192 E125.43419
G1 X219.175 Y220.221 E126.32525
G1 X226.23 Y213.166 E128.00082
;LAYER_CHANGE
;Z:9.5
;HEIGHT:0.5
G1 Z9.5 F600
G1 X225.908 Y212.609
;TYPE:Perimeter
G1 X230.892 Y209.731 E128.96735
G1 X237.599 Y207.188 E130.17196
G1 X244.627 Y205.753 E131.37659
G1 X251.795 Y205.464 E132.58135
G1 X251.96 Y205.484 E132.60926
G1 X258.915 Y206.329 E133.78586
G1 X265.805 Y208.324 E134.99049
G1 X272.286 Y211.399 E136.1952
G1 X278.189 Y215.474 E137.39982
G1 X283.363 Y220.443 E138.60456
G1 X287.672 Y226.178 E139.80925
G1 X291.005 Y232.529 E141.01378
G1 X293.277 Y239.333 E142.21846
G1 X294.445 Y246.521 E143.44144
G1 X294.585 Y250 E144.02617
G1 X294.445 Y253.478 E144.61073
G1 X293.277 Y260.667 E145.83387
G1 X291.005 Y267.471 E147.03855
G1 X287.672 Y273.822 E148.24308
G1 X283.363 Y279.557 E149.44777
G1 X278.189 Y284.526 E150.65251
G1 X272.286 Y288.6 E151.85703
G1 X265.805 Y291.675 E153.06174
G1 X258.915 Y293.671 E154.26642
G1 X251.795 Y294.536 E155.47094
G1 X244.627 Y294.247 E156.6757
G1 X237.599 Y292.812 E157.88033
G1 X230.892 Y290.269 E159.08494
G1 X224.68 Y286.682 E160.28961
G1 X219.124 Y282.145 E161.49425
G1 X214.367 Y276.776 E162.69891
G1 X210.533 Y270.714 E163.90348
G1 X207.722 Y264.114 E165.10822
G1 X206.005 Y257.15 E166.31277
G1 X205.428 Y250 E167.51744
G1 X206.005 Y242.85 E168.72211
G1 X207.722 Y235.885 E169.92682
G1 X210.533 Y229.286 E171.13141
G1 X214.367 Y223.224 E172.33598
G1 X219.124 Y217.855 E173.54064
G1 X224.68 Y213.318 E174.74528
G1 X225.648 Y212.759 E174.933
G1 E159.933 F4800
G92 E0
G1 X224.577 Y210.903 F600
G1 E16 F1800
G1 F600
G1 X229.971 Y207.789 E17.04598
G1 X237.001 Y205.123 E18.30864
G1 X244.368 Y203.619 E19.57137
G1 X251.881 Y203.316 E20.83412
G1 X252.218 Y203.357 E20.89113
G1 X259.345 Y204.223 E22.09683
G1 X266.568 Y206.314 E23.35966
G1 X273.361 Y209.538 E24.62243
G1 X279.549 Y213.809 E25.88513
G1 X284.972 Y219.018 E27.14794
G1 X289.489 Y225.029 E28.41067
G1 X292.983 Y231.687 E29.67342
G1 X295.364 Y238.819 E30.93614
G1 X296.581 Y246.306 E32.21
G1 X296.73 Y250 E32.83087
G1 X296.581 Y253.694 E33.45174
G1 X295.364 Y261.181 E34.7256
G1 X292.983 Y268.313 E35.98832
G1 X289.489 Y274.971 E37.25107
G1 X284.972 Y280.982 E38.5138
G1 X279.549 Y286.191 E39.77661
G1 X273.361 Y290.462 E41.03931
G1 X266.568 Y293.685 E42.30201
G1 X259.345 Y295.777 E43.56489
G1 X251.881 Y296.684 E44.82761
G1 X244.368 Y296.381 E46.09036
G1 X237.001 Y294.877 E47.35309
G1 X229.971 Y292.211 E48.61575
G1 X223.459 Y288.451 E49.87858
G1 X217.635 Y283.696 E51.14124
G1 X212.649 Y278.068 E52.40396
G1 X208.63 Y271.713 E53.66673
G1 X205.683 Y264.795 E54.92955
G1 X203.883 Y257.495 E56.19222
G1 X203.278 Y250 E57.45502
G1 X203.883 Y242.505 E58.71782
G1 X205.683 Y235.205 E59.98049
G1 X208.63 Y228.287 E61.24331
G1 X212.649 Y221.932 E62.50608
G1 X217.635 Y216.304 E63.7688
G1 X223.459 Y211.549 E65.03146
G1 X224.317 Y211.053 E65.1979
G1 E50.1979 F4800
G92 E0
G1 X223.246 Y209.198 F600
G1 E16 F1800
;TYPE:External perimeter
G1 F600
G1 X229.049 Y205.847 E17.12537
G1 X236.403 Y203.058 E18.44623
G1 X244.109 Y201.485 E19.76705
G1 X251.968 Y201.168 E21.08796
G1 X252.477 Y201.23 E21.17407
G1 X259.775 Y202.116 E22.40869
G1 X267.33 Y204.304 E23.72961
G1 X274.436 Y207.676 E25.05053
G1 X280.908 Y212.144 E26.37128
G1 X286.581 Y217.592 E27.69218
G1 X291.306 Y223.88 E29.01309
G1 X294.961 Y230.844 E30.33391
G1 X297.451 Y238.304 E31.65468
G1 X298.716 Y246.09 E32.9794
G1 X298.874 Y250 E33.63658
G1 X298.716 Y253.91 E34.29376
G1 X297.451 Y261.696 E35.61848
G1 X294.961 Y269.156 E36.93925
G1 X291.306 Y276.12 E38.26007
G1 X286.581 Y282.408 E39.58098
G1 X280.908 Y287.856 E40.90188
G1 X274.436 Y292.324 E42.22263
G1 X267.33 Y295.695 E43.54348
G1 X259.775 Y297.884 E44.86444
G1 X251.968 Y298.832 E46.18517
G1 X244.109 Y298.515 E47.50608
G1 X236.403 Y296.942 E48.8269
G1 X229.049 Y294.153 E50.14776
G1 X222.238 Y290.22 E51.4686
G1 X216.146 Y285.246 E52.78939
G1 X210.93 Y279.359 E54.11029
G1 X206.727 Y272.712 E55.43102
G1 X203.644 Y265.476 E56.75193
G1 X201.761 Y257.839 E58.07289
G1 X201.129 Y250 E59.39364
G1 X201.761 Y242.16 E60.71455
G1 X203.644 Y234.524 E62.03535
G1 X206.727 Y227.288 E63.35626
G1 X210.93 Y220.641 E64.67699
G1 X216.146 Y214.754 E65.99789
G1 X222.238 Y209.78 E67.31868
G1 X222.986 Y209.348 E67.46374
G1 X224.718 Y208.348
G1 E52.46374 F4800
G92 E0
G1 X213.332 Y273.937 F600
G1 E16 F1800
;TYPE:Internal infill
G1 F600
G1 X220.989 Y281.593 E17.81843
G1 X225.596 Y285.355 E18.81731
G1 X231.583 Y288.812 E19.97834
G1 X238.048 Y291.264 E21.13953
G1 X244.822 Y292.646 E22.30058
G1 X247.293 Y292.746 E22.7159
G1 X207.259 Y252.713 E32.22392
G1 X207.04 Y250 E32.68102
G1 X207.597 Y243.109 E33.84206
G1 X208.627 Y238.929 E34.56504
G1 X261.071 Y291.374 E47.02069
G1 X265.234 Y290.168 E47.74857
G1 X271.48 Y287.204 E48.90963
G1 X271.819 Y286.97 E48.97881
G1 X213.093 Y228.245 E62.92621
G1 X215.656 Y224.192 E63.73154
G1 X219.666 Y219.666 E64.74705
G1 X280.285 Y280.285 E79.14416
G1 X282.156 Y278.488 E79.57983
G1 X286.309 Y272.96 E80.74099
G1 X286.93 Y271.778 E80.96522
G1 X228.259 Y213.108 E94.89956
G1 X231.583 Y211.188 E95.54422
G1 X238.048 Y208.736 E96.70541
G1 X238.871 Y208.568 E96.84647
G1 X291.429 Y261.127 E109.3292
G1 X291.711 Y260.281 E109.47896
G1 X292.843 Y253.317 E110.66384
G1 X292.977 Y250 E111.22135
G1 X292.873 Y247.419 E111.65515
G1 X252.639 Y207.185 E121.21079
G1 X258.593 Y207.908 E122.21804
G1 X265.234 Y209.832 E123.37919
G1 X271.48 Y212.796 E124.54025
G1 X277.17 Y216.723 E125.70131
G1 X281.175 Y220.57 E126.63393
G1 X287.125 Y226.521 E128.04718
;LAYER_CHANGE
;Z:10
;HEIGHT:0.5
G1 Z10 F600
G1 X287.639 Y226.135
;TYPE:Perimeter
G1 X287.672 Y226.178 E128.05628
G1 X291.005 Y232.529 E129.26081
G1 X293.277 Y239.333 E130.46549
G1 X294.445 Y246.521 E131.68847
G1 X294.585 Y250 E132.2732
G1 X294.445 Y253.478 E132.85776
G1 X293.277 Y260.667 E134.0809
G1 X291.005 Y267.471 E135.28558
G1 X287.672 Y273.822 E136.49011
G1 X283.363 Y279.557 E137.6948
G1 X278.189 Y284.526 E138.89954
G1 X272.286 Y288.6 E140.10406
G1 X265.805 Y291.675 E141.30877
G1 X258.915 Y293.671 E142.51345
G1 X251.795 Y294.536 E143.71797
G1 X244.627 Y294.247 E144.92273
G1 X237.599 Y292.812 E146.12736
G1 X230.892 Y290.269 E147.33197
G1 X224.68 Y286.682 E148.53664
G1 X219.124 Y282.145 E149.74128
G1 X214.367 Y276.776 E150.94594
G1 X210.533 Y270.714 E152.15051
G1 X207.722 Y264.114 E153.35525
G1 X206.005 Y257.15 E154.5598
G1 X205.428 Y250 E155.76447
G1 X206.005 Y242.85 E156.96914
G1 X207.722 Y235.885 E158.17385
G1 X210.533 Y229.286 E159.37844
G1 X214.367 Y223.224 E160.58301
G1 X219.124 Y217.855 E161.78767
G1 X224.68 Y213.318 E162.99231
G1 X230.892 Y209.731 E164.19698
G1 X237.599 Y207.188 E165.40159
G1 X244.627 Y205.753 E166.60622
G1 X251.795 Y205.464 E167.81098
G1 X258.915 Y206.329 E169.0155
G1 X265.805 Y208.324 E170.22013
G1 X272.286 Y211.399 E171.42484
G1 X278.189 Y215.474 E172.62946
G1 X283.363 Y220.443 E173.8342
G1 X287.459 Y225.895 E174.97941
G1 E159.97941 F4800
G92 E0
G1 X289.172 Y224.608 F600
G1 E16 F1800
G1 F600
G1 X289.489 Y225.029 E16.0885
G1 X292.983 Y231.687 E17.35125
G1 X295.364 Y238.819 E18.61397
G1 X296.581 Y246.306 E19.88783
G1 X296.73 Y250 E20.5087
G1 X296.581 Y253.694 E21.12957
G1 X295.364 Y261.181 E22.40343
G1 X292.983 Y268.313 E23.66615
G1 X289.489 Y274.971 E24.9289
G1 X284.972 Y280.982 E26.19163
G1 X279.549 Y286.191 E27.45444
G1 X273.361 Y290.462 E28.71714
G1 X266.568 Y293.685 E29.97984
G1 X259.345 Y295.777 E31.24272
G1 X251.881 Y296.684 E32.50544
G1 X244.368 Y296.381 E33.76819
G1 X237.001 Y294.877 E35.03092
G1 X229.971 Y292.211 E36.29358
G1 X223.459 Y288.451 E37.55641
G1 X217.635 Y283.696 E38.81907
G1 X212.649 Y278.068 E40.08179
G1 X208.63 Y271.713 E41.34456
G1 X205.683 Y264.795 E42.60738
G1 X203.883 Y257.495 E43.87005
G1 X203.278 Y250 E45.13285
G1 X203.883 Y242.505 E46.39565
G1 X205.683 Y235.205 E47.65832
G1 X208.63 Y228.287 E48.92114
G1 X212.649 Y221.932 E50.18391
G1 X217.635 Y216.304 E51.44663
G1 X223.459 Y211.549 E52.70929
G1 X229.971 Y207.789 E53.97212
G1 X237.001 Y205.123 E55.23478
G1 X244.368 Y203.619 E56.49751
G1 X251.881 Y203.316 E57.76026
G1 X259.345 Y204.223 E59.02298
G1 X266.568 Y206.314 E60.28581
G1 X273.361 Y209.538 E61.54858
G1 X279.549 Y213.809 E62.81128
G1 X284.972 Y219.018 E64.07409
G1 X288.992 Y224.368 E65.19794
G1 E50.19794 F4800
G92 E0
G1 X290.705 Y223.081 F600
G1 E16 F1800
;TYPE:External perimeter
G1 F600
G1 X291.306 Y223.88 E16.16791
G1 X294.961 Y230.844 E17.48873
G1 X297.451 Y238.304 E18.8095
G1 X298.716 Y246.09 E20.13422
G1 X298.874 Y250 E20.7914
G1 X298.716 Y253.91 E21.44858
G1 X297.451 Y261.696 E22.7733
G1 X294.961 Y269.156 E24.09407
G1 X291.306 Y276.12 E25.41489
G1 X286.581 Y282.408 E26.7358
G1 X280.908 Y287.856 E28.0567
G1 X274.436 Y292.324 E29.37745
G1 X267.33 Y295.695 E30.6983
G1 X259.775 Y297.884 E32.01926
G1 X251.968 Y298.832 E33.33999
G1 X244.109 Y298.515 E34.6609
G1 X236.403 Y296.942 E35.98172
G1 X229.049 Y294.153 E37.30258
G1 X222.238 Y290.22 E38.62342
G1 X216.146 Y285.246 E39.94421
G1 X210.93 Y279.359 E41.26511
G1 X206.727 Y272.712 E42.58584
G1 X203.644 Y265.476 E43.90675
G1 X203.617 Y265.369 E43.92528
G1 X201.761 Y257.839 E45.22771
G1 X201.129 Y250 E46.54846
G1 X201.761 Y242.16 E47.86937
G1 X203.644 Y234.524 E49.19017
G1 X206.727 Y227.288 E50.51108
G1 X210.93 Y220.641 E51.83181
G1 X216.146 Y214.754 E53.15271
G1 X222.238 Y209.78 E54.4735
G1 X229.049 Y205.847 E55.79434
G1 X236.403 Y203.058 E57.1152
G1 X244.109 Y201.485 E58.43602
G1 X251.968 Y201.168 E59.75693
G1 X252.077 Y201.182 E59.77539
G1 X259.775 Y202.116 E61.07767
G1 X267.33 Y204.304 E62.39859
G1 X274.436 Y207.676 E63.71951
G1 X280.908 Y212.144 E65.04026
G1 X286.581 Y217.592 E66.36116
G1 X290.525 Y222.841 E67.46378
G1 X291.611 Y224.52
G1 E52.46378 F4800
G92 E0
G1 X286.573 Y225.765 F600
G1 E16 F1800
;TYPE:Top solid infill
;WIDTH:2.01991
G1 F600
G1 X281.94 Y221.131 E16.98229
G1 X277.249 Y216.626 E17.95725
G1 X271.543 Y212.687 E18.99662
G1 X270.111 Y212.008 E19.23419
G1 X287.894 Y229.791 E23.00414
G1 X289.637 Y233.112 E23.56638
G1 X290.202 Y234.804 E23.83379
G1 X265.046 Y209.647 E29.16691
G1 X261.238 Y208.544 E29.76121
G1 X291.558 Y238.864 E36.18898
G1 X291.833 Y239.689 E36.31934
G1 X292.251 Y242.262 E36.7101
G1 X257.658 Y207.669 E44.04373
G1 X254.579 Y207.295 E44.50868
G1 X292.776 Y245.492 E52.60635
G1 X292.968 Y246.671 E52.78542
G1 X293.04 Y248.461 E53.05397
G1 X251.537 Y206.958 E61.85251
G1 X248.937 Y207.062 E62.24257
G1 X293.054 Y251.18 E71.59537
G1 X292.968 Y253.329 E71.91777
G1 X292.902 Y253.733 E71.97913
G1 X246.337 Y207.167 E81.8509
G1 X244.807 Y207.229 E82.08044
G1 X243.882 Y207.418 E82.22197
G1 X292.524 Y256.059 E92.53385
G1 X292.146 Y258.386 E92.88725
G1 X241.636 Y207.876 E103.59525
G1 X239.39 Y208.335 E103.9389
G1 X291.716 Y260.661 E115.03189
G1 X291.039 Y262.689 E115.35239
G1 X237.254 Y208.904 E126.75468
G1 X235.293 Y209.647 E127.06904
G1 X290.362 Y264.717 E138.74364
G1 X289.685 Y266.745 E139.06414
G1 X233.332 Y210.391 E151.01095
G1 X231.53 Y211.075 E151.29988
G1 X231.391 Y211.155 E151.32392
G1 X288.772 Y268.536 E163.48855
G1 X287.841 Y270.31 E163.78888
G1 X229.676 Y212.145 E176.11972
G1 X227.961 Y213.135 E176.41657
G1 X286.91 Y272.084 E188.91362
G1 X286.415 Y273.027 E189.07327
G1 X285.872 Y273.751 E189.20893
G1 X226.246 Y214.125 E201.8495
G1 X225.525 Y214.542 E201.97436
G1 X224.662 Y215.246 E202.14131
G1 X284.711 Y275.295 E214.87155
G1 X283.551 Y276.839 E215.16105
G1 X223.173 Y216.462 E227.96094
G1 X221.684 Y217.677 E228.24903
G1 X282.39 Y278.384 E241.11866
G1 X282.25 Y278.571 E241.15368
G1 X281.037 Y279.735 E241.40569
G1 X220.195 Y218.893 E254.30405
G1 X220.154 Y218.927 E254.31203
G1 X218.918 Y220.321 E254.59131
G1 X279.658 Y281.06 E267.46794
G1 X278.278 Y282.386 E267.75483
G1 X217.648 Y221.756 E280.60824
G1 X216.377 Y223.19 E280.89549
G1 X276.842 Y283.655 E293.71392
G1 X275.242 Y284.759 E294.00532
G1 X215.185 Y224.703 E306.73715
G1 X214.137 Y226.36 E307.03105
G1 X273.642 Y285.864 E319.64586
G1 X272.041 Y286.968 E319.93739
G1 X213.09 Y228.017 E332.43486
G1 X212.042 Y229.674 E332.72876
G1 X270.28 Y287.912 E345.07508
G1 X268.446 Y288.782 E345.37937
G1 X211.19 Y231.527 E357.5174
G1 X210.382 Y233.423 E357.82635
G1 X266.611 Y289.653 E369.74687
G1 X265.278 Y290.285 E369.96801
G1 X264.705 Y290.451 E370.05744
G1 X209.574 Y235.32 E381.74508
G1 X209.132 Y236.356 E381.91393
G1 X208.889 Y237.341 E382.06601
G1 X262.608 Y291.059 E393.4542
G1 X260.51 Y291.666 E393.7816
G1 X208.355 Y239.511 E404.83833
G1 X207.82 Y241.681 E405.17336
G1 X258.382 Y292.243 E415.89238
G1 X255.97 Y292.536 E416.25661
G1 X207.402 Y243.968 E426.55291
G1 X207.2 Y246.47 E426.92919
G1 X253.558 Y292.829 E436.75708
G1 X251.735 Y293.05 E437.03236
G1 X251.047 Y293.022 E437.13558
G1 X206.998 Y248.973 E446.47386
G1 X206.915 Y250 E446.62831
G1 X207.055 Y251.735 E446.88924
G1 X248.229 Y292.909 E455.61803
G1 X245.41 Y292.795 E456.04096
G1 X207.292 Y254.678 E464.12178
G1 X207.473 Y256.911 E464.45762
G1 X207.686 Y257.776 E464.59116
G1 X242.136 Y292.226 E471.89448
G1 X238.737 Y291.532 E472.41452
G1 X208.571 Y261.365 E478.80975
G1 X209.132 Y263.644 E479.16158
G1 X209.866 Y265.365 E479.44205
G1 X234.584 Y290.084 E484.68231
G1 X231.53 Y288.925 E485.17198
G1 X229.616 Y287.82 E485.50328
G1 X211.905 Y270.109 E489.25797
G1 X215.556 Y275.883 E490.28204
G1 X220.076 Y280.986 E491.30394
G1 X225.543 Y286.452 E492.46282
G1 E477.46282 F4800
G92 E0
M107
;TYPE:Custom
; Filament-specific end gcode 
;END gcode for filament
; Filament-specific end gcode 
;END gcode for filament
M104 S0 ; turn off temperature
G28 X0  ; home X axis
M84     ; disable motors
; objects_info = {"objects":[]}
; filament used [mm] = 0.00, 6225.87
; filament used [cm3] = 0.00, 39.72
; total filament used [g] = 0.00
; total filament cost = 0.00
; total filament used for wipe tower [g] = 0.00
; estimated printing time (normal mode) = 1h 5m 27s
; estimated printing time (silent mode) = 1h 5m 28s
; estimated first layer printing time (normal mode) = 9m 19s
; estimated first layer printing time (silent mode) = 9m 19s

; prusaslicer_config = begin
; arc_fitting = disabled
; autoemit_temperature_commands = 1
; automatic_extrusion_widths = 0
; automatic_infill_combination = 0
; automatic_infill_combination_max_layer_height = 100%
; avoid_crossing_curled_overhangs = 0
; avoid_crossing_perimeters = 0
; avoid_crossing_perimeters_max_detour = 0
; bed_custom_model = 
; bed_custom_texture = 
; bed_shape = 0x0,500x0,500x500,0x500
; bed_temperature = 0,0
; bed_temperature_extruder = 0
; before_layer_gcode = 
; between_objects_gcode = 
; binary_gcode = 0
; bottom_fill_pattern = alignedrectilinear
; bottom_solid_layers = 1
; bottom_solid_min_thickness = 0
; bridge_acceleration = 0
; bridge_angle = 0
; bridge_fan_speed = 100,100
; bridge_flow_ratio = 1
; bridge_speed = 10
; brim_separation = 0
; brim_type = outer_only
; brim_width = 5
; chamber_minimal_temperature = 0,0
; chamber_temperature = 0,0
; color_change_gcode = M600
; colorprint_heights = 
; complete_objects = 0
; cooling = 1,1
; cooling_perimeter_transition_distance = 0,0
; cooling_slowdown_logic = uniform_cooling,uniform_cooling
; cooling_tube_length = 5
; cooling_tube_retraction = 91.5
; custom_parameters_filament = ;
; custom_parameters_print = 
; custom_parameters_printer = 
; default_acceleration = 0
; default_filament_profile = 
; default_print_profile = 
; deretract_speed = 30,30
; disable_fan_first_layers = 3,3
; dont_support_bridges = 1
; draft_shield = disabled
; duplicate_distance = 6
; elefant_foot_compensation = 0
; enable_dynamic_fan_speeds = 0,0
; enable_dynamic_overhang_speeds = 0
; end_filament_gcode = "; Filament-specific end gcode \n;END gcode for filament\n";"; Filament-specific end gcode \n;END gcode for filament\n"
; end_gcode = M104 S0 ; turn off temperature\nG28 X0  ; home X axis\nM84     ; disable motors\n
; ensure_vertical_shell_thickness = enabled
; external_perimeter_acceleration = 0
; external_perimeter_extrusion_width = 0
; external_perimeter_speed = 10
; external_perimeters_first = 0
; extra_loading_move = -2
; extra_perimeters = 1
; extra_perimeters_on_overhangs = 0
; extruder_clearance_height = 20
; extruder_clearance_radius = 20
; extruder_colour = #000000;#F0F0F0
; extruder_offset = 0x0,0x0
; extrusion_axis = E
; extrusion_multiplier = 1,1
; extrusion_width = 0
; fan_always_on = 0,0
; fan_below_layer_time = 60,60
; filament_abrasive = 0,0
; filament_colour = #29B2B2;#29B2B2
; filament_cooling_final_speed = 3.4,3.4
; filament_cooling_initial_speed = 2.2,2.2
; filament_cooling_moves = 4,4
; filament_cost = 0,0
; filament_density = 0,0
; filament_deretract_speed = nil,nil
; filament_diameter = 2.85,2.85
; filament_infill_max_crossing_speed = 0,0
; filament_infill_max_speed = 0,0
; filament_load_time = 0,0
; filament_loading_speed = 10,10
; filament_loading_speed_start = 10,10
; filament_max_volumetric_speed = 0,0
; filament_minimal_purge_on_wipe_tower = 15,15
; filament_multitool_ramming = 0,0
; filament_multitool_ramming_flow = 10,10
; filament_multitool_ramming_volume = 10,10
; filament_notes = ;
; filament_purge_multiplier = 100%,100%
; filament_ramming_parameters = "120 100 6.6 6.8 7.2 7.6 7.9 8.2 8.7 9.4 9.9 10.0| 0.05 6.6 0.45 6.8 0.95 7.8 1.45 8.3 1.95 9.7 2.45 10 2.95 7.6 3.45 7.6 3.95 7.6 4.45 7.6 4.95 7.6";"120 100 6.6 6.8 7.2 7.6 7.9 8.2 8.7 9.4 9.9 10.0| 0.05 6.6 0.45 6.8 0.95 7.8 1.45 8.3 1.95 9.7 2.45 10 2.95 7.6 3.45 7.6 3.95 7.6 4.45 7.6 4.95 7.6"
; filament_retract_before_travel = nil,nil
; filament_retract_before_wipe = nil,nil
; filament_retract_layer_change = nil,nil
; filament_retract_length = nil,nil
; filament_retract_length_toolchange = nil,nil
; filament_retract_lift = nil,nil
; filament_retract_lift_above = nil,nil
; filament_retract_lift_below = nil,nil
; filament_retract_restart_extra = nil,nil
; filament_retract_restart_extra_toolchange = nil,nil
; filament_retract_speed = nil,nil
; filament_seam_gap_distance = nil,nil
; filament_settings_id = ABS-2.85MM;ABS-2.85MM
; filament_shrinkage_compensation_xy = 0%,0%
; filament_shrinkage_compensation_z = 0%,0%
; filament_soluble = 0,0
; filament_spool_weight = 0,0
; filament_stamping_distance = 0,0
; filament_stamping_loading_speed = 20,20
; filament_toolchange_delay = 0,0
; filament_travel_lift_before_obstacle = nil,nil
; filament_travel_max_lift = nil,nil
; filament_travel_ramping_lift = nil,nil
; filament_travel_slope = nil,nil
; filament_type = ABS;ABS
; filament_unload_time = 0,0
; filament_unloading_speed = 10,10
; filament_unloading_speed_start = 10,10
; filament_vendor = (Unknown)
; filament_wipe = nil,nil
; fill_angle = 45
; fill_density = 20%
; fill_pattern = rectilinear
; first_layer_acceleration = 0
; first_layer_acceleration_over_raft = 0
; first_layer_bed_temperature = 0,0
; first_layer_extrusion_width = 0
; first_layer_height = 0.5
; first_layer_infill_speed = 0
; first_layer_speed = 10
; first_layer_speed_over_raft = 10
; first_layer_temperature = 250,250
; full_fan_speed_layer = 0,0
; fuzzy_skin = none
; fuzzy_skin_point_dist = 0.8
; fuzzy_skin_thickness = 0.3
; gap_fill_enabled = 0
; gap_fill_speed = 10
; gcode_comments = 0
; gcode_flavor = marlin
; gcode_label_objects = disabled
; gcode_resolution = 0.0125
; gcode_substitutions = 
; high_current_on_filament_swap = 0
; host_type = prusalink
; idle_temperature = nil,nil
; infill_acceleration = 0
; infill_anchor = 600%
; infill_anchor_max = 50
; infill_every_layers = 1
; infill_extruder = 2
; infill_extrusion_width = 0
; infill_first = 0
; infill_overlap = 25%
; infill_speed = 10
; interface_shells = 0
; interlocking_beam = 0
; interlocking_beam_layer_count = 2
; interlocking_beam_width = 0.8
; interlocking_boundary_avoidance = 2
; interlocking_depth = 2
; interlocking_orientation = 22.5
; ironing = 0
; ironing_flowrate = 15%
; ironing_spacing = 0.1
; ironing_speed = 10
; ironing_type = top
; layer_gcode = 
; layer_height = 0.5
; machine_limits_usage = time_estimate_only
; machine_max_acceleration_e = 10000,5000
; machine_max_acceleration_extruding = 1500,1250
; machine_max_acceleration_retracting = 1500,1250
; machine_max_acceleration_travel = 1500,1250
; machine_max_acceleration_x = 9000,1000
; machine_max_acceleration_y = 9000,1000
; machine_max_acceleration_z = 500,200
; machine_max_feedrate_e = 120,120
; machine_max_feedrate_x = 500,200
; machine_max_feedrate_y = 500,200
; machine_max_feedrate_z = 12,12
; machine_max_jerk_e = 2.5,2.5
; machine_max_jerk_x = 10,10
; machine_max_jerk_y = 10,10
; machine_max_jerk_z = 0.2,0.4
; machine_max_junction_deviation = 0,0
; machine_min_extruding_rate = 0,0
; machine_min_travel_rate = 0,0
; max_fan_speed = 100,100
; max_layer_height = 0,0
; max_print_height = 200
; max_print_speed = 10
; max_volumetric_extrusion_rate_slope_negative = 0
; max_volumetric_extrusion_rate_slope_positive = 0
; max_volumetric_speed = 0
; min_bead_width = 85%
; min_fan_speed = 35,35
; min_feature_size = 25%
; min_layer_height = 0.07,0.07
; min_print_speed = 10,10
; min_skirt_length = 0
; mmu_segmented_region_interlocking_depth = 0
; mmu_segmented_region_max_width = 0
; multimaterial_purging = 140
; notes = 
; nozzle_diameter = 2,2
; nozzle_high_flow = 0,0
; only_one_perimeter_first_layer = 0
; only_retract_when_crossing_perimeters = 0
; ooze_prevention = 0
; output_filename_format = [input_filename_base].gcode
; over_bridge_speed = 0
; overhang_fan_speed_0 = 0,0
; overhang_fan_speed_1 = 0,0
; overhang_fan_speed_2 = 0,0
; overhang_fan_speed_3 = 0,0
; overhang_speed_0 = 10
; overhang_speed_1 = 10
; overhang_speed_2 = 10
; overhang_speed_3 = 10
; overhangs = 1
; parking_pos_retraction = 92
; pause_print_gcode = M601
; perimeter_acceleration = 0
; perimeter_extruder = 2
; perimeter_extrusion_width = 0
; perimeter_generator = classic
; perimeter_speed = 10
; perimeters = 3
; physical_printer_settings_id = 
; post_process = 
; prefer_clockwise_movements = 0
; print_settings_id = KUKA_3D_PRINTER_latest
; printer_model = 
; printer_notes = 
; printer_settings_id = KUKA
; printer_technology = FFF
; printer_variant = 
; printer_vendor = 
; raft_contact_distance = 0.1
; raft_expansion = 1.5
; raft_first_layer_density = 90%
; raft_first_layer_expansion = 3
; raft_layers = 0
; remaining_times = 0
; resolution = 0
; retract_before_travel = 2,2
; retract_before_wipe = 0%,0%
; retract_layer_change = 0,0
; retract_length = 15,15
; retract_length_toolchange = 10,10
; retract_lift = 0,0
; retract_lift_above = 0,0
; retract_lift_below = 0,0
; retract_restart_extra = 1,1
; retract_restart_extra_toolchange = 0,0
; retract_speed = 80,80
; scarf_seam_entire_loop = 0
; scarf_seam_length = 20
; scarf_seam_max_segment_length = 1
; scarf_seam_on_inner_perimeters = 0
; scarf_seam_only_on_smooth = 1
; scarf_seam_placement = nowhere
; scarf_seam_start_height = 0%
; seam_gap_distance = 15%
; seam_position = nearest
; silent_mode = 1
; single_extruder_multi_material = 0
; single_extruder_multi_material_priming = 1
; skirt_distance = 6
; skirt_height = 1
; skirts = 2
; slice_closing_radius = 0.049
; slicing_mode = regular
; slowdown_below_layer_time = 5,5
; small_perimeter_speed = 10
; solid_infill_acceleration = 0
; solid_infill_below_area = 70
; solid_infill_every_layers = 0
; solid_infill_extruder = 2
; solid_infill_extrusion_width = 0
; solid_infill_speed = 10
; spiral_vase = 0
; staggered_inner_seams = 0
; standby_temperature_delta = -5
; start_filament_gcode = "; Filament gcode\n";"; Filament gcode\n"
; start_gcode = G28 ; home all axes\nG1 Z5 F5000 ; lift nozzle\n
; support_material = 0
; support_material_angle = 0
; support_material_auto = 1
; support_material_bottom_contact_distance = 0
; support_material_bottom_interface_layers = -1
; support_material_buildplate_only = 0
; support_material_closing_radius = 2
; support_material_contact_distance = 0.2
; support_material_enforce_layers = 0
; support_material_extruder = 2
; support_material_extrusion_width = 0
; support_material_interface_contact_loops = 0
; support_material_interface_extruder = 2
; support_material_interface_layers = 3
; support_material_interface_pattern = rectilinear
; support_material_interface_spacing = 0
; support_material_interface_speed = 10
; support_material_pattern = rectilinear
; support_material_spacing = 2.5
; support_material_speed = 10
; support_material_style = grid
; support_material_synchronize_layers = 0
; support_material_threshold = 0
; support_material_with_sheath = 1
; support_material_xy_spacing = 50%
; support_tree_angle = 40
; support_tree_angle_slow = 25
; support_tree_branch_diameter = 2
; support_tree_branch_diameter_angle = 5
; support_tree_branch_diameter_double_wall = 3
; support_tree_branch_distance = 1
; support_tree_tip_diameter = 0.8
; support_tree_top_rate = 15%
; temperature = 250,250
; template_custom_gcode = 
; thick_bridges = 1
; thin_walls = 0
; thumbnails = 
; thumbnails_format = PNG
; toolchange_gcode = 
; top_fill_pattern = alignedrectilinear
; top_infill_extrusion_width = 0
; top_one_perimeter_type = none
; top_solid_infill_acceleration = 0
; top_solid_infill_speed = 10
; top_solid_layers = 1
; top_solid_min_thickness = 0
; travel_acceleration = 0
; travel_lift_before_obstacle = 0,0
; travel_max_lift = 0,0
; travel_ramping_lift = 0,0
; travel_short_distance_acceleration = 0
; travel_slope = 0,0
; travel_speed = 10
; travel_speed_z = 0
; use_firmware_retraction = 0
; use_relative_e_distances = 0
; use_volumetric_e = 0
; variable_layer_height = 1
; wall_distribution_count = 3
; wall_transition_angle = 10
; wall_transition_filter_deviation = 25%
; wall_transition_length = 100%
; wipe = 0,0
; wipe_into_infill = 0
; wipe_into_objects = 0
; wipe_tower = 0
; wipe_tower_acceleration = 0
; wipe_tower_bridging = 10
; wipe_tower_brim_width = 2
; wipe_tower_cone_angle = 0
; wipe_tower_extra_flow = 100%
; wipe_tower_extra_spacing = 100%
; wipe_tower_extruder = 0
; wipe_tower_no_sparse_layers = 0
; wipe_tower_width = 60
; wiping_volumes_matrix = 0,140,140,0
; wiping_volumes_use_custom_matrix = 0
; xy_size_compensation = 0
; z_offset = 0
; prusaslicer_config = end
